playlist_id,playlist_title,video_id
PLnNotX5RheZh4wmHBwGvbAkJRfErHyrrW,Annyeong LAFC,L6LQMoH8s5E
PLnNotX5RheZh4wmHBwGvbAkJRfErHyrrW,Annyeong LAFC,eichz2vLCcQ
PLnNotX5RheZh4wmHBwGvbAkJRfErHyrrW,Annyeong LAFC,G_dRVy4vpsw
PLnNotX5RheZh4wmHBwGvbAkJRfErHyrrW,Annyeong LAFC,KIIiawzPkxQ
PLnNotX5RheZh4wmHBwGvbAkJRfErHyrrW,Annyeong LAFC,MegOvLl7bqk
PLnNotX5RheZh4wmHBwGvbAkJRfErHyrrW,Annyeong LAFC,m6CwJa6eDNY
PLnNotX5RheZh4wmHBwGvbAkJRfErHyrrW,Annyeong LAFC,q0sml3jAHvA
PLnNotX5RheZh4wmHBwGvbAkJRfErHyrrW,Annyeong LAFC,V81TB8IUtKE
PLnNotX5RheZh4wmHBwGvbAkJRfErHyrrW,Annyeong LAFC,rB3nWyktEus
PLnNotX5RheZh4wmHBwGvbAkJRfErHyrrW,Annyeong LAFC,l3cI9fKCIw8
PLnNotX5RheZh4wmHBwGvbAkJRfErHyrrW,Annyeong LAFC,DbS2I3MxR_8
PLnNotX5RheZh4wmHBwGvbAkJRfErHyrrW,Annyeong LAFC,vutvcsG2hAs
PLnNotX5RheZh4wmHBwGvbAkJRfErHyrrW,Annyeong LAFC,6wtedDfE-jA
PLnNotX5RheZh4wmHBwGvbAkJRfErHyrrW,Annyeong LAFC,sUdDxZfVVgA
PLnNotX5RheZh4wmHBwGvbAkJRfErHyrrW,Annyeong LAFC,7bgMF8fdseY
PLnNotX5RheZh4wmHBwGvbAkJRfErHyrrW,Annyeong LAFC,oboB_ozwpDA
PLnNotX5RheZjSscQY1tTzf_ugBj6arubg,The Son Spotlight,p6WUnoN6i24
PLnNotX5RheZjSscQY1tTzf_ugBj6arubg,The Son Spotlight,5pdP_42dKsI
PLnNotX5RheZjSscQY1tTzf_ugBj6arubg,The Son Spotlight,K3Qe9OVHAaM
PLnNotX5RheZjSscQY1tTzf_ugBj6arubg,The Son Spotlight,a7noOeXpooE
PLnNotX5RheZjSscQY1tTzf_ugBj6arubg,The Son Spotlight,W9LbHn4Hfyc
PLnNotX5RheZjSscQY1tTzf_ugBj6arubg,The Son Spotlight,WVuez8fe1AI
PLnNotX5RheZjSscQY1tTzf_ugBj6arubg,The Son Spotlight,dk5FTY2zHEI
PLnNotX5RheZjSscQY1tTzf_ugBj6arubg,The Son Spotlight,dk5FTY2zHEI
PLnNotX5RheZjSscQY1tTzf_ugBj6arubg,The Son Spotlight,cDLI5upew6Q
PLnNotX5RheZjSscQY1tTzf_ugBj6arubg,The Son Spotlight,_nr_yfJn3sg
PLnNotX5RheZjSscQY1tTzf_ugBj6arubg,The Son Spotlight,kO9KYn2gPTU
PLnNotX5RheZjSscQY1tTzf_ugBj6arubg,The Son Spotlight,RYe9qehNw44
PLnNotX5RheZjSscQY1tTzf_ugBj6arubg,The Son Spotlight,avc2TcPIjhs
PLnNotX5RheZjSscQY1tTzf_ugBj6arubg,The Son Spotlight,IP5SA1ibfrc
PLnNotX5RheZjSscQY1tTzf_ugBj6arubg,The Son Spotlight,_M9besGUO_Y
PLnNotX5RheZjSscQY1tTzf_ugBj6arubg,The Son Spotlight,9egEgn9dwq8
PLnNotX5RheZjSscQY1tTzf_ugBj6arubg,The Son Spotlight,t6Tkxjv1OPg
PLnNotX5RheZjSscQY1tTzf_ugBj6arubg,The Son Spotlight,ID_BC_q3jAo
PLnNotX5RheZjSscQY1tTzf_ugBj6arubg,The Son Spotlight,LF3EwcRl6GI
PLnNotX5RheZjSscQY1tTzf_ugBj6arubg,The Son Spotlight,TjiJa5Ft5c4
PLnNotX5RheZjSscQY1tTzf_ugBj6arubg,The Son Spotlight,UruPLTiCYfc
PLnNotX5RheZjSscQY1tTzf_ugBj6arubg,The Son Spotlight,6nckv-lQ6MA
PLnNotX5RheZjSscQY1tTzf_ugBj6arubg,The Son Spotlight,fk3kgykr5oU
PLnNotX5RheZjSscQY1tTzf_ugBj6arubg,The Son Spotlight,Z0NtQwHj1Js
PLnNotX5RheZjSscQY1tTzf_ugBj6arubg,The Son Spotlight,DMmTLbkcrY0
PLnNotX5RheZjSscQY1tTzf_ugBj6arubg,The Son Spotlight,ALbxRrSUC0o
PLnNotX5RheZjSscQY1tTzf_ugBj6arubg,The Son Spotlight,ot5nQVbW8Kc
PLnNotX5RheZjSscQY1tTzf_ugBj6arubg,The Son Spotlight,RXIhgWizSQ0
PLnNotX5RheZjSscQY1tTzf_ugBj6arubg,The Son Spotlight,UD1nw6uikSY
PLnNotX5RheZjSscQY1tTzf_ugBj6arubg,The Son Spotlight,4Nv8sNaYcbY
PLnNotX5RheZjSscQY1tTzf_ugBj6arubg,The Son Spotlight,7Vc67P9fxmA
PLnNotX5RheZjSscQY1tTzf_ugBj6arubg,The Son Spotlight,5nfrprCeLtk
PLnNotX5RheZjSscQY1tTzf_ugBj6arubg,The Son Spotlight,pfz2Eil_h7g
PLnNotX5RheZjSscQY1tTzf_ugBj6arubg,The Son Spotlight,k90apZnDtzo
PLnNotX5RheZjSscQY1tTzf_ugBj6arubg,The Son Spotlight,qNHpSx11cZk
PLnNotX5RheZjSscQY1tTzf_ugBj6arubg,The Son Spotlight,9LPaS2k8nr0
PLnNotX5RheZjSscQY1tTzf_ugBj6arubg,The Son Spotlight,bl_VS4BHP-A
PLnNotX5RheZjSscQY1tTzf_ugBj6arubg,The Son Spotlight,iy_qRd45cCI
PLnNotX5RheZjSscQY1tTzf_ugBj6arubg,The Son Spotlight,PcYlx-clSO0
PLnNotX5RheZjSscQY1tTzf_ugBj6arubg,The Son Spotlight,rB3kIgRATGs
PLnNotX5RheZjSscQY1tTzf_ugBj6arubg,The Son Spotlight,2-Y3SU2aasQ
PLnNotX5RheZjSscQY1tTzf_ugBj6arubg,The Son Spotlight,8KKmNV_Gdsg
PLnNotX5RheZjSscQY1tTzf_ugBj6arubg,The Son Spotlight,kyA7YQH35Ag
PLnNotX5RheZjSscQY1tTzf_ugBj6arubg,The Son Spotlight,6DZBkenuMIo
PLnNotX5RheZjSscQY1tTzf_ugBj6arubg,The Son Spotlight,D3Z5GQ-vs9U
PLnNotX5RheZjSscQY1tTzf_ugBj6arubg,The Son Spotlight,vWA_uiOb5So
PLnNotX5RheZjSscQY1tTzf_ugBj6arubg,The Son Spotlight,lZ1Vfi8j0Uc
PLnNotX5RheZjSscQY1tTzf_ugBj6arubg,The Son Spotlight,Hor1K1zurv0
PLnNotX5RheZjSscQY1tTzf_ugBj6arubg,The Son Spotlight,zkWlFiTxFPo
PLnNotX5RheZjSscQY1tTzf_ugBj6arubg,The Son Spotlight,MZYUiW4Vrgw
PLnNotX5RheZjSscQY1tTzf_ugBj6arubg,The Son Spotlight,BwuHnTQZbB0
PLnNotX5RheZjSscQY1tTzf_ugBj6arubg,The Son Spotlight,rDxvFUUMZ4c
PLnNotX5RheZjSscQY1tTzf_ugBj6arubg,The Son Spotlight,le1mvSW_38E
PLnNotX5RheZjSscQY1tTzf_ugBj6arubg,The Son Spotlight,x0zbGw5NHOQ
PLnNotX5RheZjSscQY1tTzf_ugBj6arubg,The Son Spotlight,hrZgc6KMM18
PLnNotX5RheZjSscQY1tTzf_ugBj6arubg,The Son Spotlight,0YcomGjr_PU
PLnNotX5RheZjSscQY1tTzf_ugBj6arubg,The Son Spotlight,XfJquScLRj4
PLnNotX5RheZjSscQY1tTzf_ugBj6arubg,The Son Spotlight,oKnDPdQdecc
PLnNotX5RheZjSscQY1tTzf_ugBj6arubg,The Son Spotlight,Wpgmi62ut_k
PLnNotX5RheZjSscQY1tTzf_ugBj6arubg,The Son Spotlight,61FDZ0m31yk
PLnNotX5RheZjSscQY1tTzf_ugBj6arubg,The Son Spotlight,iPZ6TvBR3-w
PLnNotX5RheZjSscQY1tTzf_ugBj6arubg,The Son Spotlight,4ZnIH5ZuNIE
PLnNotX5RheZjSscQY1tTzf_ugBj6arubg,The Son Spotlight,uUKE5_Lb2Iw
PLnNotX5RheZjSscQY1tTzf_ugBj6arubg,The Son Spotlight,wZlwe8EafgU
PLnNotX5RheZjSscQY1tTzf_ugBj6arubg,The Son Spotlight,XEyu12pc8nk
PLnNotX5RheZjSscQY1tTzf_ugBj6arubg,The Son Spotlight,tG9FlRYqboo
PLnNotX5RheZjSscQY1tTzf_ugBj6arubg,The Son Spotlight,ndwzzn6Y1hc
PLnNotX5RheZjSscQY1tTzf_ugBj6arubg,The Son Spotlight,aSxNJRc93aQ
PLnNotX5RheZjSscQY1tTzf_ugBj6arubg,The Son Spotlight,QKn62QWyjwA
PLnNotX5RheZjSscQY1tTzf_ugBj6arubg,The Son Spotlight,GNJ3CsddmAM
PLnNotX5RheZjSscQY1tTzf_ugBj6arubg,The Son Spotlight,y9PhGScNcuA
PLnNotX5RheZjSscQY1tTzf_ugBj6arubg,The Son Spotlight,54uYp3aI-Ys
PLnNotX5RheZjSscQY1tTzf_ugBj6arubg,The Son Spotlight,RqbJtvE8hbg
PLnNotX5RheZjSscQY1tTzf_ugBj6arubg,The Son Spotlight,BaSKJrb1E14
PLnNotX5RheZhqZ_9MDV8mV4S-FQII8AKe,Black & Gold Insider,TzlUyqfRcho
PLnNotX5RheZhqZ_9MDV8mV4S-FQII8AKe,Black & Gold Insider,K2tUK3nsads
PLnNotX5RheZhqZ_9MDV8mV4S-FQII8AKe,Black & Gold Insider,I-UY5_HV6F0
PLnNotX5RheZhqZ_9MDV8mV4S-FQII8AKe,Black & Gold Insider,jRB1koGZfzM
PLnNotX5RheZhqZ_9MDV8mV4S-FQII8AKe,Black & Gold Insider,goP7xTGcwTU
PLnNotX5RheZhqZ_9MDV8mV4S-FQII8AKe,Black & Gold Insider,-XPHnxW9EWE
PLnNotX5RheZhqZ_9MDV8mV4S-FQII8AKe,Black & Gold Insider,55HnZGyVK3E
PLnNotX5RheZhqZ_9MDV8mV4S-FQII8AKe,Black & Gold Insider,HAcQENQUX-w
PLnNotX5RheZhqZ_9MDV8mV4S-FQII8AKe,Black & Gold Insider,r56nOL3xxOQ
PLnNotX5RheZhqZ_9MDV8mV4S-FQII8AKe,Black & Gold Insider,y0rMebdbH18
PLnNotX5RheZhqZ_9MDV8mV4S-FQII8AKe,Black & Gold Insider,SeVukLtjMsQ
PLnNotX5RheZhqZ_9MDV8mV4S-FQII8AKe,Black & Gold Insider,a7yRRQ5m-Ik
PLnNotX5RheZhqZ_9MDV8mV4S-FQII8AKe,Black & Gold Insider,vhWrH7zdMv0
PLnNotX5RheZhqZ_9MDV8mV4S-FQII8AKe,Black & Gold Insider,YMc2DfWEd68
PLnNotX5RheZhqZ_9MDV8mV4S-FQII8AKe,Black & Gold Insider,e89qh6XgbYk
PLnNotX5RheZhqZ_9MDV8mV4S-FQII8AKe,Black & Gold Insider,Uu7Rz1ikzBg
PLnNotX5RheZhqZ_9MDV8mV4S-FQII8AKe,Black & Gold Insider,DktVNNepQkw
PLnNotX5RheZhqZ_9MDV8mV4S-FQII8AKe,Black & Gold Insider,-nVT-u6KYbQ
PLnNotX5RheZhqZ_9MDV8mV4S-FQII8AKe,Black & Gold Insider,idMfY2ziJZI
PLnNotX5RheZhqZ_9MDV8mV4S-FQII8AKe,Black & Gold Insider,AsphKRh3exc
PLnNotX5RheZhqZ_9MDV8mV4S-FQII8AKe,Black & Gold Insider,OXw2hIWxhmw
PLnNotX5RheZhqZ_9MDV8mV4S-FQII8AKe,Black & Gold Insider,El2Ozle_Cns
PLnNotX5RheZhqZ_9MDV8mV4S-FQII8AKe,Black & Gold Insider,d3XArV42a0A
PLnNotX5RheZhqZ_9MDV8mV4S-FQII8AKe,Black & Gold Insider,OIWcqkxZDCQ
PLnNotX5RheZhqZ_9MDV8mV4S-FQII8AKe,Black & Gold Insider,WG1tJNCEgxE
PLnNotX5RheZhqZ_9MDV8mV4S-FQII8AKe,Black & Gold Insider,qvP73ktaKRY
PLnNotX5RheZhqZ_9MDV8mV4S-FQII8AKe,Black & Gold Insider,YukFJV7ckLU
PLnNotX5RheZhqZ_9MDV8mV4S-FQII8AKe,Black & Gold Insider,Lsh-i890PCY
PLnNotX5RheZhqZ_9MDV8mV4S-FQII8AKe,Black & Gold Insider,s9IyQgBIaZw
PLnNotX5RheZhqZ_9MDV8mV4S-FQII8AKe,Black & Gold Insider,eIoss5wiCc0
PLnNotX5RheZhqZ_9MDV8mV4S-FQII8AKe,Black & Gold Insider,Y1BWHmZ4OZw
PLnNotX5RheZhqZ_9MDV8mV4S-FQII8AKe,Black & Gold Insider,jK_DeB8eCgI
PLnNotX5RheZhqZ_9MDV8mV4S-FQII8AKe,Black & Gold Insider,_Azdzhmurvk
PLnNotX5RheZhqZ_9MDV8mV4S-FQII8AKe,Black & Gold Insider,cYJW-1dU_CU
PLnNotX5RheZhqZ_9MDV8mV4S-FQII8AKe,Black & Gold Insider,uXtgGbHsYaA
PLnNotX5RheZhqZ_9MDV8mV4S-FQII8AKe,Black & Gold Insider,UkdkybHIGxw
PLnNotX5RheZhqZ_9MDV8mV4S-FQII8AKe,Black & Gold Insider,pJOoWgkyVeg
PLnNotX5RheZhqZ_9MDV8mV4S-FQII8AKe,Black & Gold Insider,vHN9u3JnNRI
PLnNotX5RheZhqZ_9MDV8mV4S-FQII8AKe,Black & Gold Insider,wpLAZkymm1g
PLnNotX5RheZhqZ_9MDV8mV4S-FQII8AKe,Black & Gold Insider,Tf2XcSZiVXc
PLnNotX5RheZhqZ_9MDV8mV4S-FQII8AKe,Black & Gold Insider,QMpqt4OvvBo
PLnNotX5RheZhqZ_9MDV8mV4S-FQII8AKe,Black & Gold Insider,4VYWWQc08wM
PLnNotX5RheZhqZ_9MDV8mV4S-FQII8AKe,Black & Gold Insider,zQUOJJCs8rc
PLnNotX5RheZhqZ_9MDV8mV4S-FQII8AKe,Black & Gold Insider,YCOb0zV-ZYY
PLnNotX5RheZhqZ_9MDV8mV4S-FQII8AKe,Black & Gold Insider,QSwwheOstFw
PLnNotX5RheZhqZ_9MDV8mV4S-FQII8AKe,Black & Gold Insider,U37M_tHN2gw
PLnNotX5RheZhqZ_9MDV8mV4S-FQII8AKe,Black & Gold Insider,YsubEsG-jYs
PLnNotX5RheZhqZ_9MDV8mV4S-FQII8AKe,Black & Gold Insider,ZRrRYbIXcn4
PLnNotX5RheZhqZ_9MDV8mV4S-FQII8AKe,Black & Gold Insider,0DtJ2wMCDnA
PLnNotX5RheZhqZ_9MDV8mV4S-FQII8AKe,Black & Gold Insider,gBpk2On85_g
PLnNotX5RheZhqZ_9MDV8mV4S-FQII8AKe,Black & Gold Insider,SDJSBWrWPeU
PLnNotX5RheZhqZ_9MDV8mV4S-FQII8AKe,Black & Gold Insider,6mDLMtpcEyI
PLnNotX5RheZhqZ_9MDV8mV4S-FQII8AKe,Black & Gold Insider,cgLLtsaLNO4
PLnNotX5RheZhqZ_9MDV8mV4S-FQII8AKe,Black & Gold Insider,Fb812iydcfc
PLnNotX5RheZhqZ_9MDV8mV4S-FQII8AKe,Black & Gold Insider,0Sy3bTUk3yo
PLnNotX5RheZhqZ_9MDV8mV4S-FQII8AKe,Black & Gold Insider,fRZchL94BsM
PLnNotX5RheZhqZ_9MDV8mV4S-FQII8AKe,Black & Gold Insider,DIecXhZZdw0
PLnNotX5RheZhqZ_9MDV8mV4S-FQII8AKe,Black & Gold Insider,VSA7jcCPvA8
PLnNotX5RheZhqZ_9MDV8mV4S-FQII8AKe,Black & Gold Insider,pxcO7olngZg
PLnNotX5RheZhqZ_9MDV8mV4S-FQII8AKe,Black & Gold Insider,sHZWmpAa-dY
PLnNotX5RheZiJEQSDMwAs2BreZ2ymtyeu,The Vela Vault,R_mcDKiPUQA
PLnNotX5RheZiJEQSDMwAs2BreZ2ymtyeu,The Vela Vault,2lXp-1yFbJE
PLnNotX5RheZiJEQSDMwAs2BreZ2ymtyeu,The Vela Vault,hfLfy7RiB5w
PLnNotX5RheZiJEQSDMwAs2BreZ2ymtyeu,The Vela Vault,4hsi-9BB8rM
PLnNotX5RheZiJEQSDMwAs2BreZ2ymtyeu,The Vela Vault,Ff4Kw_SRhV0
PLnNotX5RheZiJEQSDMwAs2BreZ2ymtyeu,The Vela Vault,EblxIKNLpWE
PLnNotX5RheZiJEQSDMwAs2BreZ2ymtyeu,The Vela Vault,jRbRpzknAqA
PLnNotX5RheZiJEQSDMwAs2BreZ2ymtyeu,The Vela Vault,n0o9j3Nzuk4
PLnNotX5RheZiJEQSDMwAs2BreZ2ymtyeu,The Vela Vault,vwVEBrm272M
PLnNotX5RheZiJEQSDMwAs2BreZ2ymtyeu,The Vela Vault,w6UoSWIBDlA
PLnNotX5RheZiJEQSDMwAs2BreZ2ymtyeu,The Vela Vault,DzsHuJx_m34
PLnNotX5RheZiJEQSDMwAs2BreZ2ymtyeu,The Vela Vault,WwRJicOmgac
PLnNotX5RheZiJEQSDMwAs2BreZ2ymtyeu,The Vela Vault,-5XGajg2jmU
PLnNotX5RheZiJEQSDMwAs2BreZ2ymtyeu,The Vela Vault,iIGnhOqKRFs
PLnNotX5RheZiJEQSDMwAs2BreZ2ymtyeu,The Vela Vault,osqtnt98Z90
PLnNotX5RheZiJEQSDMwAs2BreZ2ymtyeu,The Vela Vault,wYwmVhhIzMg
PLnNotX5RheZiJEQSDMwAs2BreZ2ymtyeu,The Vela Vault,c8tKSLZYC3w
PLnNotX5RheZiJEQSDMwAs2BreZ2ymtyeu,The Vela Vault,AuJB41iq4uk
PLnNotX5RheZiJEQSDMwAs2BreZ2ymtyeu,The Vela Vault,1JzOm9lvzlc
PLnNotX5RheZiJEQSDMwAs2BreZ2ymtyeu,The Vela Vault,QAKej7i4noc
PLnNotX5RheZiJEQSDMwAs2BreZ2ymtyeu,The Vela Vault,bUCSg-3I7uA
PLnNotX5RheZiJEQSDMwAs2BreZ2ymtyeu,The Vela Vault,pSj-tWWY2ik
PLnNotX5RheZiJEQSDMwAs2BreZ2ymtyeu,The Vela Vault,C9ST9T0X-Ec
PLnNotX5RheZiJEQSDMwAs2BreZ2ymtyeu,The Vela Vault,bpS_V2KZfm8
PLnNotX5RheZiJEQSDMwAs2BreZ2ymtyeu,The Vela Vault,huc05WG2Sh8
PLnNotX5RheZiJEQSDMwAs2BreZ2ymtyeu,The Vela Vault,2k0IfqHRSG0
PLnNotX5RheZiJEQSDMwAs2BreZ2ymtyeu,The Vela Vault,UoA_3PAy_8g
PLnNotX5RheZiZGlnfam05pUNrvB_vQDKD,LAFC's MLS All-Stars,xvJOa0MZg_A
PLnNotX5RheZiZeXTJECsf9sunPbALEem4,Match Previews,tFIZFwFOL7k
PLnNotX5RheZiZeXTJECsf9sunPbALEem4,Match Previews,S8CS40ciFcM
PLnNotX5RheZiZeXTJECsf9sunPbALEem4,Match Previews,z9DX8vgK0DU
PLnNotX5RheZiZeXTJECsf9sunPbALEem4,Match Previews,F8JHJKlrXdo
PLnNotX5RheZiZeXTJECsf9sunPbALEem4,Match Previews,vavZCdeLDaI
PLnNotX5RheZiZeXTJECsf9sunPbALEem4,Match Previews,uvrJJ2m_nq0
PLnNotX5RheZiZeXTJECsf9sunPbALEem4,Match Previews,0tQZu3IRZjA
PLnNotX5RheZiZeXTJECsf9sunPbALEem4,Match Previews,qHHb-KtzmAQ
PLnNotX5RheZiZeXTJECsf9sunPbALEem4,Match Previews,lsNX3c9sOzg
PLnNotX5RheZiZeXTJECsf9sunPbALEem4,Match Previews,DD_1pI0fQYQ
PLnNotX5RheZiZeXTJECsf9sunPbALEem4,Match Previews,8O3J6eJbRiI
PLnNotX5RheZiZeXTJECsf9sunPbALEem4,Match Previews,7D0SVHFSKXc
PLnNotX5RheZiZeXTJECsf9sunPbALEem4,Match Previews,2dZs7UGxtBs
PLnNotX5RheZiZeXTJECsf9sunPbALEem4,Match Previews,vQYhz8eos3I
PLnNotX5RheZiZeXTJECsf9sunPbALEem4,Match Previews,5CABASSdzeU
PLnNotX5RheZiZeXTJECsf9sunPbALEem4,Match Previews,9GvnTP1UGlQ
PLnNotX5RheZiZeXTJECsf9sunPbALEem4,Match Previews,GZcKLkSLxkE
PLnNotX5RheZiZeXTJECsf9sunPbALEem4,Match Previews,yD3BvuaLo7A
PLnNotX5RheZiZeXTJECsf9sunPbALEem4,Match Previews,2byfnxNLMJ8
PLnNotX5RheZiZeXTJECsf9sunPbALEem4,Match Previews,daiUyYgZ8vA
PLnNotX5RheZiZeXTJECsf9sunPbALEem4,Match Previews,r-dbfBQukjc
PLnNotX5RheZiZeXTJECsf9sunPbALEem4,Match Previews,yEPO0f4-KBQ
PLnNotX5RheZiZeXTJECsf9sunPbALEem4,Match Previews,IkQNc64PUps
PLnNotX5RheZiZeXTJECsf9sunPbALEem4,Match Previews,4PFRorDb31M
PLnNotX5RheZiZeXTJECsf9sunPbALEem4,Match Previews,MwEIkTozKBU
PLnNotX5RheZiZeXTJECsf9sunPbALEem4,Match Previews,j8p540K-rzc
PLnNotX5RheZiZeXTJECsf9sunPbALEem4,Match Previews,orwEi1FQBTk
PLnNotX5RheZiZeXTJECsf9sunPbALEem4,Match Previews,-RSVmGsENY8
PLnNotX5RheZiZeXTJECsf9sunPbALEem4,Match Previews,nQO1Bbdxh0I
PLnNotX5RheZiZeXTJECsf9sunPbALEem4,Match Previews,D8fzyRq5uHs
PLnNotX5RheZiZeXTJECsf9sunPbALEem4,Match Previews,lwxGYzcvZkg
PLnNotX5RheZiZeXTJECsf9sunPbALEem4,Match Previews,iZu2XKB3dN8
PLnNotX5RheZiZeXTJECsf9sunPbALEem4,Match Previews,O5pFPYxikdE
PLnNotX5RheZiZeXTJECsf9sunPbALEem4,Match Previews,JsuxGmPhnIY
PLnNotX5RheZiZeXTJECsf9sunPbALEem4,Match Previews,S7C5DDUP92c
PLnNotX5RheZiZeXTJECsf9sunPbALEem4,Match Previews,p2zFEmz04G8
PLnNotX5RheZiZeXTJECsf9sunPbALEem4,Match Previews,Dbx3A9dhkn8
PLnNotX5RheZiZeXTJECsf9sunPbALEem4,Match Previews,PPpld5nc0pI
PLnNotX5RheZiZeXTJECsf9sunPbALEem4,Match Previews,_beB0W-hch0
PLnNotX5RheZiZeXTJECsf9sunPbALEem4,Match Previews,dDs1m8Gmlrs
PLnNotX5RheZiZeXTJECsf9sunPbALEem4,Match Previews,6XU4ONfewyE
PLnNotX5RheZiZeXTJECsf9sunPbALEem4,Match Previews,mAoOLCPn8aY
PLnNotX5RheZiZeXTJECsf9sunPbALEem4,Match Previews,Mk7K7YZ8-m4
PLnNotX5RheZiZeXTJECsf9sunPbALEem4,Match Previews,9FbWxCCS-W0
PLnNotX5RheZiZeXTJECsf9sunPbALEem4,Match Previews,tcD5f9GJihY
PLnNotX5RheZiZeXTJECsf9sunPbALEem4,Match Previews,kwYsLdS7NW0
PLnNotX5RheZiZeXTJECsf9sunPbALEem4,Match Previews,HfXdBZkp6Xo
PLnNotX5RheZiZeXTJECsf9sunPbALEem4,Match Previews,TaBM7Lqi828
PLnNotX5RheZiZeXTJECsf9sunPbALEem4,Match Previews,2TEdbOwanPg
PLnNotX5RheZiZeXTJECsf9sunPbALEem4,Match Previews,N5eDsMlyhUE
PLnNotX5RheZiZeXTJECsf9sunPbALEem4,Match Previews,KvJIsYt07wo
PLnNotX5RheZiZeXTJECsf9sunPbALEem4,Match Previews,6Lx3RuspDfE
PLnNotX5RheZiZeXTJECsf9sunPbALEem4,Match Previews,y1PnfOxV9CI
PLnNotX5RheZiZeXTJECsf9sunPbALEem4,Match Previews,PY7hKFAxZnE
PLnNotX5RheZiZeXTJECsf9sunPbALEem4,Match Previews,Gu_kwABF8as
PLnNotX5RheZiZeXTJECsf9sunPbALEem4,Match Previews,K930KapBc5U
PLnNotX5RheZiZeXTJECsf9sunPbALEem4,Match Previews,wGOKMiWRk_I
PLnNotX5RheZiZeXTJECsf9sunPbALEem4,Match Previews,i9SfQya8-Fw
PLnNotX5RheZiZeXTJECsf9sunPbALEem4,Match Previews,oP-QAXM_v8c
PLnNotX5RheZiZeXTJECsf9sunPbALEem4,Match Previews,uuT20gSA76Y
PLnNotX5RheZiZeXTJECsf9sunPbALEem4,Match Previews,zpUmEBs2gFg
PLnNotX5RheZiZeXTJECsf9sunPbALEem4,Match Previews,5x-f4sPqe30
PLnNotX5RheZiZeXTJECsf9sunPbALEem4,Match Previews,ayHGcmkcoJY
PLnNotX5RheZiZeXTJECsf9sunPbALEem4,Match Previews,wg2ps6mrzA8
PLnNotX5RheZiZeXTJECsf9sunPbALEem4,Match Previews,8IT-n7t8A4c
PLnNotX5RheZiZeXTJECsf9sunPbALEem4,Match Previews,jM185BzPuM0
PLnNotX5RheZiZeXTJECsf9sunPbALEem4,Match Previews,n7UtvXwyx5o
PLnNotX5RheZiZeXTJECsf9sunPbALEem4,Match Previews,CVyhFvMW2Ko
PLnNotX5RheZiZeXTJECsf9sunPbALEem4,Match Previews,tJVHZg7FvpU
PLnNotX5RheZiZeXTJECsf9sunPbALEem4,Match Previews,a6e4uX5qcyQ
PLnNotX5RheZiZeXTJECsf9sunPbALEem4,Match Previews,RBdxgiBwhjw
PLnNotX5RheZiZeXTJECsf9sunPbALEem4,Match Previews,LWW065QB_08
PLnNotX5RheZiZeXTJECsf9sunPbALEem4,Match Previews,3ldJbEqo6lo
PLnNotX5RheZiZeXTJECsf9sunPbALEem4,Match Previews,FDHDL7LCt08
PLnNotX5RheZiZeXTJECsf9sunPbALEem4,Match Previews,YzbDVvyMGCQ
PLnNotX5RheZiZeXTJECsf9sunPbALEem4,Match Previews,1iiy-9YK508
PLnNotX5RheZiZeXTJECsf9sunPbALEem4,Match Previews,tBZbKIK7Jzk
PLnNotX5RheZgkPl6JSxyomK6VcHFmIsaE,Adventures in the U.S. Open Cup,ynnkzTckmtk
PLnNotX5RheZgkPl6JSxyomK6VcHFmIsaE,Adventures in the U.S. Open Cup,GWgbem-mDMU
PLnNotX5RheZgkPl6JSxyomK6VcHFmIsaE,Adventures in the U.S. Open Cup,hzPR7Ocb744
PLnNotX5RheZgkPl6JSxyomK6VcHFmIsaE,Adventures in the U.S. Open Cup,NsafQPJB2UY
PLnNotX5RheZgkPl6JSxyomK6VcHFmIsaE,Adventures in the U.S. Open Cup,uiXA_-9Yl0E
PLnNotX5RheZgkPl6JSxyomK6VcHFmIsaE,Adventures in the U.S. Open Cup,ab4xMV0JvfM
PLnNotX5RheZgkPl6JSxyomK6VcHFmIsaE,Adventures in the U.S. Open Cup,AFbwt8j3GkE
PLnNotX5RheZgkPl6JSxyomK6VcHFmIsaE,Adventures in the U.S. Open Cup,rEhtjqVJQFQ
PLnNotX5RheZgkPl6JSxyomK6VcHFmIsaE,Adventures in the U.S. Open Cup,QBBe5Zmo8Ck
PLnNotX5RheZgkPl6JSxyomK6VcHFmIsaE,Adventures in the U.S. Open Cup,xzwZVTPJIXQ
PLnNotX5RheZgkPl6JSxyomK6VcHFmIsaE,Adventures in the U.S. Open Cup,b0POOtHlZ6Q
PLnNotX5RheZgkPl6JSxyomK6VcHFmIsaE,Adventures in the U.S. Open Cup,yhib-Iv5ZjA
PLnNotX5RheZgkPl6JSxyomK6VcHFmIsaE,Adventures in the U.S. Open Cup,SVP44pvJEBI
PLnNotX5RheZgkPl6JSxyomK6VcHFmIsaE,Adventures in the U.S. Open Cup,cXy-BBf9geY
PLnNotX5RheZgkPl6JSxyomK6VcHFmIsaE,Adventures in the U.S. Open Cup,UI4qaGsJDiU
PLnNotX5RheZgkPl6JSxyomK6VcHFmIsaE,Adventures in the U.S. Open Cup,y1PnfOxV9CI
PLnNotX5RheZgkPl6JSxyomK6VcHFmIsaE,Adventures in the U.S. Open Cup,CdoGYeXOv8k
PLnNotX5RheZgkPl6JSxyomK6VcHFmIsaE,Adventures in the U.S. Open Cup,vCckdZgXXS0
PLnNotX5RheZgkPl6JSxyomK6VcHFmIsaE,Adventures in the U.S. Open Cup,Qn623Irpmho
PLnNotX5RheZgkPl6JSxyomK6VcHFmIsaE,Adventures in the U.S. Open Cup,smZ236YXfvo
PLnNotX5RheZgkPl6JSxyomK6VcHFmIsaE,Adventures in the U.S. Open Cup,Z3ji2TaA-J4
PLnNotX5RheZgkPl6JSxyomK6VcHFmIsaE,Adventures in the U.S. Open Cup,71OHG96lrnQ
PLnNotX5RheZgkPl6JSxyomK6VcHFmIsaE,Adventures in the U.S. Open Cup,Zwu8Cfpsdic
PLnNotX5RheZgkPl6JSxyomK6VcHFmIsaE,Adventures in the U.S. Open Cup,_FORh73u5mg
PLnNotX5RheZgkPl6JSxyomK6VcHFmIsaE,Adventures in the U.S. Open Cup,06UIiM92PfI
PLnNotX5RheZgkPl6JSxyomK6VcHFmIsaE,Adventures in the U.S. Open Cup,b1kenRVnIJA
PLnNotX5RheZgkPl6JSxyomK6VcHFmIsaE,Adventures in the U.S. Open Cup,MErFjh8-VB8
PLnNotX5RheZgkPl6JSxyomK6VcHFmIsaE,Adventures in the U.S. Open Cup,tBZbKIK7Jzk
PLnNotX5RheZgkPl6JSxyomK6VcHFmIsaE,Adventures in the U.S. Open Cup,1iiy-9YK508
PLnNotX5RheZgkPl6JSxyomK6VcHFmIsaE,Adventures in the U.S. Open Cup,CzxAKj7I-kA
PLnNotX5RheZgkPl6JSxyomK6VcHFmIsaE,Adventures in the U.S. Open Cup,fAZpQVBiS2w
PLnNotX5RheZgkPl6JSxyomK6VcHFmIsaE,Adventures in the U.S. Open Cup,SnJqNxrnSiw
PLnNotX5RheZgkPl6JSxyomK6VcHFmIsaE,Adventures in the U.S. Open Cup,qRnYtwGD64o
PLnNotX5RheZgkPl6JSxyomK6VcHFmIsaE,Adventures in the U.S. Open Cup,EmwE3CAYryw
PLnNotX5RheZgkPl6JSxyomK6VcHFmIsaE,Adventures in the U.S. Open Cup,ROePaKHzXlI
PLnNotX5RheZgkPl6JSxyomK6VcHFmIsaE,Adventures in the U.S. Open Cup,3tdapOONDIU
PLnNotX5RheZgkPl6JSxyomK6VcHFmIsaE,Adventures in the U.S. Open Cup,w1A44p8aTUI
PLnNotX5RheZgkPl6JSxyomK6VcHFmIsaE,Adventures in the U.S. Open Cup,tpckFvmCo5U
PLnNotX5RheZgkPl6JSxyomK6VcHFmIsaE,Adventures in the U.S. Open Cup,PBWvS8Fhp48
PLnNotX5RheZgkPl6JSxyomK6VcHFmIsaE,Adventures in the U.S. Open Cup,60_Vmwyoy3g
PLnNotX5RheZgkPl6JSxyomK6VcHFmIsaE,Adventures in the U.S. Open Cup,i0MbxhBpSwo
PLnNotX5RheZgkPl6JSxyomK6VcHFmIsaE,Adventures in the U.S. Open Cup,s-af7Lu97EA
PLnNotX5RheZgkPl6JSxyomK6VcHFmIsaE,Adventures in the U.S. Open Cup,rhTcqSiPKZk
PLnNotX5RheZgkPl6JSxyomK6VcHFmIsaE,Adventures in the U.S. Open Cup,keGNoN4Ay5c
PLnNotX5RheZgkPl6JSxyomK6VcHFmIsaE,Adventures in the U.S. Open Cup,otzXWphy1L0
PLnNotX5RheZgkPl6JSxyomK6VcHFmIsaE,Adventures in the U.S. Open Cup,juRKAufc3yE
PLnNotX5RheZgkPl6JSxyomK6VcHFmIsaE,Adventures in the U.S. Open Cup,5zDVy3FXFQ8
PLnNotX5RheZgkPl6JSxyomK6VcHFmIsaE,Adventures in the U.S. Open Cup,mHIHf2h19yo
PLnNotX5RheZgkPl6JSxyomK6VcHFmIsaE,Adventures in the U.S. Open Cup,JmxEnua2kZA
PLnNotX5RheZgkPl6JSxyomK6VcHFmIsaE,Adventures in the U.S. Open Cup,XC5OIRjKeT0
PLnNotX5RheZgkPl6JSxyomK6VcHFmIsaE,Adventures in the U.S. Open Cup,yhy45ikRBhI
PLnNotX5RheZgkPl6JSxyomK6VcHFmIsaE,Adventures in the U.S. Open Cup,Nj544gqjwgE
PLnNotX5RheZgkPl6JSxyomK6VcHFmIsaE,Adventures in the U.S. Open Cup,7BHvZp0JDbU
PLnNotX5RheZgkPl6JSxyomK6VcHFmIsaE,Adventures in the U.S. Open Cup,6no1uppROzo
PLnNotX5RheZhlMGwy3Ski8w74tL6FfrE3,Full Matches,UnXz5K6hQOM
PLnNotX5RheZhlMGwy3Ski8w74tL6FfrE3,Full Matches,hq_IfqmbZts
PLnNotX5RheZhlMGwy3Ski8w74tL6FfrE3,Full Matches,da0oCbzVpS8
PLnNotX5RheZhlMGwy3Ski8w74tL6FfrE3,Full Matches,6yxPjyo-GU8
PLnNotX5RheZhlMGwy3Ski8w74tL6FfrE3,Full Matches,_47ewhBi6yQ
PLnNotX5RheZhlMGwy3Ski8w74tL6FfrE3,Full Matches,6BcsLL28Wx0
PLnNotX5RheZhlMGwy3Ski8w74tL6FfrE3,Full Matches,JY1rOt-eYow
PLnNotX5RheZhlMGwy3Ski8w74tL6FfrE3,Full Matches,Dm6a6xSUyAI
PLnNotX5RheZhlMGwy3Ski8w74tL6FfrE3,Full Matches,tj584pjs2U0
PLnNotX5RheZjNwCuvj6YBT1t_2St7un30,Off the Pitch | Presented by Waymo,mifhMC_1dRQ
PLnNotX5RheZjNwCuvj6YBT1t_2St7un30,Off the Pitch | Presented by Waymo,KfwKzYrvKPk
PLnNotX5RheZjNwCuvj6YBT1t_2St7un30,Off the Pitch | Presented by Waymo,jXR_pjGPQQU
PLnNotX5RheZjNwCuvj6YBT1t_2St7un30,Off the Pitch | Presented by Waymo,T55n0HjwTMY
PLnNotX5RheZjNwCuvj6YBT1t_2St7un30,Off the Pitch | Presented by Waymo,SxrY84NcIvo
PLnNotX5RheZjNwCuvj6YBT1t_2St7un30,Off the Pitch | Presented by Waymo,QZhP9ijtVsY
PLnNotX5RheZjNwCuvj6YBT1t_2St7un30,Off the Pitch | Presented by Waymo,XYMgPQQ4j-M
PLnNotX5RheZjNwCuvj6YBT1t_2St7un30,Off the Pitch | Presented by Waymo,MdDlSU9dWJA
PLnNotX5RheZjNwCuvj6YBT1t_2St7un30,Off the Pitch | Presented by Waymo,uH44DS-9GLY
PLnNotX5RheZjNwCuvj6YBT1t_2St7un30,Off the Pitch | Presented by Waymo,UEvMupBGA6E
PLnNotX5RheZjNwCuvj6YBT1t_2St7un30,Off the Pitch | Presented by Waymo,3Hp4oLXb0wk
PLnNotX5RheZjNwCuvj6YBT1t_2St7un30,Off the Pitch | Presented by Waymo,3A8d9qDkX7M
PLnNotX5RheZjNwCuvj6YBT1t_2St7un30,Off the Pitch | Presented by Waymo,3VMfhvhbZKc
PLnNotX5RheZjNwCuvj6YBT1t_2St7un30,Off the Pitch | Presented by Waymo,f_uU_XX5A0k
PLnNotX5RheZjNwCuvj6YBT1t_2St7un30,Off the Pitch | Presented by Waymo,QD6ZiTLuPpI
PLnNotX5RheZjNwCuvj6YBT1t_2St7un30,Off the Pitch | Presented by Waymo,vYqPOlwQI4A
PLnNotX5RheZjNwCuvj6YBT1t_2St7un30,Off the Pitch | Presented by Waymo,NENBD9KUq3s
PLnNotX5RheZjNwCuvj6YBT1t_2St7un30,Off the Pitch | Presented by Waymo,a4d9RBWPkeA
PLnNotX5RheZjNwCuvj6YBT1t_2St7un30,Off the Pitch | Presented by Waymo,xb0XZWS932A
PLnNotX5RheZjNwCuvj6YBT1t_2St7un30,Off the Pitch | Presented by Waymo,5JrYzsK2Noo
PLnNotX5RheZiYLft4Fnsza7TE9owtTiyR,LAFC Player Profiles - 2024,4hIUfmUwjpk
PLnNotX5RheZiYLft4Fnsza7TE9owtTiyR,LAFC Player Profiles - 2024,-W7R1C3eZcM
PLnNotX5RheZiYLft4Fnsza7TE9owtTiyR,LAFC Player Profiles - 2024,guL7FY5bJ7o
PLnNotX5RheZiYLft4Fnsza7TE9owtTiyR,LAFC Player Profiles - 2024,eLAtWYE8njI
PLnNotX5RheZiYLft4Fnsza7TE9owtTiyR,LAFC Player Profiles - 2024,pxUVeZlBvZ0
PLnNotX5RheZiYLft4Fnsza7TE9owtTiyR,LAFC Player Profiles - 2024,FtHQor7Xw7Y
PLnNotX5RheZiYLft4Fnsza7TE9owtTiyR,LAFC Player Profiles - 2024,7ogctkow2_0
PLnNotX5RheZiYLft4Fnsza7TE9owtTiyR,LAFC Player Profiles - 2024,0CoJ3uPs6oM
PLnNotX5RheZh8hboDszHaMBtORRmrGmPL,Anatomy of a Goal,LnBaATk3kPA
PLnNotX5RheZh8hboDszHaMBtORRmrGmPL,Anatomy of a Goal,JMJp_OiUTtw
PLnNotX5RheZh8hboDszHaMBtORRmrGmPL,Anatomy of a Goal,cWlPbmPmCgc
PLnNotX5RheZh8hboDszHaMBtORRmrGmPL,Anatomy of a Goal,T96Fawez3ro
PLnNotX5RheZh8hboDszHaMBtORRmrGmPL,Anatomy of a Goal,eAr2O27Z4tM
PLnNotX5RheZh8hboDszHaMBtORRmrGmPL,Anatomy of a Goal,dNESkcV_7uo
PLnNotX5RheZh8hboDszHaMBtORRmrGmPL,Anatomy of a Goal,huc05WG2Sh8
PLnNotX5RheZgmbdA_z1ucAU8ysmb7lOZ_,LAFC+,Kn0Xg7O5Xjc
PLnNotX5RheZgmbdA_z1ucAU8ysmb7lOZ_,LAFC+,iBgQZYLeVdQ
PLnNotX5RheZgmbdA_z1ucAU8ysmb7lOZ_,LAFC+,jTzcnIjBs_Q
PLnNotX5RheZgmbdA_z1ucAU8ysmb7lOZ_,LAFC+,dTELE8IHCQ8
PLnNotX5RheZgmbdA_z1ucAU8ysmb7lOZ_,LAFC+,BkN5IdD_y3o
PLnNotX5RheZgmbdA_z1ucAU8ysmb7lOZ_,LAFC+,ke0lzccYCRI
PLnNotX5RheZgmbdA_z1ucAU8ysmb7lOZ_,LAFC+,vAOhJ3rHNw0
PLnNotX5RheZgmbdA_z1ucAU8ysmb7lOZ_,LAFC+,ODSn6dOof5w
PLnNotX5RheZgmbdA_z1ucAU8ysmb7lOZ_,LAFC+,NNPuPVZBQY0
PLnNotX5RheZgmbdA_z1ucAU8ysmb7lOZ_,LAFC+,cLLy9Nb9Diw
PLnNotX5RheZgmbdA_z1ucAU8ysmb7lOZ_,LAFC+,eCr1vWhVMGs
PLnNotX5RheZgmbdA_z1ucAU8ysmb7lOZ_,LAFC+,XDjG98SWxWw
PLnNotX5RheZgmbdA_z1ucAU8ysmb7lOZ_,LAFC+,rGlXzfGA-Nw
PLnNotX5RheZgmbdA_z1ucAU8ysmb7lOZ_,LAFC+,7_fARtuBjgQ
PLnNotX5RheZgmbdA_z1ucAU8ysmb7lOZ_,LAFC+,Te89jkpqqc4
PLnNotX5RheZgmbdA_z1ucAU8ysmb7lOZ_,LAFC+,TUlZHyzAYQQ
PLnNotX5RheZgmbdA_z1ucAU8ysmb7lOZ_,LAFC+,aa4wXbO8mGs
PLnNotX5RheZgmbdA_z1ucAU8ysmb7lOZ_,LAFC+,UccjIipizwk
PLnNotX5RheZgmbdA_z1ucAU8ysmb7lOZ_,LAFC+,b0JdBmhSOMg
PLnNotX5RheZgmbdA_z1ucAU8ysmb7lOZ_,LAFC+,Lp8ZfHUqenE
PLnNotX5RheZgmbdA_z1ucAU8ysmb7lOZ_,LAFC+,Cyevw3itswE
PLnNotX5RheZgmbdA_z1ucAU8ysmb7lOZ_,LAFC+,M0oPPTS2r40
PLnNotX5RheZgmbdA_z1ucAU8ysmb7lOZ_,LAFC+,xT83JVLJcz4
PLnNotX5RheZgmbdA_z1ucAU8ysmb7lOZ_,LAFC+,TaQDPiMPZl4
PLnNotX5RheZgmbdA_z1ucAU8ysmb7lOZ_,LAFC+,CWYT_YcF_rk
PLnNotX5RheZgmbdA_z1ucAU8ysmb7lOZ_,LAFC+,NEMVpizSerk
PLnNotX5RheZgmbdA_z1ucAU8ysmb7lOZ_,LAFC+,XDurg1bAQxA
PLnNotX5RheZgmbdA_z1ucAU8ysmb7lOZ_,LAFC+,6EIo8zVHiZs
PLnNotX5RheZgmbdA_z1ucAU8ysmb7lOZ_,LAFC+,AfHGuKfIEsQ
PLnNotX5RheZgmbdA_z1ucAU8ysmb7lOZ_,LAFC+,UWhHQJo21XE
PLnNotX5RheZgmbdA_z1ucAU8ysmb7lOZ_,LAFC+,A_IMdFm8QOc
PLnNotX5RheZgmbdA_z1ucAU8ysmb7lOZ_,LAFC+,ymEHF3m4VBo
PLnNotX5RheZgmbdA_z1ucAU8ysmb7lOZ_,LAFC+,AfYoXrvK5Y0
PLnNotX5RheZgmbdA_z1ucAU8ysmb7lOZ_,LAFC+,dnQPLazGAAo
PLnNotX5RheZgmbdA_z1ucAU8ysmb7lOZ_,LAFC+,RAtk8xz5ryE
PLnNotX5RheZgmbdA_z1ucAU8ysmb7lOZ_,LAFC+,haV-6I6EPBQ
PLnNotX5RheZgmbdA_z1ucAU8ysmb7lOZ_,LAFC+,rialui39N64
PLnNotX5RheZgmbdA_z1ucAU8ysmb7lOZ_,LAFC+,xTAwuY1w7Pg
PLnNotX5RheZgmbdA_z1ucAU8ysmb7lOZ_,LAFC+,xR5PlRX19W0
PLnNotX5RheZgmbdA_z1ucAU8ysmb7lOZ_,LAFC+,dSA4CNfzNrg
PLnNotX5RheZgmbdA_z1ucAU8ysmb7lOZ_,LAFC+,gZgH68p5idc
PLnNotX5RheZgmbdA_z1ucAU8ysmb7lOZ_,LAFC+,3ioDYHVU7g0
PLnNotX5RheZgmbdA_z1ucAU8ysmb7lOZ_,LAFC+,w0x3jkF09_8
PLnNotX5RheZgmbdA_z1ucAU8ysmb7lOZ_,LAFC+,Qoh6ZlY4wV4
PLnNotX5RheZgmbdA_z1ucAU8ysmb7lOZ_,LAFC+,UNuBzo3eBXM
PLnNotX5RheZgmbdA_z1ucAU8ysmb7lOZ_,LAFC+,N-zl-a5zkLg
PLnNotX5RheZgmbdA_z1ucAU8ysmb7lOZ_,LAFC+,GBN-c1Ej8sk
PLnNotX5RheZgmbdA_z1ucAU8ysmb7lOZ_,LAFC+,lmrxWR9H90I
PLnNotX5RheZgmbdA_z1ucAU8ysmb7lOZ_,LAFC+,-iywu9FuREM
PLnNotX5RheZgmbdA_z1ucAU8ysmb7lOZ_,LAFC+,nuAMvRsvf3Q
PLnNotX5RheZgmbdA_z1ucAU8ysmb7lOZ_,LAFC+,m-Wog_8xE2Y
PLnNotX5RheZgmbdA_z1ucAU8ysmb7lOZ_,LAFC+,gDZeSz-7BoE
PLnNotX5RheZgmbdA_z1ucAU8ysmb7lOZ_,LAFC+,1Uypkfuxa5Q
PLnNotX5RheZgmbdA_z1ucAU8ysmb7lOZ_,LAFC+,dKA3S_q8Dfc
PLnNotX5RheZgmbdA_z1ucAU8ysmb7lOZ_,LAFC+,hIeH8pB1kY0
PLnNotX5RheZgmbdA_z1ucAU8ysmb7lOZ_,LAFC+,dJFEdGwjZfo
PLnNotX5RheZgmbdA_z1ucAU8ysmb7lOZ_,LAFC+,r_u0IV9Slzk
PLnNotX5RheZgmbdA_z1ucAU8ysmb7lOZ_,LAFC+,9ZaKwx7DYpk
PLnNotX5RheZgmbdA_z1ucAU8ysmb7lOZ_,LAFC+,AD9mHTUDcT4
PLnNotX5RheZgmbdA_z1ucAU8ysmb7lOZ_,LAFC+,pX9nwc0C5hA
PLnNotX5RheZgmbdA_z1ucAU8ysmb7lOZ_,LAFC+,2ewjlVaLWmY
PLnNotX5RheZgmbdA_z1ucAU8ysmb7lOZ_,LAFC+,NtsB-lm1MDM
PLnNotX5RheZgmbdA_z1ucAU8ysmb7lOZ_,LAFC+,Vliz_TqeOH4
PLnNotX5RheZgmbdA_z1ucAU8ysmb7lOZ_,LAFC+,mkFyosuuHdU
PLnNotX5RheZgmbdA_z1ucAU8ysmb7lOZ_,LAFC+,9Ze4cZt-nQM
PLnNotX5RheZgmbdA_z1ucAU8ysmb7lOZ_,LAFC+,9cU0m_JWPHs
PLnNotX5RheZgmbdA_z1ucAU8ysmb7lOZ_,LAFC+,Lmd9GSw9SoE
PLnNotX5RheZgmbdA_z1ucAU8ysmb7lOZ_,LAFC+,HLDmjoMXgDU
PLnNotX5RheZgmbdA_z1ucAU8ysmb7lOZ_,LAFC+,o2GoShsfEes
PLnNotX5RheZgmbdA_z1ucAU8ysmb7lOZ_,LAFC+,UtfvPqL2JCw
PLnNotX5RheZgmbdA_z1ucAU8ysmb7lOZ_,LAFC+,KrAzIyt7znk
PLnNotX5RheZgmbdA_z1ucAU8ysmb7lOZ_,LAFC+,-iqyqukOBMY
PLnNotX5RheZgmbdA_z1ucAU8ysmb7lOZ_,LAFC+,EpiWjfJyt0k
PLnNotX5RheZgmbdA_z1ucAU8ysmb7lOZ_,LAFC+,R_iuJAxA2y8
PLnNotX5RheZgmbdA_z1ucAU8ysmb7lOZ_,LAFC+,EmqO4aKRzZs
PLnNotX5RheZgmbdA_z1ucAU8ysmb7lOZ_,LAFC+,64FFm29LdYo
PLnNotX5RheZgmbdA_z1ucAU8ysmb7lOZ_,LAFC+,utMe8hctmds
PLnNotX5RheZgmbdA_z1ucAU8ysmb7lOZ_,LAFC+,qKqaND40nvg
PLnNotX5RheZgmbdA_z1ucAU8ysmb7lOZ_,LAFC+,JrScqb2X4_Y
PLnNotX5RheZgmbdA_z1ucAU8ysmb7lOZ_,LAFC+,qRmaNtCPH50
PLnNotX5RheZgmbdA_z1ucAU8ysmb7lOZ_,LAFC+,C4FqdyvauXY
PLnNotX5RheZgmbdA_z1ucAU8ysmb7lOZ_,LAFC+,L6uPzaNDWmY
PLnNotX5RheZgmbdA_z1ucAU8ysmb7lOZ_,LAFC+,rXMu6q3jDVI
PLnNotX5RheZgmbdA_z1ucAU8ysmb7lOZ_,LAFC+,ePiS0SsOUcU
PLnNotX5RheZgmbdA_z1ucAU8ysmb7lOZ_,LAFC+,Qy5ahdT8ZZw
PLnNotX5RheZgmbdA_z1ucAU8ysmb7lOZ_,LAFC+,qAwOdlShRbc
PLnNotX5RheZgmbdA_z1ucAU8ysmb7lOZ_,LAFC+,hfWS1WX1zzc
PLnNotX5RheZgmbdA_z1ucAU8ysmb7lOZ_,LAFC+,C7m2r8ElkQE
PLnNotX5RheZgmbdA_z1ucAU8ysmb7lOZ_,LAFC+,XSYJzhuexmM
PLnNotX5RheZgmbdA_z1ucAU8ysmb7lOZ_,LAFC+,fVswGMfDw5s
PLnNotX5RheZgmbdA_z1ucAU8ysmb7lOZ_,LAFC+,BXamnYQENHU
PLnNotX5RheZgmbdA_z1ucAU8ysmb7lOZ_,LAFC+,5ls628Hbk4M
PLnNotX5RheZgmbdA_z1ucAU8ysmb7lOZ_,LAFC+,etYJSFqsnJs
PLnNotX5RheZgmbdA_z1ucAU8ysmb7lOZ_,LAFC+,843RjC6DtFc
PLnNotX5RheZgmbdA_z1ucAU8ysmb7lOZ_,LAFC+,YoKignT5Wos
PLnNotX5RheZgmbdA_z1ucAU8ysmb7lOZ_,LAFC+,kpJlDZgi6s4
PLnNotX5RheZgmbdA_z1ucAU8ysmb7lOZ_,LAFC+,w9ZSOK-J9o8
PLnNotX5RheZgmbdA_z1ucAU8ysmb7lOZ_,LAFC+,8O9HQHDpo9U
PLnNotX5RheZgmbdA_z1ucAU8ysmb7lOZ_,LAFC+,Z0Kgq2iNYqU
PLnNotX5RheZgmbdA_z1ucAU8ysmb7lOZ_,LAFC+,g0Qn3-t1Njg
PLnNotX5RheZgmbdA_z1ucAU8ysmb7lOZ_,LAFC+,FRrJl2o0nKY
PLnNotX5RheZgmbdA_z1ucAU8ysmb7lOZ_,LAFC+,q8NNYeMC_wE
PLnNotX5RheZgmbdA_z1ucAU8ysmb7lOZ_,LAFC+,c6sYxrCwZWo
PLnNotX5RheZgmbdA_z1ucAU8ysmb7lOZ_,LAFC+,ScwFxgr2WA4
PLnNotX5RheZgmbdA_z1ucAU8ysmb7lOZ_,LAFC+,4Gk371Lrd6w
PLnNotX5RheZgmbdA_z1ucAU8ysmb7lOZ_,LAFC+,uiEz5S0ChqE
PLnNotX5RheZgmbdA_z1ucAU8ysmb7lOZ_,LAFC+,pYc5tZDN6Vw
PLnNotX5RheZgmbdA_z1ucAU8ysmb7lOZ_,LAFC+,khrrQOgPmXY
PLnNotX5RheZh6fWExobLCcDjosiKDjfyQ,LAFC Weekly,JoPbLSHXkmA
PLnNotX5RheZh6fWExobLCcDjosiKDjfyQ,LAFC Weekly,cVr4CK0cXXA
PLnNotX5RheZh6fWExobLCcDjosiKDjfyQ,LAFC Weekly,WGLkpecuCyA
PLnNotX5RheZh6fWExobLCcDjosiKDjfyQ,LAFC Weekly,9fqjsEfKZDE
PLnNotX5RheZh6fWExobLCcDjosiKDjfyQ,LAFC Weekly,vbG1wD2q2b4
PLnNotX5RheZh6fWExobLCcDjosiKDjfyQ,LAFC Weekly,w0kVc8mWF7s
PLnNotX5RheZh6fWExobLCcDjosiKDjfyQ,LAFC Weekly,LehBuO53i0U
PLnNotX5RheZh6fWExobLCcDjosiKDjfyQ,LAFC Weekly,6-JDQ9BqzNU
PLnNotX5RheZh6fWExobLCcDjosiKDjfyQ,LAFC Weekly,pLeSqVB1lcA
PLnNotX5RheZh6fWExobLCcDjosiKDjfyQ,LAFC Weekly,G5NenasESf8
PLnNotX5RheZh6fWExobLCcDjosiKDjfyQ,LAFC Weekly,mTfPhceMFQM
PLnNotX5RheZh6fWExobLCcDjosiKDjfyQ,LAFC Weekly,OC3l3mSlsRY
PLnNotX5RheZh6fWExobLCcDjosiKDjfyQ,LAFC Weekly,r538Pb-7t5k
PLnNotX5RheZh6fWExobLCcDjosiKDjfyQ,LAFC Weekly,RhPXi7hvmb8
PLnNotX5RheZh6fWExobLCcDjosiKDjfyQ,LAFC Weekly,HSF33Z24Dw4
PLnNotX5RheZh6fWExobLCcDjosiKDjfyQ,LAFC Weekly,Q8njwMaF9BQ
PLnNotX5RheZh6fWExobLCcDjosiKDjfyQ,LAFC Weekly,nzNt2iwMAl4
PLnNotX5RheZh6fWExobLCcDjosiKDjfyQ,LAFC Weekly,TL83U9rqCv4
PLnNotX5RheZh6fWExobLCcDjosiKDjfyQ,LAFC Weekly,u6CrRvPo_PE
PLnNotX5RheZh6fWExobLCcDjosiKDjfyQ,LAFC Weekly,KgReYPLgmsM
PLnNotX5RheZh6fWExobLCcDjosiKDjfyQ,LAFC Weekly,R6NuaMWMOxE
PLnNotX5RheZh6fWExobLCcDjosiKDjfyQ,LAFC Weekly,nGWcJtdtZnk
PLnNotX5RheZh6fWExobLCcDjosiKDjfyQ,LAFC Weekly,sQqOL5bipPY
PLnNotX5RheZh6fWExobLCcDjosiKDjfyQ,LAFC Weekly,9_rnjYKm9Fs
PLnNotX5RheZh6fWExobLCcDjosiKDjfyQ,LAFC Weekly,yqqNB1vP-7o
PLnNotX5RheZh6fWExobLCcDjosiKDjfyQ,LAFC Weekly,MGCrlOwoUx4
PLnNotX5RheZh6fWExobLCcDjosiKDjfyQ,LAFC Weekly,HKXOcnrtcYY
PLnNotX5RheZh6fWExobLCcDjosiKDjfyQ,LAFC Weekly,Ou6uG7RsChs
PLnNotX5RheZh6fWExobLCcDjosiKDjfyQ,LAFC Weekly,uXX6vJYeOUw
PLnNotX5RheZh6fWExobLCcDjosiKDjfyQ,LAFC Weekly,EnMGbadZv2s
PLnNotX5RheZh6fWExobLCcDjosiKDjfyQ,LAFC Weekly,zZX9B_QcdHo
PLnNotX5RheZh6fWExobLCcDjosiKDjfyQ,LAFC Weekly,3AW7H_oq-ec
PLnNotX5RheZh6fWExobLCcDjosiKDjfyQ,LAFC Weekly,azDviH6kbrc
PLnNotX5RheZh6fWExobLCcDjosiKDjfyQ,LAFC Weekly,gLT8HxS3dQs
PLnNotX5RheZh6fWExobLCcDjosiKDjfyQ,LAFC Weekly,J04iX3thbsM
PLnNotX5RheZh6fWExobLCcDjosiKDjfyQ,LAFC Weekly,7M0ij_yzhG4
PLnNotX5RheZh6fWExobLCcDjosiKDjfyQ,LAFC Weekly,OOlRzMIIVHw
PLnNotX5RheZh6fWExobLCcDjosiKDjfyQ,LAFC Weekly,5JHThIEgxyA
PLnNotX5RheZh6fWExobLCcDjosiKDjfyQ,LAFC Weekly,DDnCE19mtl0
PLnNotX5RheZh6fWExobLCcDjosiKDjfyQ,LAFC Weekly,pPTBtv5WJPo
PLnNotX5RheZh6fWExobLCcDjosiKDjfyQ,LAFC Weekly,GxqkaWDNATg
PLnNotX5RheZh6fWExobLCcDjosiKDjfyQ,LAFC Weekly,V3lWfiA7udc
PLnNotX5RheZh6fWExobLCcDjosiKDjfyQ,LAFC Weekly,1Q36W-agnh8
PLnNotX5RheZh6fWExobLCcDjosiKDjfyQ,LAFC Weekly,dLYOoRLVIK8
PLnNotX5RheZh6fWExobLCcDjosiKDjfyQ,LAFC Weekly,T2_ZXuH5KD0
PLnNotX5RheZh6fWExobLCcDjosiKDjfyQ,LAFC Weekly,7K4w9uvPEEc
PLnNotX5RheZh6fWExobLCcDjosiKDjfyQ,LAFC Weekly,ww37SYKWgaA
PLnNotX5RheZh6fWExobLCcDjosiKDjfyQ,LAFC Weekly,DgW_BhapT6M
PLnNotX5RheZh6fWExobLCcDjosiKDjfyQ,LAFC Weekly,rmt2WBm10IM
PLnNotX5RheZh6fWExobLCcDjosiKDjfyQ,LAFC Weekly,jlNYADvpugY
PLnNotX5RheZh6fWExobLCcDjosiKDjfyQ,LAFC Weekly,a6FkDPeMi2c
PLnNotX5RheZh6fWExobLCcDjosiKDjfyQ,LAFC Weekly,E2yq36O92pE
PLnNotX5RheZh6fWExobLCcDjosiKDjfyQ,LAFC Weekly,DQFP-KCVIYY
PLnNotX5RheZh6fWExobLCcDjosiKDjfyQ,LAFC Weekly,4Tw2wnMHJHY
PLnNotX5RheZh6fWExobLCcDjosiKDjfyQ,LAFC Weekly,h6uqxr0RZ98
PLnNotX5RheZh6fWExobLCcDjosiKDjfyQ,LAFC Weekly,3QF8xHcmP2A
PLnNotX5RheZh6fWExobLCcDjosiKDjfyQ,LAFC Weekly,upKbtpV7XRc
PLnNotX5RheZh6fWExobLCcDjosiKDjfyQ,LAFC Weekly,_9R4AUz6Wfc
PLnNotX5RheZh6fWExobLCcDjosiKDjfyQ,LAFC Weekly,DDX_2kz6YUY
PLnNotX5RheZh6fWExobLCcDjosiKDjfyQ,LAFC Weekly,6_9J8FWyfQA
PLnNotX5RheZh6fWExobLCcDjosiKDjfyQ,LAFC Weekly,5HvwudsNpxc
PLnNotX5RheZh6fWExobLCcDjosiKDjfyQ,LAFC Weekly,xxdENTUoQS8
PLnNotX5RheZh6fWExobLCcDjosiKDjfyQ,LAFC Weekly,jA4QhbBhko4
PLnNotX5RheZh6fWExobLCcDjosiKDjfyQ,LAFC Weekly,se5DobfI83A
PLnNotX5RheZh6fWExobLCcDjosiKDjfyQ,LAFC Weekly,DtUapUhLGi0
PLnNotX5RheZh6fWExobLCcDjosiKDjfyQ,LAFC Weekly,ILZ54k9ULXw
PLnNotX5RheZh6fWExobLCcDjosiKDjfyQ,LAFC Weekly,5cmITC39t4A
PLnNotX5RheZh6fWExobLCcDjosiKDjfyQ,LAFC Weekly,EeDY51Gsz-c
PLnNotX5RheZh6fWExobLCcDjosiKDjfyQ,LAFC Weekly,4cvAmh0wo8g
PLnNotX5RheZh6fWExobLCcDjosiKDjfyQ,LAFC Weekly,uJgE3xjskjQ
PLnNotX5RheZh6fWExobLCcDjosiKDjfyQ,LAFC Weekly,lIfJMIz7o1Y
PLnNotX5RheZh6fWExobLCcDjosiKDjfyQ,LAFC Weekly,KCyNp1k3wBs
PLnNotX5RheZh6fWExobLCcDjosiKDjfyQ,LAFC Weekly,wQJQWw9k8dA
PLnNotX5RheZh6fWExobLCcDjosiKDjfyQ,LAFC Weekly,ugJQ5nfcE-E
PLnNotX5RheZh6fWExobLCcDjosiKDjfyQ,LAFC Weekly,dXb0alr-9kw
PLnNotX5RheZh6fWExobLCcDjosiKDjfyQ,LAFC Weekly,TGY12N2yNYI
PLnNotX5RheZh6fWExobLCcDjosiKDjfyQ,LAFC Weekly,phLKvX4r63A
PLnNotX5RheZh6fWExobLCcDjosiKDjfyQ,LAFC Weekly,KTrnWwHzFII
PLnNotX5RheZh6fWExobLCcDjosiKDjfyQ,LAFC Weekly,RqnhgN-2zn4
PLnNotX5RheZh6fWExobLCcDjosiKDjfyQ,LAFC Weekly,YDDvcXGYJ2w
PLnNotX5RheZh6fWExobLCcDjosiKDjfyQ,LAFC Weekly,D_IOAxMGbT4
PLnNotX5RheZh6fWExobLCcDjosiKDjfyQ,LAFC Weekly,wotX0xw3ZkM
PLnNotX5RheZh6fWExobLCcDjosiKDjfyQ,LAFC Weekly,3o2WKYoUFW4
PLnNotX5RheZiQm6-lhgbecnaBZIbV12e2,The LAFC Academy,j1AUH5Oj_FQ
PLnNotX5RheZiQm6-lhgbecnaBZIbV12e2,The LAFC Academy,C6D_gstifO8
PLnNotX5RheZiQm6-lhgbecnaBZIbV12e2,The LAFC Academy,Q5kw5375pDc
PLnNotX5RheZiQm6-lhgbecnaBZIbV12e2,The LAFC Academy,Ul1fZUSJcU0
PLnNotX5RheZiQm6-lhgbecnaBZIbV12e2,The LAFC Academy,kXSLxRp3eLQ
PLnNotX5RheZiQm6-lhgbecnaBZIbV12e2,The LAFC Academy,YOURfpi6fqQ
PLnNotX5RheZiQm6-lhgbecnaBZIbV12e2,The LAFC Academy,ei6h2VD06ZY
PLnNotX5RheZiQm6-lhgbecnaBZIbV12e2,The LAFC Academy,3mCS3UIMVWQ
PLnNotX5RheZiQm6-lhgbecnaBZIbV12e2,The LAFC Academy,T7Jbf-e6uDg
PLnNotX5RheZiQm6-lhgbecnaBZIbV12e2,The LAFC Academy,62l-ax8HVBo
PLnNotX5RheZiQm6-lhgbecnaBZIbV12e2,The LAFC Academy,X2xnRJcHcOg
PLnNotX5RheZiQm6-lhgbecnaBZIbV12e2,The LAFC Academy,TijKwpxla0Q
PLnNotX5RheZiQm6-lhgbecnaBZIbV12e2,The LAFC Academy,3EpwPjkDIJI
PLnNotX5RheZiQm6-lhgbecnaBZIbV12e2,The LAFC Academy,kZgORQl-AiA
PLnNotX5RheZjPnbiQOF5h5QT__k3arJKJ,Acción LAFC Con Armando Aguayo,JRJnDZL6RE8
PLnNotX5RheZjPnbiQOF5h5QT__k3arJKJ,Acción LAFC Con Armando Aguayo,39E0dVMFp9Q
PLnNotX5RheZjPnbiQOF5h5QT__k3arJKJ,Acción LAFC Con Armando Aguayo,jjnciRbi7u8
PLnNotX5RheZjPnbiQOF5h5QT__k3arJKJ,Acción LAFC Con Armando Aguayo,1YwckKdkQIE
PLnNotX5RheZjPnbiQOF5h5QT__k3arJKJ,Acción LAFC Con Armando Aguayo,qJfkU11D_4E
PLnNotX5RheZjPnbiQOF5h5QT__k3arJKJ,Acción LAFC Con Armando Aguayo,4knj3xi4Lbg
PLnNotX5RheZjPnbiQOF5h5QT__k3arJKJ,Acción LAFC Con Armando Aguayo,vzpeoVCuTzs
PLnNotX5RheZjPnbiQOF5h5QT__k3arJKJ,Acción LAFC Con Armando Aguayo,fJk6VmY1lkw
PLnNotX5RheZjPnbiQOF5h5QT__k3arJKJ,Acción LAFC Con Armando Aguayo,8RWGzaC9L_I
PLnNotX5RheZjPnbiQOF5h5QT__k3arJKJ,Acción LAFC Con Armando Aguayo,5-vtv_BslL0
PLnNotX5RheZjPnbiQOF5h5QT__k3arJKJ,Acción LAFC Con Armando Aguayo,1IxpCCn3m8E
PLnNotX5RheZjPnbiQOF5h5QT__k3arJKJ,Acción LAFC Con Armando Aguayo,AKcs3ReRw9I
PLnNotX5RheZjPnbiQOF5h5QT__k3arJKJ,Acción LAFC Con Armando Aguayo,lgQGZjxJjPE
PLnNotX5RheZjPnbiQOF5h5QT__k3arJKJ,Acción LAFC Con Armando Aguayo,EHZCUYdDulY
PLnNotX5RheZjPnbiQOF5h5QT__k3arJKJ,Acción LAFC Con Armando Aguayo,-81gXyCzY9U
PLnNotX5RheZjPnbiQOF5h5QT__k3arJKJ,Acción LAFC Con Armando Aguayo,xYoiCP3r4yM
PLnNotX5RheZjPnbiQOF5h5QT__k3arJKJ,Acción LAFC Con Armando Aguayo,oOxg83XhoqU
PLnNotX5RheZjPnbiQOF5h5QT__k3arJKJ,Acción LAFC Con Armando Aguayo,GgqDFnesUOU
PLnNotX5RheZjPnbiQOF5h5QT__k3arJKJ,Acción LAFC Con Armando Aguayo,B8UoYhUsnuI
PLnNotX5RheZjPnbiQOF5h5QT__k3arJKJ,Acción LAFC Con Armando Aguayo,cTHpKiF3xaQ
PLnNotX5RheZjPnbiQOF5h5QT__k3arJKJ,Acción LAFC Con Armando Aguayo,Bb-kKd6zwhU
PLnNotX5RheZjPnbiQOF5h5QT__k3arJKJ,Acción LAFC Con Armando Aguayo,P-h4xs6FuiA
PLnNotX5RheZjPnbiQOF5h5QT__k3arJKJ,Acción LAFC Con Armando Aguayo,bFyNerb9Uoo
PLnNotX5RheZjPnbiQOF5h5QT__k3arJKJ,Acción LAFC Con Armando Aguayo,4WpW3qwmY9s
PLnNotX5RheZjPnbiQOF5h5QT__k3arJKJ,Acción LAFC Con Armando Aguayo,eMY8l1bx2to
PLnNotX5RheZjPnbiQOF5h5QT__k3arJKJ,Acción LAFC Con Armando Aguayo,0ZECpHk9c68
PLnNotX5RheZjPnbiQOF5h5QT__k3arJKJ,Acción LAFC Con Armando Aguayo,7annoAibXdA
PLnNotX5RheZjPnbiQOF5h5QT__k3arJKJ,Acción LAFC Con Armando Aguayo,VF1mOLy0q-M
PLnNotX5RheZjPnbiQOF5h5QT__k3arJKJ,Acción LAFC Con Armando Aguayo,veU5XJ28xHc
PLnNotX5RheZjPnbiQOF5h5QT__k3arJKJ,Acción LAFC Con Armando Aguayo,9lRz-9sbQyQ
PLnNotX5RheZjPnbiQOF5h5QT__k3arJKJ,Acción LAFC Con Armando Aguayo,UgJ7qD0Ory0
PLnNotX5RheZjPnbiQOF5h5QT__k3arJKJ,Acción LAFC Con Armando Aguayo,u2g2BvzT1qI
PLnNotX5RheZjPnbiQOF5h5QT__k3arJKJ,Acción LAFC Con Armando Aguayo,qcLwzIbph5o
PLnNotX5RheZjPnbiQOF5h5QT__k3arJKJ,Acción LAFC Con Armando Aguayo,74q2kQJg17Y
PLnNotX5RheZjPnbiQOF5h5QT__k3arJKJ,Acción LAFC Con Armando Aguayo,i8w9lTozoMw
PLnNotX5RheZjPnbiQOF5h5QT__k3arJKJ,Acción LAFC Con Armando Aguayo,18rpoz-NKJw
PLnNotX5RheZjPnbiQOF5h5QT__k3arJKJ,Acción LAFC Con Armando Aguayo,vkgXfDd1ZEY
PLnNotX5RheZjPnbiQOF5h5QT__k3arJKJ,Acción LAFC Con Armando Aguayo,2VBFTNaNCpc
PLnNotX5RheZjPnbiQOF5h5QT__k3arJKJ,Acción LAFC Con Armando Aguayo,t2I_zuwtYt8
PLnNotX5RheZjPnbiQOF5h5QT__k3arJKJ,Acción LAFC Con Armando Aguayo,dtDErmgi8KI
PLnNotX5RheZjPnbiQOF5h5QT__k3arJKJ,Acción LAFC Con Armando Aguayo,-iEqCY0WZYs
PLnNotX5RheZjPnbiQOF5h5QT__k3arJKJ,Acción LAFC Con Armando Aguayo,juVtpisfSvI
PLnNotX5RheZjPnbiQOF5h5QT__k3arJKJ,Acción LAFC Con Armando Aguayo,v0NWCneKHvo
PLnNotX5RheZjPnbiQOF5h5QT__k3arJKJ,Acción LAFC Con Armando Aguayo,hNNRLJpcSYs
PLnNotX5RheZjPnbiQOF5h5QT__k3arJKJ,Acción LAFC Con Armando Aguayo,q1YIkxKAizM
PLnNotX5RheZjPnbiQOF5h5QT__k3arJKJ,Acción LAFC Con Armando Aguayo,2vQWT-PtnUk
PLnNotX5RheZjPnbiQOF5h5QT__k3arJKJ,Acción LAFC Con Armando Aguayo,zd-PD7Vrz1c
PLnNotX5RheZjPnbiQOF5h5QT__k3arJKJ,Acción LAFC Con Armando Aguayo,Ppe8AdNopXw
PLnNotX5RheZjPnbiQOF5h5QT__k3arJKJ,Acción LAFC Con Armando Aguayo,oDup9RC45XU
PLnNotX5RheZjPnbiQOF5h5QT__k3arJKJ,Acción LAFC Con Armando Aguayo,BfdVzRNgj60
PLnNotX5RheZjPnbiQOF5h5QT__k3arJKJ,Acción LAFC Con Armando Aguayo,_E2002w971w
PLnNotX5RheZjPnbiQOF5h5QT__k3arJKJ,Acción LAFC Con Armando Aguayo,Cm1FrCfK-EY
PLnNotX5RheZjPnbiQOF5h5QT__k3arJKJ,Acción LAFC Con Armando Aguayo,9K-Pr2yjccI
PLnNotX5RheZjPnbiQOF5h5QT__k3arJKJ,Acción LAFC Con Armando Aguayo,vVOEzPsqZVM
PLnNotX5RheZjPnbiQOF5h5QT__k3arJKJ,Acción LAFC Con Armando Aguayo,XrSN74624LU
PLnNotX5RheZjPnbiQOF5h5QT__k3arJKJ,Acción LAFC Con Armando Aguayo,BxjTWH7N9sc
PLnNotX5RheZjPnbiQOF5h5QT__k3arJKJ,Acción LAFC Con Armando Aguayo,beDnCd0H6mo
PLnNotX5RheZjPnbiQOF5h5QT__k3arJKJ,Acción LAFC Con Armando Aguayo,qLsewhZFZ9Q
PLnNotX5RheZjPnbiQOF5h5QT__k3arJKJ,Acción LAFC Con Armando Aguayo,EC9ZYXF-YU0
PLnNotX5RheZjPnbiQOF5h5QT__k3arJKJ,Acción LAFC Con Armando Aguayo,Mjphl8r2UbY
PLnNotX5RheZjPnbiQOF5h5QT__k3arJKJ,Acción LAFC Con Armando Aguayo,Saj7m7ZIJAE
PLnNotX5RheZjPnbiQOF5h5QT__k3arJKJ,Acción LAFC Con Armando Aguayo,HPMZ3bYksjY
PLnNotX5RheZjPnbiQOF5h5QT__k3arJKJ,Acción LAFC Con Armando Aguayo,WbZECqxqS0g
PLnNotX5RheZjPnbiQOF5h5QT__k3arJKJ,Acción LAFC Con Armando Aguayo,8kuD9mgUNjU
PLnNotX5RheZjPnbiQOF5h5QT__k3arJKJ,Acción LAFC Con Armando Aguayo,ZrCHGbQAHnA
PLnNotX5RheZjPnbiQOF5h5QT__k3arJKJ,Acción LAFC Con Armando Aguayo,78M8rrfB9xY
PLnNotX5RheZjPnbiQOF5h5QT__k3arJKJ,Acción LAFC Con Armando Aguayo,dPbkQbynQfk
PLnNotX5RheZjPnbiQOF5h5QT__k3arJKJ,Acción LAFC Con Armando Aguayo,zX7LOwjHlFg
PLnNotX5RheZjPnbiQOF5h5QT__k3arJKJ,Acción LAFC Con Armando Aguayo,ttrym_Ms8h0
PLnNotX5RheZjPnbiQOF5h5QT__k3arJKJ,Acción LAFC Con Armando Aguayo,1O4D31QJVuU
PLnNotX5RheZjPnbiQOF5h5QT__k3arJKJ,Acción LAFC Con Armando Aguayo,AfjUyH2_ZtQ
PLnNotX5RheZjPnbiQOF5h5QT__k3arJKJ,Acción LAFC Con Armando Aguayo,8ge4Uh4aWIU
PLnNotX5RheZjPnbiQOF5h5QT__k3arJKJ,Acción LAFC Con Armando Aguayo,AvRFgrqFfEI
PLnNotX5RheZjPnbiQOF5h5QT__k3arJKJ,Acción LAFC Con Armando Aguayo,V3fzpXUvkAg
PLnNotX5RheZjPnbiQOF5h5QT__k3arJKJ,Acción LAFC Con Armando Aguayo,0EA2tAZziUw
PLnNotX5RheZjPnbiQOF5h5QT__k3arJKJ,Acción LAFC Con Armando Aguayo,D6qBc3u-zro
PLnNotX5RheZjPnbiQOF5h5QT__k3arJKJ,Acción LAFC Con Armando Aguayo,q8afNSSUfG4
PLnNotX5RheZjPnbiQOF5h5QT__k3arJKJ,Acción LAFC Con Armando Aguayo,e5z-DEnslZo
PLnNotX5RheZjPnbiQOF5h5QT__k3arJKJ,Acción LAFC Con Armando Aguayo,ndTZNA7Uefw
PLnNotX5RheZjPnbiQOF5h5QT__k3arJKJ,Acción LAFC Con Armando Aguayo,fomrs3SOMqw
PLnNotX5RheZjPnbiQOF5h5QT__k3arJKJ,Acción LAFC Con Armando Aguayo,cBl94gyThm8
PLnNotX5RheZjPnbiQOF5h5QT__k3arJKJ,Acción LAFC Con Armando Aguayo,qD7ZNN-FSgE
PLnNotX5RheZjPnbiQOF5h5QT__k3arJKJ,Acción LAFC Con Armando Aguayo,gOOWZAPkWSg
PLnNotX5RheZjPnbiQOF5h5QT__k3arJKJ,Acción LAFC Con Armando Aguayo,28lLbW6Dp7k
PLnNotX5RheZjPnbiQOF5h5QT__k3arJKJ,Acción LAFC Con Armando Aguayo,Zqq5uHDy-dw
PLnNotX5RheZjPnbiQOF5h5QT__k3arJKJ,Acción LAFC Con Armando Aguayo,8Jp5GgBLusA
PLnNotX5RheZjPnbiQOF5h5QT__k3arJKJ,Acción LAFC Con Armando Aguayo,KyKON4B__IY
PLnNotX5RheZjPnbiQOF5h5QT__k3arJKJ,Acción LAFC Con Armando Aguayo,vNKDXk0AWnI
PLnNotX5RheZjPnbiQOF5h5QT__k3arJKJ,Acción LAFC Con Armando Aguayo,l8qGPi_DD3Q
PLnNotX5RheZjPnbiQOF5h5QT__k3arJKJ,Acción LAFC Con Armando Aguayo,8ZroY3XBtlI
PLnNotX5RheZhNNDB6ht-m9WmJnRu0K7FA,LAFC2 Team Report,j1AUH5Oj_FQ
PLnNotX5RheZhNNDB6ht-m9WmJnRu0K7FA,LAFC2 Team Report,QBKIk4i15UI
PLnNotX5RheZhNNDB6ht-m9WmJnRu0K7FA,LAFC2 Team Report,PBBLbYWslX8
PLnNotX5RheZhNNDB6ht-m9WmJnRu0K7FA,LAFC2 Team Report,1wsEERelFWg
PLnNotX5RheZhNNDB6ht-m9WmJnRu0K7FA,LAFC2 Team Report,0Rwv-hHjrSY
PLnNotX5RheZhNNDB6ht-m9WmJnRu0K7FA,LAFC2 Team Report,fAZpQVBiS2w
PLnNotX5RheZhNNDB6ht-m9WmJnRu0K7FA,LAFC2 Team Report,c3EYlCVvjgY
PLnNotX5RheZiaLV36nvB8VmbmYbssdiFS,Black & Gold Weekly,KfhJmWBkL3M
PLnNotX5RheZiaLV36nvB8VmbmYbssdiFS,Black & Gold Weekly,xQkPJ4mCVhU
PLnNotX5RheZiaLV36nvB8VmbmYbssdiFS,Black & Gold Weekly,3Z7JbA5e0BM
PLnNotX5RheZiaLV36nvB8VmbmYbssdiFS,Black & Gold Weekly,CbFOroKwOHw
PLnNotX5RheZiaLV36nvB8VmbmYbssdiFS,Black & Gold Weekly,XvL7iIGJn0c
PLnNotX5RheZiaLV36nvB8VmbmYbssdiFS,Black & Gold Weekly,bVywjJoDqz0
PLnNotX5RheZiaLV36nvB8VmbmYbssdiFS,Black & Gold Weekly,V-8Uavw7T_s
PLnNotX5RheZiaLV36nvB8VmbmYbssdiFS,Black & Gold Weekly,D-pboxMsAPU
PLnNotX5RheZiaLV36nvB8VmbmYbssdiFS,Black & Gold Weekly,noorqk7-nKo
PLnNotX5RheZiaLV36nvB8VmbmYbssdiFS,Black & Gold Weekly,FJZxin7W1n8
PLnNotX5RheZiaLV36nvB8VmbmYbssdiFS,Black & Gold Weekly,v1gmDQfO_QQ
PLnNotX5RheZiaLV36nvB8VmbmYbssdiFS,Black & Gold Weekly,-hNwflwiWo8
PLnNotX5RheZiaLV36nvB8VmbmYbssdiFS,Black & Gold Weekly,BA8oT5PnAPc
PLnNotX5RheZiaLV36nvB8VmbmYbssdiFS,Black & Gold Weekly,ScFprmU-Gq0
PLnNotX5RheZiaLV36nvB8VmbmYbssdiFS,Black & Gold Weekly,mGlRBswCEGw
PLnNotX5RheZiaLV36nvB8VmbmYbssdiFS,Black & Gold Weekly,OUSn7rqXUXo
PLnNotX5RheZiaLV36nvB8VmbmYbssdiFS,Black & Gold Weekly,CxDXe9JGQ2M
PLnNotX5RheZiaLV36nvB8VmbmYbssdiFS,Black & Gold Weekly,PcwNA1UMloY
PLnNotX5RheZiaLV36nvB8VmbmYbssdiFS,Black & Gold Weekly,_eLxw42BUcY
PLnNotX5RheZiaLV36nvB8VmbmYbssdiFS,Black & Gold Weekly,eYvZUVPrcsY
PLnNotX5RheZiaLV36nvB8VmbmYbssdiFS,Black & Gold Weekly,4PlRdQQkLuY
PLnNotX5RheZiaLV36nvB8VmbmYbssdiFS,Black & Gold Weekly,A1anR5zbNkg
PLnNotX5RheZj4VjRrIUNlzIAiL1wwYgql,Sounds Of The Game,PthnGY3FBH0
PLnNotX5RheZj4VjRrIUNlzIAiL1wwYgql,Sounds Of The Game,ug08TeUiY0k
PLnNotX5RheZj4VjRrIUNlzIAiL1wwYgql,Sounds Of The Game,DCHSDSwEcMg
PLnNotX5RheZj4VjRrIUNlzIAiL1wwYgql,Sounds Of The Game,dCETaMXGFdI
PLnNotX5RheZj4VjRrIUNlzIAiL1wwYgql,Sounds Of The Game,Mk22nBze3Tw
PLnNotX5RheZj4VjRrIUNlzIAiL1wwYgql,Sounds Of The Game,jOe9pwhImoQ
PLnNotX5RheZj4VjRrIUNlzIAiL1wwYgql,Sounds Of The Game,-Kms_ks-gt0
PLnNotX5RheZj4VjRrIUNlzIAiL1wwYgql,Sounds Of The Game,22NpmY9o_pg
PLnNotX5RheZj4VjRrIUNlzIAiL1wwYgql,Sounds Of The Game,YoQys0d7xxw
PLnNotX5RheZj4VjRrIUNlzIAiL1wwYgql,Sounds Of The Game,u5PPBzxSJOw
PLnNotX5RheZj4VjRrIUNlzIAiL1wwYgql,Sounds Of The Game,50oOKxTHLYE
PLnNotX5RheZj4VjRrIUNlzIAiL1wwYgql,Sounds Of The Game,qgdVUEhfMjE
PLnNotX5RheZj4VjRrIUNlzIAiL1wwYgql,Sounds Of The Game,xggzM0fEbDM
PLnNotX5RheZj4VjRrIUNlzIAiL1wwYgql,Sounds Of The Game,MtFRMQoPjQw
PLnNotX5RheZj4VjRrIUNlzIAiL1wwYgql,Sounds Of The Game,xklGRBFlGas
PLnNotX5RheZj4VjRrIUNlzIAiL1wwYgql,Sounds Of The Game,WIllvK4EobE
PLnNotX5RheZj4VjRrIUNlzIAiL1wwYgql,Sounds Of The Game,bLTd6I3QPbo
PLnNotX5RheZjP-izPjFFTgAcfLtwT2-19,In Touch With Steve Cherundolo,rmVNE-92vgA
PLnNotX5RheZjP-izPjFFTgAcfLtwT2-19,In Touch With Steve Cherundolo,xI0-Dq222a0
PLnNotX5RheZjP-izPjFFTgAcfLtwT2-19,In Touch With Steve Cherundolo,QAv7G2OMOO4
PLnNotX5RheZjP-izPjFFTgAcfLtwT2-19,In Touch With Steve Cherundolo,focCsUIu6KY
PLnNotX5RheZjP-izPjFFTgAcfLtwT2-19,In Touch With Steve Cherundolo,RBZTJd8xEjo
PLnNotX5RheZjP-izPjFFTgAcfLtwT2-19,In Touch With Steve Cherundolo,7qZEMaxE1s8
PLnNotX5RheZjP-izPjFFTgAcfLtwT2-19,In Touch With Steve Cherundolo,hvfS4QWFK1Y
PLnNotX5RheZjP-izPjFFTgAcfLtwT2-19,In Touch With Steve Cherundolo,9LYl62iPHjc
PLnNotX5RheZjP-izPjFFTgAcfLtwT2-19,In Touch With Steve Cherundolo,xe-wb7BzSDo
PLnNotX5RheZjP-izPjFFTgAcfLtwT2-19,In Touch With Steve Cherundolo,tiqchbhQOaE
PLnNotX5RheZjP-izPjFFTgAcfLtwT2-19,In Touch With Steve Cherundolo,lRcA4yFLoGU
PLnNotX5RheZjP-izPjFFTgAcfLtwT2-19,In Touch With Steve Cherundolo,zxSmvL0qZ0A
PLnNotX5RheZjP-izPjFFTgAcfLtwT2-19,In Touch With Steve Cherundolo,h7ukDdK-IqE
PLnNotX5RheZjP-izPjFFTgAcfLtwT2-19,In Touch With Steve Cherundolo,NZFD5MRAwSE
PLnNotX5RheZjP-izPjFFTgAcfLtwT2-19,In Touch With Steve Cherundolo,kJl1zSiTVh0
PLnNotX5RheZjP-izPjFFTgAcfLtwT2-19,In Touch With Steve Cherundolo,qz8jcRH_SS8
PLnNotX5RheZjP-izPjFFTgAcfLtwT2-19,In Touch With Steve Cherundolo,_GgCAZwynQI
PLnNotX5RheZjP-izPjFFTgAcfLtwT2-19,In Touch With Steve Cherundolo,3e4QacIfGKk
PLnNotX5RheZjP-izPjFFTgAcfLtwT2-19,In Touch With Steve Cherundolo,wDkgIQ_ubmY
PLnNotX5RheZjP-izPjFFTgAcfLtwT2-19,In Touch With Steve Cherundolo,ClkxSrSv-30
PLnNotX5RheZjP-izPjFFTgAcfLtwT2-19,In Touch With Steve Cherundolo,YrVEAU1nlNU
PLnNotX5RheZjP-izPjFFTgAcfLtwT2-19,In Touch With Steve Cherundolo,QYILrG0uT3c
PLnNotX5RheZjP-izPjFFTgAcfLtwT2-19,In Touch With Steve Cherundolo,OE9rUe2P0_E
PLnNotX5RheZjP-izPjFFTgAcfLtwT2-19,In Touch With Steve Cherundolo,jRQtUrGoXvE
PLnNotX5RheZjP-izPjFFTgAcfLtwT2-19,In Touch With Steve Cherundolo,vBPXf6JO16g
PLnNotX5RheZjP-izPjFFTgAcfLtwT2-19,In Touch With Steve Cherundolo,CCYM8UIkJnI
PLnNotX5RheZjP-izPjFFTgAcfLtwT2-19,In Touch With Steve Cherundolo,XUtjA5Z0pao
PLnNotX5RheZjP-izPjFFTgAcfLtwT2-19,In Touch With Steve Cherundolo,7-Fs2hhealI
PLnNotX5RheZjP-izPjFFTgAcfLtwT2-19,In Touch With Steve Cherundolo,dC1_AsPOqkU
PLnNotX5RheZidytMHT_DmBWdr8_xMno5T,Behind The Crest 2022,rkBhavnaauU
PLnNotX5RheZidytMHT_DmBWdr8_xMno5T,Behind The Crest 2022,-jSIsTYpUmI
PLnNotX5RheZg9NGXtvjV27cMtY4MTl4HN,Talk Soccer W/ Dave Denholm,v3hPJO06g_g
PLnNotX5RheZg9NGXtvjV27cMtY4MTl4HN,Talk Soccer W/ Dave Denholm,LZaC0WL5XQo
PLnNotX5RheZhOZcvKmCT_-LdNe6SBIVw3,110 Football x LAFC | Season 2,DIqaPD3ywuU
PLnNotX5RheZhOZcvKmCT_-LdNe6SBIVw3,110 Football x LAFC | Season 2,sDjigQ4rinI
PLnNotX5RheZhOZcvKmCT_-LdNe6SBIVw3,110 Football x LAFC | Season 2,39VWD19A8Bw
PLnNotX5RheZhOZcvKmCT_-LdNe6SBIVw3,110 Football x LAFC | Season 2,VD1z73SDyH4
PLnNotX5RheZhOZcvKmCT_-LdNe6SBIVw3,110 Football x LAFC | Season 2,COBCRH_5aUw
PLnNotX5RheZhOZcvKmCT_-LdNe6SBIVw3,110 Football x LAFC | Season 2,ZYilENOLxvo
PLnNotX5RheZhOZcvKmCT_-LdNe6SBIVw3,110 Football x LAFC | Season 2,IPxc-FbmhZo
PLnNotX5RheZhOZcvKmCT_-LdNe6SBIVw3,110 Football x LAFC | Season 2,dWjxt8iNH58
PLnNotX5RheZhOZcvKmCT_-LdNe6SBIVw3,110 Football x LAFC | Season 2,kzgjnhX9HuY
PLnNotX5RheZhOZcvKmCT_-LdNe6SBIVw3,110 Football x LAFC | Season 2,sA7UfyX906A
PLnNotX5RheZhOZcvKmCT_-LdNe6SBIVw3,110 Football x LAFC | Season 2,PVWIb7GBzOk
PLnNotX5RheZhOZcvKmCT_-LdNe6SBIVw3,110 Football x LAFC | Season 2,qxGCEoNvtXI
PLnNotX5RheZhOZcvKmCT_-LdNe6SBIVw3,110 Football x LAFC | Season 2,0v9SMGyCP78
PLnNotX5RheZhOZcvKmCT_-LdNe6SBIVw3,110 Football x LAFC | Season 2,j4_Obiz9QBA
PLnNotX5RheZhOZcvKmCT_-LdNe6SBIVw3,110 Football x LAFC | Season 2,rj3jfnXiAEA
PLnNotX5RheZhOZcvKmCT_-LdNe6SBIVw3,110 Football x LAFC | Season 2,h_wUV2ScS8E
PLnNotX5RheZhOZcvKmCT_-LdNe6SBIVw3,110 Football x LAFC | Season 2,hnvy2bnm8J0
PLnNotX5RheZhOZcvKmCT_-LdNe6SBIVw3,110 Football x LAFC | Season 2,AkmgfX9dOKU
PLnNotX5RheZhOZcvKmCT_-LdNe6SBIVw3,110 Football x LAFC | Season 2,S6UFYo68qdI
PLnNotX5RheZhOZcvKmCT_-LdNe6SBIVw3,110 Football x LAFC | Season 2,6QHASK60HpI
PLnNotX5RheZhOZcvKmCT_-LdNe6SBIVw3,110 Football x LAFC | Season 2,1dEbk8WVJp8
PLnNotX5RheZhOZcvKmCT_-LdNe6SBIVw3,110 Football x LAFC | Season 2,9-pUZ_pQJnk
PLnNotX5RheZhOZcvKmCT_-LdNe6SBIVw3,110 Football x LAFC | Season 2,jZ0oBOiDwLI
PLnNotX5RheZhOZcvKmCT_-LdNe6SBIVw3,110 Football x LAFC | Season 2,ywM7Bib5b2Y
PLnNotX5RheZhOZcvKmCT_-LdNe6SBIVw3,110 Football x LAFC | Season 2,yULF3R8KqIE
PLnNotX5RheZhOZcvKmCT_-LdNe6SBIVw3,110 Football x LAFC | Season 2,ndFB3X6626M
PLnNotX5RheZhOZcvKmCT_-LdNe6SBIVw3,110 Football x LAFC | Season 2,yqXBF3o_gyc
PLnNotX5RheZhOZcvKmCT_-LdNe6SBIVw3,110 Football x LAFC | Season 2,5riicN3ch5c
PLnNotX5RheZjlNrx_j-_h6dV4DGShfkie,Between Two Coaches,gVm6sZZJPlU
PLnNotX5RheZjlNrx_j-_h6dV4DGShfkie,Between Two Coaches,zxhCDcNDyK4
PLnNotX5RheZjlNrx_j-_h6dV4DGShfkie,Between Two Coaches,s6eoqhtYbGA
PLnNotX5RheZjlNrx_j-_h6dV4DGShfkie,Between Two Coaches,jd2SGxOMABs
PLnNotX5RheZi4OuIDvGcmspjbtFpg4fYV,Shootin' The Shot,HBnvDZ9xgCk
PLnNotX5RheZi4OuIDvGcmspjbtFpg4fYV,Shootin' The Shot,HBnvDZ9xgCk
PLnNotX5RheZi4OuIDvGcmspjbtFpg4fYV,Shootin' The Shot,YOCtMqdTjf8
PLnNotX5RheZi4OuIDvGcmspjbtFpg4fYV,Shootin' The Shot,Kcq1yt3JoTc
PLnNotX5RheZi4OuIDvGcmspjbtFpg4fYV,Shootin' The Shot,AuJB41iq4uk
PLnNotX5RheZi4OuIDvGcmspjbtFpg4fYV,Shootin' The Shot,Pyf1oTmB-hA
PLnNotX5RheZi4OuIDvGcmspjbtFpg4fYV,Shootin' The Shot,vB1Z8psYytE
PLnNotX5RheZi4OuIDvGcmspjbtFpg4fYV,Shootin' The Shot,sWjOGbpgFN0
PLnNotX5RheZi4OuIDvGcmspjbtFpg4fYV,Shootin' The Shot,BgNoG2VegyQ
PLnNotX5RheZi4OuIDvGcmspjbtFpg4fYV,Shootin' The Shot,c640nH77tj0
PLnNotX5RheZi4OuIDvGcmspjbtFpg4fYV,Shootin' The Shot,-hJ4wlnUZLs
PLnNotX5RheZi4OuIDvGcmspjbtFpg4fYV,Shootin' The Shot,ngcJy6GgBGw
PLnNotX5RheZiTk6qqGMJ3RiHqwwE7kBGb,Staying Home,fPV9znhD_OU
PLnNotX5RheZiTk6qqGMJ3RiHqwwE7kBGb,Staying Home,MUZsGtk3Ag0
PLnNotX5RheZiTk6qqGMJ3RiHqwwE7kBGb,Staying Home,WbgdxLaY9jY
PLnNotX5RheZjgcZqGEVhJ2M0TqisVDAdK,LAFC in 30,sWUobJDgiQY
PLnNotX5RheZjgcZqGEVhJ2M0TqisVDAdK,LAFC in 30,-aZQM9q6_PM
PLnNotX5RheZjgcZqGEVhJ2M0TqisVDAdK,LAFC in 30,M6DzrDLFFnU
PLnNotX5RheZjgcZqGEVhJ2M0TqisVDAdK,LAFC in 30,39T1UG-dyEM
PLnNotX5RheZjgcZqGEVhJ2M0TqisVDAdK,LAFC in 30,quJV5HxhNq4
PLnNotX5RheZjgcZqGEVhJ2M0TqisVDAdK,LAFC in 30,pyPOK-lmqYc
PLnNotX5RheZjgcZqGEVhJ2M0TqisVDAdK,LAFC in 30,pyPOK-lmqYc
PLnNotX5RheZjgcZqGEVhJ2M0TqisVDAdK,LAFC in 30,J2prcCTqGP4
PLnNotX5RheZjgcZqGEVhJ2M0TqisVDAdK,LAFC in 30,nvtdIzHPWc8
PLnNotX5RheZjgcZqGEVhJ2M0TqisVDAdK,LAFC in 30,nSzJqDuo4cU
PLnNotX5RheZjgcZqGEVhJ2M0TqisVDAdK,LAFC in 30,nSzJqDuo4cU
PLnNotX5RheZjgcZqGEVhJ2M0TqisVDAdK,LAFC in 30,7pa4vRIiZTU
PLnNotX5RheZjW9xeE9AKTcstfVhjtNafZ,#OnexOne,w-PI8KXvIhQ
PLnNotX5RheZjW9xeE9AKTcstfVhjtNafZ,#OnexOne,poVf4jbckAk
PLnNotX5RheZh8FVCllTy5Q6yPCHOKZBJi,Behind The Crest,JYmWE3_O1dU
PLnNotX5RheZh8FVCllTy5Q6yPCHOKZBJi,Behind The Crest,pPblZT-EJVE
PLnNotX5RheZh8FVCllTy5Q6yPCHOKZBJi,Behind The Crest,xNe7OrUctF4
PLnNotX5RheZh8FVCllTy5Q6yPCHOKZBJi,Behind The Crest,Mk22nBze3Tw
PLnNotX5RheZh8FVCllTy5Q6yPCHOKZBJi,Behind The Crest,5nfrprCeLtk
PLnNotX5RheZh8FVCllTy5Q6yPCHOKZBJi,Behind The Crest,6DZBkenuMIo
PLnNotX5RheZh8FVCllTy5Q6yPCHOKZBJi,Behind The Crest,Hor1K1zurv0
PLnNotX5RheZh8FVCllTy5Q6yPCHOKZBJi,Behind The Crest,aZz1UpkeJqs
PLnNotX5RheZh8FVCllTy5Q6yPCHOKZBJi,Behind The Crest,3i1frwj5b6k
PLnNotX5RheZh8FVCllTy5Q6yPCHOKZBJi,Behind The Crest,PcDgkVCrH-Q
PLnNotX5RheZh8FVCllTy5Q6yPCHOKZBJi,Behind The Crest,xGtJdN235MQ
PLnNotX5RheZh8FVCllTy5Q6yPCHOKZBJi,Behind The Crest,XlW_UrXE024
PLnNotX5RheZh8FVCllTy5Q6yPCHOKZBJi,Behind The Crest,4xbyPdjWOeU
PLnNotX5RheZh8FVCllTy5Q6yPCHOKZBJi,Behind The Crest,9ezXjYD62Ok
PLnNotX5RheZh8FVCllTy5Q6yPCHOKZBJi,Behind The Crest,32wBwZAQBtU
PLnNotX5RheZh8FVCllTy5Q6yPCHOKZBJi,Behind The Crest,U_XhticacHM
PLnNotX5RheZh8FVCllTy5Q6yPCHOKZBJi,Behind The Crest,6cwzxIJlFdI
PLnNotX5RheZh8FVCllTy5Q6yPCHOKZBJi,Behind The Crest,jOe9pwhImoQ
PLnNotX5RheZh8FVCllTy5Q6yPCHOKZBJi,Behind The Crest,-E_pVSgYoo8
PLnNotX5RheZh8FVCllTy5Q6yPCHOKZBJi,Behind The Crest,5m2SCFBI98c
PLnNotX5RheZh8FVCllTy5Q6yPCHOKZBJi,Behind The Crest,hfLfy7RiB5w
PLnNotX5RheZh8FVCllTy5Q6yPCHOKZBJi,Behind The Crest,4hsi-9BB8rM
PLnNotX5RheZh8FVCllTy5Q6yPCHOKZBJi,Behind The Crest,b3edhIpF1cQ
PLnNotX5RheZh8FVCllTy5Q6yPCHOKZBJi,Behind The Crest,oDBKAIAjUHg
PLnNotX5RheZh8FVCllTy5Q6yPCHOKZBJi,Behind The Crest,r34thDuz9pI
PLnNotX5RheZh8FVCllTy5Q6yPCHOKZBJi,Behind The Crest,b_xKeDTE9OU
PLnNotX5RheZh8FVCllTy5Q6yPCHOKZBJi,Behind The Crest,GR8ADcp523g
PLnNotX5RheZh8FVCllTy5Q6yPCHOKZBJi,Behind The Crest,W1Bv-YEuFy4
PLnNotX5RheZh8FVCllTy5Q6yPCHOKZBJi,Behind The Crest,m6JXkq3FixE
PLnNotX5RheZh8FVCllTy5Q6yPCHOKZBJi,Behind The Crest,DMweQyNamd4
PLnNotX5RheZh8FVCllTy5Q6yPCHOKZBJi,Behind The Crest,HjbQK-Rcx0Y
PLnNotX5RheZh8FVCllTy5Q6yPCHOKZBJi,Behind The Crest,eepBn2BbDDs
PLnNotX5RheZh8FVCllTy5Q6yPCHOKZBJi,Behind The Crest,RLhxyBqBsrY
PLnNotX5RheZh8FVCllTy5Q6yPCHOKZBJi,Behind The Crest,TSSYbjzVWyc
PLnNotX5RheZh8FVCllTy5Q6yPCHOKZBJi,Behind The Crest,7nqC5N8SV54
PLnNotX5RheZh8FVCllTy5Q6yPCHOKZBJi,Behind The Crest,y168LUxDIDQ
PLnNotX5RheZh8FVCllTy5Q6yPCHOKZBJi,Behind The Crest,ksldmm5ZIJ0
PLnNotX5RheZh8FVCllTy5Q6yPCHOKZBJi,Behind The Crest,m8jdrpf45cI
PLnNotX5RheZh8FVCllTy5Q6yPCHOKZBJi,Behind The Crest,CzxAKj7I-kA
PLnNotX5RheZh8FVCllTy5Q6yPCHOKZBJi,Behind The Crest,KSdijp0mV7c
PLnNotX5RheZh8FVCllTy5Q6yPCHOKZBJi,Behind The Crest,Vm6NcG2ETZY
PLnNotX5RheZh8FVCllTy5Q6yPCHOKZBJi,Behind The Crest,1_GlhdcHqMk
PLnNotX5RheZh8FVCllTy5Q6yPCHOKZBJi,Behind The Crest,QKRZhNs8yZ0
PLnNotX5RheZh8FVCllTy5Q6yPCHOKZBJi,Behind The Crest,CfbjngczVv8
PLnNotX5RheZh8FVCllTy5Q6yPCHOKZBJi,Behind The Crest,oO8PS5Rp6Ws
PLnNotX5RheZh8FVCllTy5Q6yPCHOKZBJi,Behind The Crest,bn4ZxNht8UQ
PLnNotX5RheZh8FVCllTy5Q6yPCHOKZBJi,Behind The Crest,ZnV0NIefK-Y
PLnNotX5RheZh8FVCllTy5Q6yPCHOKZBJi,Behind The Crest,EOFWahDqMdU
PLnNotX5RheZh8FVCllTy5Q6yPCHOKZBJi,Behind The Crest,Sg4Wki5HnQs
PLnNotX5RheZh8FVCllTy5Q6yPCHOKZBJi,Behind The Crest,Q5kw5375pDc
PLnNotX5RheZh8FVCllTy5Q6yPCHOKZBJi,Behind The Crest,t5vgFW5I5PQ
PLnNotX5RheZh8FVCllTy5Q6yPCHOKZBJi,Behind The Crest,q1yXfDzDPCI
PLnNotX5RheZh8FVCllTy5Q6yPCHOKZBJi,Behind The Crest,YR6l5x1O_TU
PLnNotX5RheZjjSQVS-56dREeDDuUZeB4w,LAFC Player Profiles,uKXe-XiTe-E
PLnNotX5RheZjjSQVS-56dREeDDuUZeB4w,LAFC Player Profiles,giSFYoVbaQY
PLnNotX5RheZjjSQVS-56dREeDDuUZeB4w,LAFC Player Profiles,Q7wrCrO2sI0
PLnNotX5RheZjjSQVS-56dREeDDuUZeB4w,LAFC Player Profiles,-BP8_aSvee0
PLnNotX5RheZjjSQVS-56dREeDDuUZeB4w,LAFC Player Profiles,Dkp87t_2GY0
PLnNotX5RheZjjSQVS-56dREeDDuUZeB4w,LAFC Player Profiles,9oPucXvmyFg
PLnNotX5RheZjjSQVS-56dREeDDuUZeB4w,LAFC Player Profiles,nFRDLRNg12Q
PLnNotX5RheZjjSQVS-56dREeDDuUZeB4w,LAFC Player Profiles,Xg78Sm6c6eY
PLnNotX5RheZjjSQVS-56dREeDDuUZeB4w,LAFC Player Profiles,qZOS9t06SDM
PLnNotX5RheZjjSQVS-56dREeDDuUZeB4w,LAFC Player Profiles,VI3Nqg10vHM
PLnNotX5RheZjjSQVS-56dREeDDuUZeB4w,LAFC Player Profiles,Onp-CXiysPs
PLnNotX5RheZjjSQVS-56dREeDDuUZeB4w,LAFC Player Profiles,Xu-7LS-ujFo
PLnNotX5RheZjjSQVS-56dREeDDuUZeB4w,LAFC Player Profiles,VI3Nqg10vHM
PLnNotX5RheZjjSQVS-56dREeDDuUZeB4w,LAFC Player Profiles,BvgTAz-KiOY
PLnNotX5RheZjjSQVS-56dREeDDuUZeB4w,LAFC Player Profiles,WxEifQm-ezs
PLnNotX5RheZjjSQVS-56dREeDDuUZeB4w,LAFC Player Profiles,R2t631O8Zik
PLnNotX5RheZjjSQVS-56dREeDDuUZeB4w,LAFC Player Profiles,GGmE0b3bj-k
PLnNotX5RheZjBUYwMDN1t1Ua2FNxXY8dC,LAFC Goal Rush Season 2,O717xh1Z2vQ
PLnNotX5RheZjBUYwMDN1t1Ua2FNxXY8dC,LAFC Goal Rush Season 2,kj2gwDlwCuE
PLnNotX5RheZjBUYwMDN1t1Ua2FNxXY8dC,LAFC Goal Rush Season 2,ni8nnXKzpbM
PLnNotX5RheZjBUYwMDN1t1Ua2FNxXY8dC,LAFC Goal Rush Season 2,aYSQssdVpbU
PLnNotX5RheZgKw7SVam7NTYZlWmKYifxn,LAFC Goal Rush Season 1,4qFIncJZ1RY
PLnNotX5RheZgKw7SVam7NTYZlWmKYifxn,LAFC Goal Rush Season 1,MpqpxP9_n_0
PLnNotX5RheZgKw7SVam7NTYZlWmKYifxn,LAFC Goal Rush Season 1,5asUetaenLc
PLnNotX5RheZgKw7SVam7NTYZlWmKYifxn,LAFC Goal Rush Season 1,CGvO0mdPB4A
PLnNotX5RheZiSTiDJdCWzweCVfq25fBOG,Faces Of LAFC,ovuNthYBoM8
PLnNotX5RheZiSTiDJdCWzweCVfq25fBOG,Faces Of LAFC,V6yuOwrhMZU
PLnNotX5RheZiSTiDJdCWzweCVfq25fBOG,Faces Of LAFC,F3FEIEebJYg
PLnNotX5RheZiSTiDJdCWzweCVfq25fBOG,Faces Of LAFC,YmaH_1-HYtE
PLnNotX5RheZiSTiDJdCWzweCVfq25fBOG,Faces Of LAFC,NnS-8sUY2mg
PLnNotX5RheZiSTiDJdCWzweCVfq25fBOG,Faces Of LAFC,6fnLDR-zQQE
PLnNotX5RheZiSTiDJdCWzweCVfq25fBOG,Faces Of LAFC,cEBnrWN5pds
PLnNotX5RheZiSTiDJdCWzweCVfq25fBOG,Faces Of LAFC,nU98fU40bbc
PLnNotX5RheZiSTiDJdCWzweCVfq25fBOG,Faces Of LAFC,WBNLcvFUpb0
PLnNotX5RheZiSTiDJdCWzweCVfq25fBOG,Faces Of LAFC,G1dCINkFF2g
PLnNotX5RheZiSTiDJdCWzweCVfq25fBOG,Faces Of LAFC,-4GYq6jm2tA
PLnNotX5RheZhEJIpZOvp3KP3dgwo2gNhN,LAFC: Black & Gold Season 2,f-UCr9S_vr4
PLnNotX5RheZhEJIpZOvp3KP3dgwo2gNhN,LAFC: Black & Gold Season 2,u5AKWz73EOM
PLnNotX5RheZhEJIpZOvp3KP3dgwo2gNhN,LAFC: Black & Gold Season 2,Zgznjh9ZFUQ
PLnNotX5RheZhEJIpZOvp3KP3dgwo2gNhN,LAFC: Black & Gold Season 2,zbBMZnG-yao
PLnNotX5RheZhEJIpZOvp3KP3dgwo2gNhN,LAFC: Black & Gold Season 2,jIkuXBfqN-c
PLnNotX5RheZhEJIpZOvp3KP3dgwo2gNhN,LAFC: Black & Gold Season 2,TB_8jW6aew8
PLnNotX5RheZhEJIpZOvp3KP3dgwo2gNhN,LAFC: Black & Gold Season 2,VHMRSI5GGhI
PLnNotX5RheZhEJIpZOvp3KP3dgwo2gNhN,LAFC: Black & Gold Season 2,rzYwH4AMnCc
PLnNotX5RheZhYmmkosftvUtcSTrDNQrrk,Taste Of LAFC,YVsBgjyeGN4
PLnNotX5RheZhYmmkosftvUtcSTrDNQrrk,Taste Of LAFC,oP0A8ratIqU
PLnNotX5RheZhYmmkosftvUtcSTrDNQrrk,Taste Of LAFC,XAZX6ccVTmk
PLnNotX5RheZhYmmkosftvUtcSTrDNQrrk,Taste Of LAFC,RlyH-8YWyXA
PLnNotX5RheZhYmmkosftvUtcSTrDNQrrk,Taste Of LAFC,d3pCR8HyvCU
PLnNotX5RheZhb38eCT2wq6NIyoiDoA518,2019 Match Recaps,w1A44p8aTUI
PLnNotX5RheZhb38eCT2wq6NIyoiDoA518,2019 Match Recaps,PBWvS8Fhp48
PLnNotX5RheZhb38eCT2wq6NIyoiDoA518,2019 Match Recaps,iR977TdeW8Q
PLnNotX5RheZhb38eCT2wq6NIyoiDoA518,2019 Match Recaps,ADy0wTzzRsA
PLnNotX5RheZhb38eCT2wq6NIyoiDoA518,2019 Match Recaps,_VP1V0NT0Ds
PLnNotX5RheZhb38eCT2wq6NIyoiDoA518,2019 Match Recaps,vEejya66qwo
PLnNotX5RheZhb38eCT2wq6NIyoiDoA518,2019 Match Recaps,E3HU_SmJKCE
PLnNotX5RheZhb38eCT2wq6NIyoiDoA518,2019 Match Recaps,T1yyyAH4Y0w
PLnNotX5RheZhb38eCT2wq6NIyoiDoA518,2019 Match Recaps,S4uyZjL63js
PLnNotX5RheZhb38eCT2wq6NIyoiDoA518,2019 Match Recaps,IPCRfixtYG8
PLnNotX5RheZhb38eCT2wq6NIyoiDoA518,2019 Match Recaps,8kWPbMaAdMY
PLnNotX5RheZhb38eCT2wq6NIyoiDoA518,2019 Match Recaps,ah6lbc6Y8tA
PLnNotX5RheZhb38eCT2wq6NIyoiDoA518,2019 Match Recaps,sBuhZKv-EWY
PLnNotX5RheZhb38eCT2wq6NIyoiDoA518,2019 Match Recaps,7djH-6drc5U
PLnNotX5RheZhb38eCT2wq6NIyoiDoA518,2019 Match Recaps,znrGvxw3WIg
PLnNotX5RheZhb38eCT2wq6NIyoiDoA518,2019 Match Recaps,fYqznxjd3qA
PLnNotX5RheZhb38eCT2wq6NIyoiDoA518,2019 Match Recaps,7kpSCFqITT4
PLnNotX5RheZhb38eCT2wq6NIyoiDoA518,2019 Match Recaps,uq1N8_ZpqZU
PLnNotX5RheZhb38eCT2wq6NIyoiDoA518,2019 Match Recaps,1oCiwkWu9Dc
PLnNotX5RheZhb38eCT2wq6NIyoiDoA518,2019 Match Recaps,2CRjRhg0VhQ
PLnNotX5RheZhb38eCT2wq6NIyoiDoA518,2019 Match Recaps,_afdo77X_uo
PLnNotX5RheZhb38eCT2wq6NIyoiDoA518,2019 Match Recaps,_afdo77X_uo
PLnNotX5RheZhb38eCT2wq6NIyoiDoA518,2019 Match Recaps,1v9x4A-RNTM
PLnNotX5RheZiIlKIEEEQfvESrMMjn5MtJ,Inside LAFC,5o8eC2o3ns4
PLnNotX5RheZiIlKIEEEQfvESrMMjn5MtJ,Inside LAFC,yS_ur2p9glw
PLnNotX5RheZiIlKIEEEQfvESrMMjn5MtJ,Inside LAFC,L-s4QGSRd1Y
PLnNotX5RheZiIlKIEEEQfvESrMMjn5MtJ,Inside LAFC,J8KtvKKDsBI
PLnNotX5RheZiIlKIEEEQfvESrMMjn5MtJ,Inside LAFC,g5YJs1CyZjU
PLnNotX5RheZiIlKIEEEQfvESrMMjn5MtJ,Inside LAFC,-4zdOMMCBZc
PLnNotX5RheZiIlKIEEEQfvESrMMjn5MtJ,Inside LAFC,by-THnALFAs
PLnNotX5RheZiIlKIEEEQfvESrMMjn5MtJ,Inside LAFC,tLtU0HlB0SM
PLnNotX5RheZiIlKIEEEQfvESrMMjn5MtJ,Inside LAFC,94vW-su0KAk
PLnNotX5RheZiIlKIEEEQfvESrMMjn5MtJ,Inside LAFC,6iVnu0JX0lM
PLnNotX5RheZiIlKIEEEQfvESrMMjn5MtJ,Inside LAFC,aw_qXlK63As
PLnNotX5RheZiIlKIEEEQfvESrMMjn5MtJ,Inside LAFC,vICpFUNZMwc
PLnNotX5RheZiIlKIEEEQfvESrMMjn5MtJ,Inside LAFC,E5oAqNyKV-c
PLnNotX5RheZiIlKIEEEQfvESrMMjn5MtJ,Inside LAFC,j_YjAxuOAa0
PLnNotX5RheZiIlKIEEEQfvESrMMjn5MtJ,Inside LAFC,1ygFIfSh1eA
PLnNotX5RheZiIlKIEEEQfvESrMMjn5MtJ,Inside LAFC,kdtTrZMVO7w
PLnNotX5RheZiIlKIEEEQfvESrMMjn5MtJ,Inside LAFC,3oDFxyxkSaU
PLnNotX5RheZiIlKIEEEQfvESrMMjn5MtJ,Inside LAFC,m6K58RRcXyA
PLnNotX5RheZiIlKIEEEQfvESrMMjn5MtJ,Inside LAFC,Ac6M9fWF9W8
PLnNotX5RheZiIlKIEEEQfvESrMMjn5MtJ,Inside LAFC,DNZCKZcAdIw
PLnNotX5RheZiIlKIEEEQfvESrMMjn5MtJ,Inside LAFC,9nZH_tjteXg
PLnNotX5RheZiIlKIEEEQfvESrMMjn5MtJ,Inside LAFC,0MXQq7F_nVA
PLnNotX5RheZiIlKIEEEQfvESrMMjn5MtJ,Inside LAFC,LCdZMf1GS8Y
PLnNotX5RheZiIlKIEEEQfvESrMMjn5MtJ,Inside LAFC,TjhQgssMwJM
PLnNotX5RheZiIlKIEEEQfvESrMMjn5MtJ,Inside LAFC,Mjqz1TD38UA
PLnNotX5RheZiIlKIEEEQfvESrMMjn5MtJ,Inside LAFC,qnVMSvOPXNo
PLnNotX5RheZiIlKIEEEQfvESrMMjn5MtJ,Inside LAFC,3-0J4V7ovoY
PLnNotX5RheZiIlKIEEEQfvESrMMjn5MtJ,Inside LAFC,1piLTywc4Zs
PLnNotX5RheZiIlKIEEEQfvESrMMjn5MtJ,Inside LAFC,mVTMYpBIv-4
PLnNotX5RheZiIlKIEEEQfvESrMMjn5MtJ,Inside LAFC,DDBAOsLAFMc
PLnNotX5RheZiIlKIEEEQfvESrMMjn5MtJ,Inside LAFC,FAmzzkqd2G8
PLnNotX5RheZiIlKIEEEQfvESrMMjn5MtJ,Inside LAFC,Km0rfotzikA
PLnNotX5RheZiIlKIEEEQfvESrMMjn5MtJ,Inside LAFC,G2XZZz0D7pU
PLnNotX5RheZiIlKIEEEQfvESrMMjn5MtJ,Inside LAFC,OM9V3BFPRBQ
PLnNotX5RheZiIlKIEEEQfvESrMMjn5MtJ,Inside LAFC,rrP_E1sfatg
PLnNotX5RheZiIlKIEEEQfvESrMMjn5MtJ,Inside LAFC,gU7THcKzuA0
PLnNotX5RheZiIlKIEEEQfvESrMMjn5MtJ,Inside LAFC,TeriPvdOlao
PLnNotX5RheZiIlKIEEEQfvESrMMjn5MtJ,Inside LAFC,_SOYOp_rheg
PLnNotX5RheZiIlKIEEEQfvESrMMjn5MtJ,Inside LAFC,2S9PV3jpB-w
PLnNotX5RheZiIlKIEEEQfvESrMMjn5MtJ,Inside LAFC,BtN9nqMgQfs
PLnNotX5RheZiIlKIEEEQfvESrMMjn5MtJ,Inside LAFC,6L-6F20sxQo
PLnNotX5RheZiIlKIEEEQfvESrMMjn5MtJ,Inside LAFC,379c-INDgGE
PLnNotX5RheZiIlKIEEEQfvESrMMjn5MtJ,Inside LAFC,VWXqW74Jn6E
PLnNotX5RheZiIlKIEEEQfvESrMMjn5MtJ,Inside LAFC,mH04GOxf4KM
PLnNotX5RheZiIlKIEEEQfvESrMMjn5MtJ,Inside LAFC,TmfK2_ZFv5o
PLnNotX5RheZiIlKIEEEQfvESrMMjn5MtJ,Inside LAFC,I5kvV83sE9M
PLnNotX5RheZiIlKIEEEQfvESrMMjn5MtJ,Inside LAFC,NB1rIcx_-GY
PLnNotX5RheZiIlKIEEEQfvESrMMjn5MtJ,Inside LAFC,EiA7DywYAE8
PLnNotX5RheZiIlKIEEEQfvESrMMjn5MtJ,Inside LAFC,9WKprDd5tek
PLnNotX5RheZiIlKIEEEQfvESrMMjn5MtJ,Inside LAFC,813TxcD69J4
PLnNotX5RheZiIlKIEEEQfvESrMMjn5MtJ,Inside LAFC,ANmdH3qL8bM
PLnNotX5RheZiIlKIEEEQfvESrMMjn5MtJ,Inside LAFC,yGOlb34k1y8
PLnNotX5RheZiIlKIEEEQfvESrMMjn5MtJ,Inside LAFC,rnVzCZjbNm0
PLnNotX5RheZiIlKIEEEQfvESrMMjn5MtJ,Inside LAFC,ZeMoX-buhnk
PLnNotX5RheZiIlKIEEEQfvESrMMjn5MtJ,Inside LAFC,ll-K9YjudzQ
PLnNotX5RheZiIlKIEEEQfvESrMMjn5MtJ,Inside LAFC,D_gQpO-OXwY
PLnNotX5RheZiIlKIEEEQfvESrMMjn5MtJ,Inside LAFC,GWIJn3dhVYs
PLnNotX5RheZiIlKIEEEQfvESrMMjn5MtJ,Inside LAFC,bcogQgHPp8Y
PLnNotX5RheZiIlKIEEEQfvESrMMjn5MtJ,Inside LAFC,6h8uL4kHNOM
PLnNotX5RheZiIlKIEEEQfvESrMMjn5MtJ,Inside LAFC,rAjJOEzd1Mk
PLnNotX5RheZiIlKIEEEQfvESrMMjn5MtJ,Inside LAFC,riJ74PMRclk
PLnNotX5RheZiIlKIEEEQfvESrMMjn5MtJ,Inside LAFC,QLz4NHVLIEU
PLnNotX5RheZiIlKIEEEQfvESrMMjn5MtJ,Inside LAFC,4XiAe0CpHnk
PLnNotX5RheZiIlKIEEEQfvESrMMjn5MtJ,Inside LAFC,27-A6Q9DDJI
PLnNotX5RheZiIlKIEEEQfvESrMMjn5MtJ,Inside LAFC,xLCH_SnxqLA
PLnNotX5RheZiIlKIEEEQfvESrMMjn5MtJ,Inside LAFC,mMxojDEX63U
PLnNotX5RheZiIlKIEEEQfvESrMMjn5MtJ,Inside LAFC,Z915hUW2O5c
PLnNotX5RheZiIlKIEEEQfvESrMMjn5MtJ,Inside LAFC,7AcQEFOzlG8
PLnNotX5RheZiIlKIEEEQfvESrMMjn5MtJ,Inside LAFC,3HfySSc_lUo
PLnNotX5RheZiIlKIEEEQfvESrMMjn5MtJ,Inside LAFC,3oh11pzwasI
PLnNotX5RheZiIlKIEEEQfvESrMMjn5MtJ,Inside LAFC,mZGhwYbI228
PLnNotX5RheZiIlKIEEEQfvESrMMjn5MtJ,Inside LAFC,zBlagUaXXpQ
PLnNotX5RheZiIlKIEEEQfvESrMMjn5MtJ,Inside LAFC,K3JCtxN-s9E
PLnNotX5RheZiIlKIEEEQfvESrMMjn5MtJ,Inside LAFC,fO2_1Y3ayg8
PLnNotX5RheZiIlKIEEEQfvESrMMjn5MtJ,Inside LAFC,zrks-RJBevI
PLnNotX5RheZiIlKIEEEQfvESrMMjn5MtJ,Inside LAFC,g33VgDeNmj0
PLnNotX5RheZiIlKIEEEQfvESrMMjn5MtJ,Inside LAFC,Kiq7NtZqFkc
PLnNotX5RheZiIlKIEEEQfvESrMMjn5MtJ,Inside LAFC,s40rKN5x87o
PLnNotX5RheZiIlKIEEEQfvESrMMjn5MtJ,Inside LAFC,RfaLJNVY7I4
PLnNotX5RheZiIlKIEEEQfvESrMMjn5MtJ,Inside LAFC,w5F_BwVpGcw
PLnNotX5RheZiIlKIEEEQfvESrMMjn5MtJ,Inside LAFC,94zXtNbur_8
PLnNotX5RheZiIlKIEEEQfvESrMMjn5MtJ,Inside LAFC,VLg28VfoAiw
PLnNotX5RheZiIlKIEEEQfvESrMMjn5MtJ,Inside LAFC,4mRKCOd1iSs
PLnNotX5RheZiIlKIEEEQfvESrMMjn5MtJ,Inside LAFC,UI4qaGsJDiU
PLnNotX5RheZiIlKIEEEQfvESrMMjn5MtJ,Inside LAFC,MBSYAGEFhS4
PLnNotX5RheZiIlKIEEEQfvESrMMjn5MtJ,Inside LAFC,mEr4EKUDv9w
PLnNotX5RheZiIlKIEEEQfvESrMMjn5MtJ,Inside LAFC,aR2NbizURl4
PLnNotX5RheZiIlKIEEEQfvESrMMjn5MtJ,Inside LAFC,D97FI8j0Dc4
PLnNotX5RheZiIlKIEEEQfvESrMMjn5MtJ,Inside LAFC,1l-EbNLw-6U
PLnNotX5RheZiIlKIEEEQfvESrMMjn5MtJ,Inside LAFC,W8PC9co0VUg
PLnNotX5RheZiIlKIEEEQfvESrMMjn5MtJ,Inside LAFC,9WI5mM6uwmk
PLnNotX5RheZiIlKIEEEQfvESrMMjn5MtJ,Inside LAFC,X6Ni1fR7nis
PLnNotX5RheZiIlKIEEEQfvESrMMjn5MtJ,Inside LAFC,WyOwyIwsryk
PLnNotX5RheZiIlKIEEEQfvESrMMjn5MtJ,Inside LAFC,14nwvHFgobw
PLnNotX5RheZiIlKIEEEQfvESrMMjn5MtJ,Inside LAFC,94e3h270CbU
PLnNotX5RheZiIlKIEEEQfvESrMMjn5MtJ,Inside LAFC,XconAsyXhxY
PLnNotX5RheZiIlKIEEEQfvESrMMjn5MtJ,Inside LAFC,n6FTJBt8JrI
PLnNotX5RheZiIlKIEEEQfvESrMMjn5MtJ,Inside LAFC,7ptN51Hy9Qs
PLnNotX5RheZiIlKIEEEQfvESrMMjn5MtJ,Inside LAFC,YcxysgD1u9I
PLnNotX5RheZiIlKIEEEQfvESrMMjn5MtJ,Inside LAFC,Yq9z6C5CG9E
PLnNotX5RheZiIlKIEEEQfvESrMMjn5MtJ,Inside LAFC,2DIcqubK4wE
PLnNotX5RheZiIlKIEEEQfvESrMMjn5MtJ,Inside LAFC,imdxb-jKQkI
PLnNotX5RheZiIlKIEEEQfvESrMMjn5MtJ,Inside LAFC,1T3l89ynyNw
PLnNotX5RheZiIlKIEEEQfvESrMMjn5MtJ,Inside LAFC,JAB2pjWZ37M
PLnNotX5RheZiIlKIEEEQfvESrMMjn5MtJ,Inside LAFC,JLlHcn8OLKA
PLnNotX5RheZiIlKIEEEQfvESrMMjn5MtJ,Inside LAFC,KlmInezyFzE
PLnNotX5RheZiIlKIEEEQfvESrMMjn5MtJ,Inside LAFC,rffQ1g7u5dM
PLnNotX5RheZiIlKIEEEQfvESrMMjn5MtJ,Inside LAFC,y-g_ge186jc
PLnNotX5RheZiIlKIEEEQfvESrMMjn5MtJ,Inside LAFC,rTMUn2fACKo
PLnNotX5RheZiIlKIEEEQfvESrMMjn5MtJ,Inside LAFC,zYN812Kcp-I
PLnNotX5RheZiIlKIEEEQfvESrMMjn5MtJ,Inside LAFC,VQgBpwDFvf0
PLnNotX5RheZiIlKIEEEQfvESrMMjn5MtJ,Inside LAFC,sgF9VQmp4Uk
PLnNotX5RheZiIlKIEEEQfvESrMMjn5MtJ,Inside LAFC,3DJqV90xbSU
PLnNotX5RheZiIlKIEEEQfvESrMMjn5MtJ,Inside LAFC,oj4t67NphQM
PLnNotX5RheZiIlKIEEEQfvESrMMjn5MtJ,Inside LAFC,Yo0aUUDfJBs
PLnNotX5RheZiIlKIEEEQfvESrMMjn5MtJ,Inside LAFC,nzctY7-0iOM
PLnNotX5RheZiIlKIEEEQfvESrMMjn5MtJ,Inside LAFC,mL8zNIOC1mQ
PLnNotX5RheZiIlKIEEEQfvESrMMjn5MtJ,Inside LAFC,1fGoMhtd2Mk
PLnNotX5RheZiIlKIEEEQfvESrMMjn5MtJ,Inside LAFC,UAPDLgAdjl0
PLnNotX5RheZiIlKIEEEQfvESrMMjn5MtJ,Inside LAFC,ZqyWvqcsES8
PLnNotX5RheZiIlKIEEEQfvESrMMjn5MtJ,Inside LAFC,parB_9rI26c
PLnNotX5RheZiIlKIEEEQfvESrMMjn5MtJ,Inside LAFC,RZ3fjvslGV8
PLnNotX5RheZiIlKIEEEQfvESrMMjn5MtJ,Inside LAFC,qNkABBNsAfY
PLnNotX5RheZiIlKIEEEQfvESrMMjn5MtJ,Inside LAFC,lieNIH4oC4M
PLnNotX5RheZiIlKIEEEQfvESrMMjn5MtJ,Inside LAFC,BNmoH_VQ1Jc
PLnNotX5RheZiIlKIEEEQfvESrMMjn5MtJ,Inside LAFC,zJ6wdgyzulI
PLnNotX5RheZiIlKIEEEQfvESrMMjn5MtJ,Inside LAFC,AzW9zD-9-4k
PLnNotX5RheZiIlKIEEEQfvESrMMjn5MtJ,Inside LAFC,LMb7ekMncbk
PLnNotX5RheZiIlKIEEEQfvESrMMjn5MtJ,Inside LAFC,vA_sUJ8nJkA
PLnNotX5RheZiIlKIEEEQfvESrMMjn5MtJ,Inside LAFC,RyL93wmu4Bw
PLnNotX5RheZiIlKIEEEQfvESrMMjn5MtJ,Inside LAFC,BG3KpDpjqgk
PLnNotX5RheZiIlKIEEEQfvESrMMjn5MtJ,Inside LAFC,v4-yfFvdn1o
PLnNotX5RheZiIlKIEEEQfvESrMMjn5MtJ,Inside LAFC,mukn6iyMTnI
PLnNotX5RheZiIlKIEEEQfvESrMMjn5MtJ,Inside LAFC,KxJoCy_Ne7A
PLnNotX5RheZiIlKIEEEQfvESrMMjn5MtJ,Inside LAFC,qjGVbwhi1_s
PLnNotX5RheZiIlKIEEEQfvESrMMjn5MtJ,Inside LAFC,CktD9VWEm7o
PLnNotX5RheZiIlKIEEEQfvESrMMjn5MtJ,Inside LAFC,UPmAXnkH8a8
PLnNotX5RheZiIlKIEEEQfvESrMMjn5MtJ,Inside LAFC,SnJqNxrnSiw
PLnNotX5RheZiIlKIEEEQfvESrMMjn5MtJ,Inside LAFC,iJ9oWTDMXFk
PLnNotX5RheZiIlKIEEEQfvESrMMjn5MtJ,Inside LAFC,_crJpycF8vM
PLnNotX5RheZiIlKIEEEQfvESrMMjn5MtJ,Inside LAFC,eVQndNsyB0s
PLnNotX5RheZiIlKIEEEQfvESrMMjn5MtJ,Inside LAFC,CsSykrO_tBo
PLnNotX5RheZiIlKIEEEQfvESrMMjn5MtJ,Inside LAFC,SddvQt4O5pM
PLnNotX5RheZiIlKIEEEQfvESrMMjn5MtJ,Inside LAFC,9m8-8ZxdE-I
PLnNotX5RheZiIlKIEEEQfvESrMMjn5MtJ,Inside LAFC,OGOZ1JTtMo8
PLnNotX5RheZiIlKIEEEQfvESrMMjn5MtJ,Inside LAFC,diB3HfgmRfU
PLnNotX5RheZiIlKIEEEQfvESrMMjn5MtJ,Inside LAFC,7izY9s2tjxI
PLnNotX5RheZiIlKIEEEQfvESrMMjn5MtJ,Inside LAFC,_pJkkQiyEvU
PLnNotX5RheZiIlKIEEEQfvESrMMjn5MtJ,Inside LAFC,jFF8lrS58eA
PLnNotX5RheZiIlKIEEEQfvESrMMjn5MtJ,Inside LAFC,qLqrKmJRN4g
PLnNotX5RheZiIlKIEEEQfvESrMMjn5MtJ,Inside LAFC,LPlzcImS5UI
PLnNotX5RheZiIlKIEEEQfvESrMMjn5MtJ,Inside LAFC,MERf39-K2W8
PLnNotX5RheZiIlKIEEEQfvESrMMjn5MtJ,Inside LAFC,qPVc3wGVR_0
PLnNotX5RheZiIlKIEEEQfvESrMMjn5MtJ,Inside LAFC,-EXmSRu_STQ
PLnNotX5RheZiIlKIEEEQfvESrMMjn5MtJ,Inside LAFC,cZWITBoVaaY
PLnNotX5RheZiIlKIEEEQfvESrMMjn5MtJ,Inside LAFC,dd9jXggStZw
PLnNotX5RheZiIlKIEEEQfvESrMMjn5MtJ,Inside LAFC,Chds68Zgdts
PLnNotX5RheZiIlKIEEEQfvESrMMjn5MtJ,Inside LAFC,vsMKLYP7LsY
PLnNotX5RheZiIlKIEEEQfvESrMMjn5MtJ,Inside LAFC,7HGc7TFbnQU
PLnNotX5RheZiIlKIEEEQfvESrMMjn5MtJ,Inside LAFC,Vtaao8pBFXY
PLnNotX5RheZiIlKIEEEQfvESrMMjn5MtJ,Inside LAFC,dfs-fR1lYUU
PLnNotX5RheZiIlKIEEEQfvESrMMjn5MtJ,Inside LAFC,XiBWsPf7DMs
PLnNotX5RheZiIlKIEEEQfvESrMMjn5MtJ,Inside LAFC,XBb7ieD5Jwc
PLnNotX5RheZiIlKIEEEQfvESrMMjn5MtJ,Inside LAFC,Mmq6NFHnd_M
PLnNotX5RheZiIlKIEEEQfvESrMMjn5MtJ,Inside LAFC,HshI6j1yTzs
PLnNotX5RheZiIlKIEEEQfvESrMMjn5MtJ,Inside LAFC,jKIXNFNgJtc
PLnNotX5RheZiIlKIEEEQfvESrMMjn5MtJ,Inside LAFC,JyueFEuMI-A
PLnNotX5RheZiIlKIEEEQfvESrMMjn5MtJ,Inside LAFC,vr4qn8xjoUI
PLnNotX5RheZiIlKIEEEQfvESrMMjn5MtJ,Inside LAFC,r2Jj6Rh8NqM
PLnNotX5RheZiIlKIEEEQfvESrMMjn5MtJ,Inside LAFC,E4WStJVWTSM
PLnNotX5RheZiIlKIEEEQfvESrMMjn5MtJ,Inside LAFC,PuZREShczsE
PLnNotX5RheZiIlKIEEEQfvESrMMjn5MtJ,Inside LAFC,7-J4s6eS2Ao
PLnNotX5RheZiIlKIEEEQfvESrMMjn5MtJ,Inside LAFC,aNtXd1Yato0
PLnNotX5RheZiIlKIEEEQfvESrMMjn5MtJ,Inside LAFC,7KMHKx3_6Ak
PLnNotX5RheZiIlKIEEEQfvESrMMjn5MtJ,Inside LAFC,ss-FdFsO384
PLnNotX5RheZiIlKIEEEQfvESrMMjn5MtJ,Inside LAFC,nVdfseu1EIQ
PLnNotX5RheZiIlKIEEEQfvESrMMjn5MtJ,Inside LAFC,sRGrk__euUk
PLnNotX5RheZiIlKIEEEQfvESrMMjn5MtJ,Inside LAFC,F1Heb3ftEEw
PLnNotX5RheZiIlKIEEEQfvESrMMjn5MtJ,Inside LAFC,zwLrtCsu9oQ
PLnNotX5RheZiIlKIEEEQfvESrMMjn5MtJ,Inside LAFC,F9_nx9wcIzc
PLnNotX5RheZiIlKIEEEQfvESrMMjn5MtJ,Inside LAFC,xzKY7tNkxNs
PLnNotX5RheZiIlKIEEEQfvESrMMjn5MtJ,Inside LAFC,3q-Fb7urTQY
PLnNotX5RheZiIlKIEEEQfvESrMMjn5MtJ,Inside LAFC,lhq9wPk91g8
PLnNotX5RheZiIlKIEEEQfvESrMMjn5MtJ,Inside LAFC,Hr6nLJis3X4
PLnNotX5RheZiIlKIEEEQfvESrMMjn5MtJ,Inside LAFC,rU1FduEdlII
PLnNotX5RheZiIlKIEEEQfvESrMMjn5MtJ,Inside LAFC,hpY0K-hcJME
PLnNotX5RheZiIlKIEEEQfvESrMMjn5MtJ,Inside LAFC,f-Pxu0f6bOs
PLnNotX5RheZiIlKIEEEQfvESrMMjn5MtJ,Inside LAFC,K6wNHRxk50M
PLnNotX5RheZiIlKIEEEQfvESrMMjn5MtJ,Inside LAFC,6tIY3rSnv0o
PLnNotX5RheZiIlKIEEEQfvESrMMjn5MtJ,Inside LAFC,WggUekTVh-w
PLnNotX5RheZiIlKIEEEQfvESrMMjn5MtJ,Inside LAFC,FidwXbMdPXM
PLnNotX5RheZiIlKIEEEQfvESrMMjn5MtJ,Inside LAFC,3q4q7iZaWJ8
PLnNotX5RheZiIlKIEEEQfvESrMMjn5MtJ,Inside LAFC,aIvFZJmV_Oo
PLnNotX5RheZiIlKIEEEQfvESrMMjn5MtJ,Inside LAFC,pV0idWDBqrk
PLnNotX5RheZiIlKIEEEQfvESrMMjn5MtJ,Inside LAFC,TUJZe4Plt7I
PLnNotX5RheZiIlKIEEEQfvESrMMjn5MtJ,Inside LAFC,-mESrO9YxE8
PLnNotX5RheZiIlKIEEEQfvESrMMjn5MtJ,Inside LAFC,PuDCwNYd-Xg
PLnNotX5RheZiIlKIEEEQfvESrMMjn5MtJ,Inside LAFC,hD96bS9xpXY
PLnNotX5RheZiIlKIEEEQfvESrMMjn5MtJ,Inside LAFC,wlHNAsPEi04
PLnNotX5RheZiIlKIEEEQfvESrMMjn5MtJ,Inside LAFC,AZtejhCkIOY
PLnNotX5RheZiIlKIEEEQfvESrMMjn5MtJ,Inside LAFC,DcMgTe-1jr8
PLnNotX5RheZiIlKIEEEQfvESrMMjn5MtJ,Inside LAFC,x60jYv5DwAA
PLnNotX5RheZiIlKIEEEQfvESrMMjn5MtJ,Inside LAFC,39RW9-inX6Q
PLnNotX5RheZiIlKIEEEQfvESrMMjn5MtJ,Inside LAFC,GdA5Jh7KaRQ
PLnNotX5RheZiIlKIEEEQfvESrMMjn5MtJ,Inside LAFC,4xGMbH8ndvE
PLnNotX5RheZiIlKIEEEQfvESrMMjn5MtJ,Inside LAFC,esSEuUn9FdY
PLnNotX5RheZiIlKIEEEQfvESrMMjn5MtJ,Inside LAFC,PON4k444lxo
PLnNotX5RheZiIlKIEEEQfvESrMMjn5MtJ,Inside LAFC,5ZL3kXAfcR4
PLnNotX5RheZiIlKIEEEQfvESrMMjn5MtJ,Inside LAFC,xpXMQ9t9I1U
PLnNotX5RheZiIlKIEEEQfvESrMMjn5MtJ,Inside LAFC,VShBRcWVBaM
PLnNotX5RheZiIlKIEEEQfvESrMMjn5MtJ,Inside LAFC,iKYVQHbTr34
PLnNotX5RheZiIlKIEEEQfvESrMMjn5MtJ,Inside LAFC,aucnwDfZgLk
PLnNotX5RheZiIlKIEEEQfvESrMMjn5MtJ,Inside LAFC,ZNP3Qn4xdS4
PLnNotX5RheZiIlKIEEEQfvESrMMjn5MtJ,Inside LAFC,xCfba-65VMo
PLnNotX5RheZiIlKIEEEQfvESrMMjn5MtJ,Inside LAFC,MOis5hpjOPc
PLnNotX5RheZiIlKIEEEQfvESrMMjn5MtJ,Inside LAFC,Nu5V2ezsiVg
PLnNotX5RheZiIlKIEEEQfvESrMMjn5MtJ,Inside LAFC,ajeXiZDquM0
PLnNotX5RheZiIlKIEEEQfvESrMMjn5MtJ,Inside LAFC,QSYxP0LrP9I
PLnNotX5RheZiIlKIEEEQfvESrMMjn5MtJ,Inside LAFC,qd1dRKGzC_Q
PLnNotX5RheZiIlKIEEEQfvESrMMjn5MtJ,Inside LAFC,myEmGd8C2ow
PLnNotX5RheZiIlKIEEEQfvESrMMjn5MtJ,Inside LAFC,BvIAJ-LpLnU
PLnNotX5RheZiIlKIEEEQfvESrMMjn5MtJ,Inside LAFC,HE2M9tmF3v4
PLnNotX5RheZiIlKIEEEQfvESrMMjn5MtJ,Inside LAFC,ESGhIdVoe30
PLnNotX5RheZiIlKIEEEQfvESrMMjn5MtJ,Inside LAFC,K7TwnTWf-n8
PLnNotX5RheZiIlKIEEEQfvESrMMjn5MtJ,Inside LAFC,CsLWCzbAgt0
PLnNotX5RheZiIlKIEEEQfvESrMMjn5MtJ,Inside LAFC,UoamHU3ximg
PLnNotX5RheZiIlKIEEEQfvESrMMjn5MtJ,Inside LAFC,rP_k05juEJ0
PLnNotX5RheZiIlKIEEEQfvESrMMjn5MtJ,Inside LAFC,xp2fINZtAH4
PLnNotX5RheZiIlKIEEEQfvESrMMjn5MtJ,Inside LAFC,FnB7Pp9r_3s
PLnNotX5RheZiIlKIEEEQfvESrMMjn5MtJ,Inside LAFC,17jUajmZy8k
PLnNotX5RheZiX3PxCUCVZjYtqOHpJg-w9,2019 Season Preview,dr6-hjxRj9g
PLnNotX5RheZiX3PxCUCVZjYtqOHpJg-w9,2019 Season Preview,IPslKYPDhW4
PLnNotX5RheZiX3PxCUCVZjYtqOHpJg-w9,2019 Season Preview,uUrrwLh1yLs
PLnNotX5RheZiX3PxCUCVZjYtqOHpJg-w9,2019 Season Preview,PMMT4MU45A4
PLnNotX5RheZiX3PxCUCVZjYtqOHpJg-w9,2019 Season Preview,aTewlj6Zfwo
PLnNotX5RheZiX3PxCUCVZjYtqOHpJg-w9,2019 Season Preview,s94dOyjpBio
PLnNotX5RheZgH0BhRbFOxX7vEJq8h0APY,The Call Up | USMNT 2019 Camp,sdcYLAMvcGU
PLnNotX5RheZgH0BhRbFOxX7vEJq8h0APY,The Call Up | USMNT 2019 Camp,4D9Vw21oba4
PLnNotX5RheZgH0BhRbFOxX7vEJq8h0APY,The Call Up | USMNT 2019 Camp,y9c3GW-5VgY
PLnNotX5RheZhfs7oL6m_Row8_3I_ZCopZ,Explore BMO Stadium,v5EGTBpQ5DQ
PLnNotX5RheZhfs7oL6m_Row8_3I_ZCopZ,Explore BMO Stadium,kbCa5S83F18
PLnNotX5RheZhfs7oL6m_Row8_3I_ZCopZ,Explore BMO Stadium,c9TOVjPyHsw
PLnNotX5RheZhfs7oL6m_Row8_3I_ZCopZ,Explore BMO Stadium,c-j_43spAr4
PLnNotX5RheZhfs7oL6m_Row8_3I_ZCopZ,Explore BMO Stadium,B3XGHXCKAuQ
PLnNotX5RheZhfs7oL6m_Row8_3I_ZCopZ,Explore BMO Stadium,CRtSTodP09Q
PLnNotX5RheZhfs7oL6m_Row8_3I_ZCopZ,Explore BMO Stadium,FTIaH-kpzCM
PLnNotX5RheZhfs7oL6m_Row8_3I_ZCopZ,Explore BMO Stadium,HSFbcJU51lA
PLnNotX5RheZhfs7oL6m_Row8_3I_ZCopZ,Explore BMO Stadium,fkNDpeZO3mE
PLnNotX5RheZhfs7oL6m_Row8_3I_ZCopZ,Explore BMO Stadium,mV-dWaQXWDE
PLnNotX5RheZj8UeFT9AnyFjNNnfpoy0sF,TASTEMAKERS presented by Francis Ford Coppola Winery,0mo10mknAEs
PLnNotX5RheZj8UeFT9AnyFjNNnfpoy0sF,TASTEMAKERS presented by Francis Ford Coppola Winery,7Uo4i0KvQ4o
PLnNotX5RheZhz78ivPu_NDsO6-6HI5mYm,Beita Time : Season 1,eKktcUryxFM
PLnNotX5RheZhz78ivPu_NDsO6-6HI5mYm,Beita Time : Season 1,ewF_pG3IwLo
PLnNotX5RheZhz78ivPu_NDsO6-6HI5mYm,Beita Time : Season 1,6no1uppROzo
PLnNotX5RheZhz78ivPu_NDsO6-6HI5mYm,Beita Time : Season 1,l0P0-qBha0s
PLnNotX5RheZhz78ivPu_NDsO6-6HI5mYm,Beita Time : Season 1,-Lj_gcPfR_Q
PLnNotX5RheZhz78ivPu_NDsO6-6HI5mYm,Beita Time : Season 1,AausGeuwp2w
PLnNotX5RheZhz78ivPu_NDsO6-6HI5mYm,Beita Time : Season 1,NuFvjLqPJDY
PLnNotX5RheZhz78ivPu_NDsO6-6HI5mYm,Beita Time : Season 1,8pyZp6ZpkiY
PLnNotX5RheZixZnDezkQBeeIzyxp29U6p,Beita Time,HvVQtNJWcsE
PLnNotX5RheZixZnDezkQBeeIzyxp29U6p,Beita Time,-Lj_gcPfR_Q
PLnNotX5RheZixZnDezkQBeeIzyxp29U6p,Beita Time,4NRGWtJw4Y0
PLnNotX5RheZixZnDezkQBeeIzyxp29U6p,Beita Time,O3zh613n4DM
PLnNotX5RheZixZnDezkQBeeIzyxp29U6p,Beita Time,fVxsqWmPTPM
PLnNotX5RheZixZnDezkQBeeIzyxp29U6p,Beita Time,KOvzIMpASy0
PLnNotX5RheZixZnDezkQBeeIzyxp29U6p,Beita Time,1Fz06DUSbes
PLnNotX5RheZixZnDezkQBeeIzyxp29U6p,Beita Time,EGFzLv4w6ac
PLnNotX5RheZixZnDezkQBeeIzyxp29U6p,Beita Time,AausGeuwp2w
PLnNotX5RheZixZnDezkQBeeIzyxp29U6p,Beita Time,9QH4Rg3coB8
PLnNotX5RheZixZnDezkQBeeIzyxp29U6p,Beita Time,-Dkm5Ysjdjk
PLnNotX5RheZixZnDezkQBeeIzyxp29U6p,Beita Time,NuFvjLqPJDY
PLnNotX5RheZixZnDezkQBeeIzyxp29U6p,Beita Time,K03uNufOWLc
PLnNotX5RheZixZnDezkQBeeIzyxp29U6p,Beita Time,8pyZp6ZpkiY
PLnNotX5RheZixZnDezkQBeeIzyxp29U6p,Beita Time,-TnjnRX9eSs
PLnNotX5RheZixZnDezkQBeeIzyxp29U6p,Beita Time,Y2tVipN2PLY
PLnNotX5RheZixZnDezkQBeeIzyxp29U6p,Beita Time,nYkTt95X2uU
PLnNotX5RheZixZnDezkQBeeIzyxp29U6p,Beita Time,l0P0-qBha0s
PLnNotX5RheZixZnDezkQBeeIzyxp29U6p,Beita Time,6no1uppROzo
PLnNotX5RheZixZnDezkQBeeIzyxp29U6p,Beita Time,ewF_pG3IwLo
PLnNotX5RheZixZnDezkQBeeIzyxp29U6p,Beita Time,eKktcUryxFM
PLnNotX5RheZixZnDezkQBeeIzyxp29U6p,Beita Time,g2u8jd0MFsI
PLnNotX5RheZixZnDezkQBeeIzyxp29U6p,Beita Time,pDQB8jy27lg
PLnNotX5RheZgizYJXF4JtjarOSMGCjqOL,LAFC TAKING OFF presented by Delta,JQM3BCx2ts0
PLnNotX5RheZgizYJXF4JtjarOSMGCjqOL,LAFC TAKING OFF presented by Delta,53jAAZ0Uh7E
PLnNotX5RheZgizYJXF4JtjarOSMGCjqOL,LAFC TAKING OFF presented by Delta,bKMVFo3ZKns
PLnNotX5RheZhMWBb7R-uKWHHsOCT4bQmT,Community & Culture,k9H0H52z18Y
PLnNotX5RheZhMWBb7R-uKWHHsOCT4bQmT,Community & Culture,lmGYhJRWt3s
PLnNotX5RheZhMWBb7R-uKWHHsOCT4bQmT,Community & Culture,1y00WucJTfE
PLnNotX5RheZhMWBb7R-uKWHHsOCT4bQmT,Community & Culture,usMDcI76dB4
PLnNotX5RheZhMWBb7R-uKWHHsOCT4bQmT,Community & Culture,Z3wQReA8lm0
PLnNotX5RheZhMWBb7R-uKWHHsOCT4bQmT,Community & Culture,AQgiFlOd1pU
PLnNotX5RheZhMWBb7R-uKWHHsOCT4bQmT,Community & Culture,WCjFHeUBtJg
PLnNotX5RheZhMWBb7R-uKWHHsOCT4bQmT,Community & Culture,Lroi6c8i8Xc
PLnNotX5RheZhMWBb7R-uKWHHsOCT4bQmT,Community & Culture,OUTU2ozRyng
PLnNotX5RheZhMWBb7R-uKWHHsOCT4bQmT,Community & Culture,y8lEH8u6AmI
PLnNotX5RheZhMWBb7R-uKWHHsOCT4bQmT,Community & Culture,sRod4h5ldk4
PLnNotX5RheZhMWBb7R-uKWHHsOCT4bQmT,Community & Culture,bHYfbAxj6Jc
PLnNotX5RheZhMWBb7R-uKWHHsOCT4bQmT,Community & Culture,tnyLZ9_p25E
PLnNotX5RheZhMWBb7R-uKWHHsOCT4bQmT,Community & Culture,XFzlGIkLA7c
PLnNotX5RheZhMWBb7R-uKWHHsOCT4bQmT,Community & Culture,vZGX67H-cyI
PLnNotX5RheZhMWBb7R-uKWHHsOCT4bQmT,Community & Culture,cRyyEl5-gAg
PLnNotX5RheZhMWBb7R-uKWHHsOCT4bQmT,Community & Culture,xQ2ARhtNEY8
PLnNotX5RheZhMWBb7R-uKWHHsOCT4bQmT,Community & Culture,g3qle00q_WM
PLnNotX5RheZhMWBb7R-uKWHHsOCT4bQmT,Community & Culture,hhPvWXXJ9LA
PLnNotX5RheZhMWBb7R-uKWHHsOCT4bQmT,Community & Culture,cKG0jihzvgQ
PLnNotX5RheZhMWBb7R-uKWHHsOCT4bQmT,Community & Culture,TlsVrquTOGE
PLnNotX5RheZhMWBb7R-uKWHHsOCT4bQmT,Community & Culture,q9xrYAusdq4
PLnNotX5RheZhMWBb7R-uKWHHsOCT4bQmT,Community & Culture,6-W2WvuEoBs
PLnNotX5RheZhMWBb7R-uKWHHsOCT4bQmT,Community & Culture,_AzueRHS-y8
PLnNotX5RheZhMWBb7R-uKWHHsOCT4bQmT,Community & Culture,Qfw-0aanPFA
PLnNotX5RheZhMWBb7R-uKWHHsOCT4bQmT,Community & Culture,Cfr_vr8gMgM
PLnNotX5RheZhMWBb7R-uKWHHsOCT4bQmT,Community & Culture,GoAWLuXsiS8
PLnNotX5RheZhMWBb7R-uKWHHsOCT4bQmT,Community & Culture,H1EJVk7HmUU
PLnNotX5RheZhMWBb7R-uKWHHsOCT4bQmT,Community & Culture,b8bO5EV7JGc
PLnNotX5RheZhMWBb7R-uKWHHsOCT4bQmT,Community & Culture,YR7eG8DJCDs
PLnNotX5RheZhMWBb7R-uKWHHsOCT4bQmT,Community & Culture,6xO7h0aVPBU
PLnNotX5RheZhMWBb7R-uKWHHsOCT4bQmT,Community & Culture,usD6JZUhhqs
PLnNotX5RheZhMWBb7R-uKWHHsOCT4bQmT,Community & Culture,2HNCqU2P7og
PLnNotX5RheZhMWBb7R-uKWHHsOCT4bQmT,Community & Culture,avF7kYq3nfA
PLnNotX5RheZhMWBb7R-uKWHHsOCT4bQmT,Community & Culture,WE7Wwk1DV_I
PLnNotX5RheZhMWBb7R-uKWHHsOCT4bQmT,Community & Culture,zw1JezkzLoE
PLnNotX5RheZhMWBb7R-uKWHHsOCT4bQmT,Community & Culture,_b2hF5dK7ug
PLnNotX5RheZhMWBb7R-uKWHHsOCT4bQmT,Community & Culture,gMWvydFBpik
PLnNotX5RheZhMWBb7R-uKWHHsOCT4bQmT,Community & Culture,jomiv1k_gsg
PLnNotX5RheZhMWBb7R-uKWHHsOCT4bQmT,Community & Culture,kR_I0xTckUY
PLnNotX5RheZhMWBb7R-uKWHHsOCT4bQmT,Community & Culture,ru7zl-Y1l-A
PLnNotX5RheZhMWBb7R-uKWHHsOCT4bQmT,Community & Culture,xbqc8fYZHr8
PLnNotX5RheZhMWBb7R-uKWHHsOCT4bQmT,Community & Culture,C1wNQt05NgA
PLnNotX5RheZhMWBb7R-uKWHHsOCT4bQmT,Community & Culture,3Ji6gbrL3ik
PLnNotX5RheZhMWBb7R-uKWHHsOCT4bQmT,Community & Culture,p_DaltTfr0s
PLnNotX5RheZhMWBb7R-uKWHHsOCT4bQmT,Community & Culture,wO2617OZJ_Q
PLnNotX5RheZhMWBb7R-uKWHHsOCT4bQmT,Community & Culture,3MK70zIMmBQ
PLnNotX5RheZhMWBb7R-uKWHHsOCT4bQmT,Community & Culture,xGvcBoW-0e0
PLnNotX5RheZhMWBb7R-uKWHHsOCT4bQmT,Community & Culture,6w8m1VJ0ke8
PLnNotX5RheZhMWBb7R-uKWHHsOCT4bQmT,Community & Culture,B1Wtn7kVT5U
PLnNotX5RheZhMWBb7R-uKWHHsOCT4bQmT,Community & Culture,8zv5S8R0Z8Q
PLnNotX5RheZhMWBb7R-uKWHHsOCT4bQmT,Community & Culture,Ul1fZUSJcU0
PLnNotX5RheZhMWBb7R-uKWHHsOCT4bQmT,Community & Culture,yKb37Z60tc0
PLnNotX5RheZhMWBb7R-uKWHHsOCT4bQmT,Community & Culture,1HFQ3EaQaaU
PLnNotX5RheZhMWBb7R-uKWHHsOCT4bQmT,Community & Culture,ec0jPRRS4gw
PLnNotX5RheZhMWBb7R-uKWHHsOCT4bQmT,Community & Culture,l-Q1GzE5Nao
PLnNotX5RheZhMWBb7R-uKWHHsOCT4bQmT,Community & Culture,W1ukxBzK9Tw
PLnNotX5RheZhMWBb7R-uKWHHsOCT4bQmT,Community & Culture,YNLQgpogyQs
PLnNotX5RheZhMWBb7R-uKWHHsOCT4bQmT,Community & Culture,Y7fkLA_2eZA
PLnNotX5RheZhMWBb7R-uKWHHsOCT4bQmT,Community & Culture,hVn2tT6feUM
PLnNotX5RheZhMWBb7R-uKWHHsOCT4bQmT,Community & Culture,sL-cgYNvQvk
PLnNotX5RheZhMWBb7R-uKWHHsOCT4bQmT,Community & Culture,sxKJaxDc77g
PLnNotX5RheZhMWBb7R-uKWHHsOCT4bQmT,Community & Culture,c2eoyCQYYPY
PLnNotX5RheZhMWBb7R-uKWHHsOCT4bQmT,Community & Culture,kzYgZ0ZxHDo
PLnNotX5RheZhMWBb7R-uKWHHsOCT4bQmT,Community & Culture,C9-NrA3Khpc
PLnNotX5RheZhMWBb7R-uKWHHsOCT4bQmT,Community & Culture,0CfSZKX2vPc
PLnNotX5RheZhMWBb7R-uKWHHsOCT4bQmT,Community & Culture,kYpwPrMrfVg
PLnNotX5RheZhMWBb7R-uKWHHsOCT4bQmT,Community & Culture,eINXbrdwQMk
PLnNotX5RheZhMWBb7R-uKWHHsOCT4bQmT,Community & Culture,x1QQO0milhg
PLnNotX5RheZhMWBb7R-uKWHHsOCT4bQmT,Community & Culture,3Lr3TLWaqdI
PLnNotX5RheZhMWBb7R-uKWHHsOCT4bQmT,Community & Culture,3Lr3TLWaqdI
PLnNotX5RheZhMWBb7R-uKWHHsOCT4bQmT,Community & Culture,J0z0wHMqs7k
PLnNotX5RheZhMWBb7R-uKWHHsOCT4bQmT,Community & Culture,haO5Mf07wN4
PLnNotX5RheZhMWBb7R-uKWHHsOCT4bQmT,Community & Culture,E0mfKJ-p5ic
PLnNotX5RheZhMWBb7R-uKWHHsOCT4bQmT,Community & Culture,Sf0vomfnO0A
PLnNotX5RheZhMWBb7R-uKWHHsOCT4bQmT,Community & Culture,9wQzSzl6SGQ
PLnNotX5RheZhMWBb7R-uKWHHsOCT4bQmT,Community & Culture,Xf1v6_zdb6k
PLnNotX5RheZhMWBb7R-uKWHHsOCT4bQmT,Community & Culture,cGGEs-UF6os
PLnNotX5RheZhMWBb7R-uKWHHsOCT4bQmT,Community & Culture,w-bOBr2e7ks
PLnNotX5RheZhMWBb7R-uKWHHsOCT4bQmT,Community & Culture,EpLs3RthKqs
PLnNotX5RheZhMWBb7R-uKWHHsOCT4bQmT,Community & Culture,gcRL9-UsV0c
PLnNotX5RheZhMWBb7R-uKWHHsOCT4bQmT,Community & Culture,tuQURs7YZ0c
PLnNotX5RheZhMWBb7R-uKWHHsOCT4bQmT,Community & Culture,Gc6UiqxAMmw
PLnNotX5RheZhMWBb7R-uKWHHsOCT4bQmT,Community & Culture,poVf4jbckAk
PLnNotX5RheZhMWBb7R-uKWHHsOCT4bQmT,Community & Culture,4qX_N2KQqOg
PLnNotX5RheZhMWBb7R-uKWHHsOCT4bQmT,Community & Culture,D-JgvbfbV7o
PLnNotX5RheZhMWBb7R-uKWHHsOCT4bQmT,Community & Culture,eD6s6g6YaeE
PLnNotX5RheZhMWBb7R-uKWHHsOCT4bQmT,Community & Culture,yRzv9xsZ_fw
PLnNotX5RheZhMWBb7R-uKWHHsOCT4bQmT,Community & Culture,YPwLD9kNpsg
PLnNotX5RheZhMWBb7R-uKWHHsOCT4bQmT,Community & Culture,C_O8scnyzQE
PLnNotX5RheZhMWBb7R-uKWHHsOCT4bQmT,Community & Culture,Iltr4kU1Hwc
PLnNotX5RheZhMWBb7R-uKWHHsOCT4bQmT,Community & Culture,LzdLLW8kGZ4
PLnNotX5RheZhMWBb7R-uKWHHsOCT4bQmT,Community & Culture,PB5N0i3p6U0
PLnNotX5RheZhMWBb7R-uKWHHsOCT4bQmT,Community & Culture,QqTs7Fu3yYM
PLnNotX5RheZhMWBb7R-uKWHHsOCT4bQmT,Community & Culture,8f2ZKmKT4v4
PLnNotX5RheZhMWBb7R-uKWHHsOCT4bQmT,Community & Culture,zatFHFJfrTY
PLnNotX5RheZhMWBb7R-uKWHHsOCT4bQmT,Community & Culture,Smglh8PCChQ
PLnNotX5RheZhMWBb7R-uKWHHsOCT4bQmT,Community & Culture,SskHep0Krgw
PLnNotX5RheZhMWBb7R-uKWHHsOCT4bQmT,Community & Culture,2u4JB2qSKhw
PLnNotX5RheZhMWBb7R-uKWHHsOCT4bQmT,Community & Culture,qCDZdk2fTyw
PLnNotX5RheZhMWBb7R-uKWHHsOCT4bQmT,Community & Culture,FhQc-38rCfc
PLnNotX5RheZhMWBb7R-uKWHHsOCT4bQmT,Community & Culture,bUCSg-3I7uA
PLnNotX5RheZhMWBb7R-uKWHHsOCT4bQmT,Community & Culture,A-qNJQdkke4
PLnNotX5RheZhMWBb7R-uKWHHsOCT4bQmT,Community & Culture,ZOgDEKvMfbg
PLnNotX5RheZhMWBb7R-uKWHHsOCT4bQmT,Community & Culture,X3oaxkmp-Kw
PLnNotX5RheZhMWBb7R-uKWHHsOCT4bQmT,Community & Culture,1vC4H8nplwQ
PLnNotX5RheZhMWBb7R-uKWHHsOCT4bQmT,Community & Culture,0hfinL_N8pA
PLnNotX5RheZhMWBb7R-uKWHHsOCT4bQmT,Community & Culture,jpJ_DEhAYjg
PLnNotX5RheZhMWBb7R-uKWHHsOCT4bQmT,Community & Culture,EFCN_0ILbw8
PLnNotX5RheZhMWBb7R-uKWHHsOCT4bQmT,Community & Culture,l2Oftc2KCOw
PLnNotX5RheZhMWBb7R-uKWHHsOCT4bQmT,Community & Culture,4Gmxferq1z0
PLnNotX5RheZhMWBb7R-uKWHHsOCT4bQmT,Community & Culture,dGsFSv1aVC4
PLnNotX5RheZhMWBb7R-uKWHHsOCT4bQmT,Community & Culture,wp_bTUBGjMM
PLnNotX5RheZhMWBb7R-uKWHHsOCT4bQmT,Community & Culture,3L9yFxVMI9A
PLnNotX5RheZhMWBb7R-uKWHHsOCT4bQmT,Community & Culture,5FHGGnYSSHQ
PLnNotX5RheZhMWBb7R-uKWHHsOCT4bQmT,Community & Culture,Rhl96eR2u7E
PLnNotX5RheZhMWBb7R-uKWHHsOCT4bQmT,Community & Culture,WBNLcvFUpb0
PLnNotX5RheZhMWBb7R-uKWHHsOCT4bQmT,Community & Culture,x3I9ZkMZ9xg
PLnNotX5RheZhMWBb7R-uKWHHsOCT4bQmT,Community & Culture,J9Hm7jsRKRA
PLnNotX5RheZhMWBb7R-uKWHHsOCT4bQmT,Community & Culture,mnWxlLx4vSk
PLnNotX5RheZhMWBb7R-uKWHHsOCT4bQmT,Community & Culture,PzPkrOA6kPE
PLnNotX5RheZhMWBb7R-uKWHHsOCT4bQmT,Community & Culture,W2Hul9u14hE
PLnNotX5RheZhMWBb7R-uKWHHsOCT4bQmT,Community & Culture,wNPJlzSnqC0
PLnNotX5RheZhMWBb7R-uKWHHsOCT4bQmT,Community & Culture,tdtd1Guz-XM
PLnNotX5RheZhMWBb7R-uKWHHsOCT4bQmT,Community & Culture,u4x-fkjqcMk
PLnNotX5RheZhMWBb7R-uKWHHsOCT4bQmT,Community & Culture,pKGF-yP770w
PLnNotX5RheZhMWBb7R-uKWHHsOCT4bQmT,Community & Culture,sJeTll9g7ro
PLnNotX5RheZhMWBb7R-uKWHHsOCT4bQmT,Community & Culture,UUz_tcjo9NQ
PLnNotX5RheZhMWBb7R-uKWHHsOCT4bQmT,Community & Culture,Lqyurqybzfg
PLnNotX5RheZhMWBb7R-uKWHHsOCT4bQmT,Community & Culture,3MMftofESfw
PLnNotX5RheZhMWBb7R-uKWHHsOCT4bQmT,Community & Culture,AZLPgKej3f8
PLnNotX5RheZhMWBb7R-uKWHHsOCT4bQmT,Community & Culture,38uskIUCuak
PLnNotX5RheZhMWBb7R-uKWHHsOCT4bQmT,Community & Culture,efJCxmjcBeo
PLnNotX5RheZhMWBb7R-uKWHHsOCT4bQmT,Community & Culture,FzIKvS4C_aw
PLnNotX5RheZhMWBb7R-uKWHHsOCT4bQmT,Community & Culture,N5PSATZCZkA
PLnNotX5RheZhMWBb7R-uKWHHsOCT4bQmT,Community & Culture,xgcOIq6Cmis
PLnNotX5RheZhMWBb7R-uKWHHsOCT4bQmT,Community & Culture,yxXslyDAllY
PLnNotX5RheZhMWBb7R-uKWHHsOCT4bQmT,Community & Culture,FX3BcvxpIMQ
PLnNotX5RheZhMWBb7R-uKWHHsOCT4bQmT,Community & Culture,JOQgvlEDaec
PLnNotX5RheZhMWBb7R-uKWHHsOCT4bQmT,Community & Culture,q8ei8co_Jpk
PLnNotX5RheZhMWBb7R-uKWHHsOCT4bQmT,Community & Culture,E4K9d0TVrHw
PLnNotX5RheZhMWBb7R-uKWHHsOCT4bQmT,Community & Culture,bqNvr5gf4Ec
PLnNotX5RheZhMWBb7R-uKWHHsOCT4bQmT,Community & Culture,kAYfQ-l01I4
PLnNotX5RheZhMWBb7R-uKWHHsOCT4bQmT,Community & Culture,LDOYtXwBHQc
PLnNotX5RheZhMWBb7R-uKWHHsOCT4bQmT,Community & Culture,jXV_GKtuGjo
PLnNotX5RheZhMWBb7R-uKWHHsOCT4bQmT,Community & Culture,b5udwcs_Iu0
PLnNotX5RheZhMWBb7R-uKWHHsOCT4bQmT,Community & Culture,3EGlRsLlOIE
PLnNotX5RheZhMWBb7R-uKWHHsOCT4bQmT,Community & Culture,i6xhS_FITLg
PLnNotX5RheZhMWBb7R-uKWHHsOCT4bQmT,Community & Culture,GQpk9e4voaY
PLnNotX5RheZhMWBb7R-uKWHHsOCT4bQmT,Community & Culture,POJ34-wryGY
PLnNotX5RheZhMWBb7R-uKWHHsOCT4bQmT,Community & Culture,PBWvS8Fhp48
PLnNotX5RheZhMWBb7R-uKWHHsOCT4bQmT,Community & Culture,1w3yZ7C4IB0
PLnNotX5RheZhMWBb7R-uKWHHsOCT4bQmT,Community & Culture,zp_eSDCToIs
PLnNotX5RheZhMWBb7R-uKWHHsOCT4bQmT,Community & Culture,iR977TdeW8Q
PLnNotX5RheZhMWBb7R-uKWHHsOCT4bQmT,Community & Culture,9NVbIN_bg0Q
PLnNotX5RheZhMWBb7R-uKWHHsOCT4bQmT,Community & Culture,ADy0wTzzRsA
PLnNotX5RheZhMWBb7R-uKWHHsOCT4bQmT,Community & Culture,MqgwZfHdeR8
PLnNotX5RheZhMWBb7R-uKWHHsOCT4bQmT,Community & Culture,_k4OzGgryO0
PLnNotX5RheZhMWBb7R-uKWHHsOCT4bQmT,Community & Culture,tqqBwQcXdUs
PLnNotX5RheZhMWBb7R-uKWHHsOCT4bQmT,Community & Culture,vEejya66qwo
PLnNotX5RheZhMWBb7R-uKWHHsOCT4bQmT,Community & Culture,QDCSDhwVt0c
PLnNotX5RheZhMWBb7R-uKWHHsOCT4bQmT,Community & Culture,tvDp6ndFBtU
PLnNotX5RheZhMWBb7R-uKWHHsOCT4bQmT,Community & Culture,55cahS3BF-A
PLnNotX5RheZhMWBb7R-uKWHHsOCT4bQmT,Community & Culture,6du-MZkK160
PLnNotX5RheZhMWBb7R-uKWHHsOCT4bQmT,Community & Culture,T1yyyAH4Y0w
PLnNotX5RheZhMWBb7R-uKWHHsOCT4bQmT,Community & Culture,zENGaov3nks
PLnNotX5RheZhMWBb7R-uKWHHsOCT4bQmT,Community & Culture,u7l6z0lOSdU
PLnNotX5RheZhMWBb7R-uKWHHsOCT4bQmT,Community & Culture,xJ1jRLUv40c
PLnNotX5RheZhMWBb7R-uKWHHsOCT4bQmT,Community & Culture,S4uyZjL63js
PLnNotX5RheZhMWBb7R-uKWHHsOCT4bQmT,Community & Culture,mSViiFY1Zbo
PLnNotX5RheZhMWBb7R-uKWHHsOCT4bQmT,Community & Culture,Mk_TQxcXcmg
PLnNotX5RheZhMWBb7R-uKWHHsOCT4bQmT,Community & Culture,0RahUfQWsec
PLnNotX5RheZhMWBb7R-uKWHHsOCT4bQmT,Community & Culture,KcMiuGtUEio
PLnNotX5RheZhMWBb7R-uKWHHsOCT4bQmT,Community & Culture,80cvZn0UXMg
PLnNotX5RheZhMWBb7R-uKWHHsOCT4bQmT,Community & Culture,7kFW3MV0rNE
PLnNotX5RheZhMWBb7R-uKWHHsOCT4bQmT,Community & Culture,-4GYq6jm2tA
PLnNotX5RheZhMWBb7R-uKWHHsOCT4bQmT,Community & Culture,-4GYq6jm2tA
PLnNotX5RheZhMWBb7R-uKWHHsOCT4bQmT,Community & Culture,doVCVcHf7Rk
PLnNotX5RheZhMWBb7R-uKWHHsOCT4bQmT,Community & Culture,doVCVcHf7Rk
PLnNotX5RheZhMWBb7R-uKWHHsOCT4bQmT,Community & Culture,6NGAGb-vFgE
PLnNotX5RheZhMWBb7R-uKWHHsOCT4bQmT,Community & Culture,HyTpciPbSQ0
PLnNotX5RheZhMWBb7R-uKWHHsOCT4bQmT,Community & Culture,HyTpciPbSQ0
PLnNotX5RheZhMWBb7R-uKWHHsOCT4bQmT,Community & Culture,k6P-WuPHVCA
PLnNotX5RheZhMWBb7R-uKWHHsOCT4bQmT,Community & Culture,k6P-WuPHVCA
PLnNotX5RheZhMWBb7R-uKWHHsOCT4bQmT,Community & Culture,yPido7jJmW4
PLnNotX5RheZhMWBb7R-uKWHHsOCT4bQmT,Community & Culture,yPido7jJmW4
PLnNotX5RheZhMWBb7R-uKWHHsOCT4bQmT,Community & Culture,fYqznxjd3qA
PLnNotX5RheZhMWBb7R-uKWHHsOCT4bQmT,Community & Culture,MO_-aWg2bs0
PLnNotX5RheZhMWBb7R-uKWHHsOCT4bQmT,Community & Culture,GYEl3iiN0vQ
PLnNotX5RheZhMWBb7R-uKWHHsOCT4bQmT,Community & Culture,HYkzru5H4xo
PLnNotX5RheZhMWBb7R-uKWHHsOCT4bQmT,Community & Culture,C0olL7UFslY
PLnNotX5RheZhMWBb7R-uKWHHsOCT4bQmT,Community & Culture,9MCezk9od8A
PLnNotX5RheZhMWBb7R-uKWHHsOCT4bQmT,Community & Culture,g3IkzlzLVYc
PLnNotX5RheZhMWBb7R-uKWHHsOCT4bQmT,Community & Culture,ewcsZTvqK3E
PLnNotX5RheZhMWBb7R-uKWHHsOCT4bQmT,Community & Culture,5n5adN8e0rw
PLnNotX5RheZhMWBb7R-uKWHHsOCT4bQmT,Community & Culture,6D21zGsFUWw
PLnNotX5RheZhMWBb7R-uKWHHsOCT4bQmT,Community & Culture,JgGreJ1iyXk
PLnNotX5RheZhMWBb7R-uKWHHsOCT4bQmT,Community & Culture,hlJys6R7yRc
PLnNotX5RheZhMWBb7R-uKWHHsOCT4bQmT,Community & Culture,KG0H3q0kGr8
PLnNotX5RheZhMWBb7R-uKWHHsOCT4bQmT,Community & Culture,0vXjdb3VyHU
PLnNotX5RheZhMWBb7R-uKWHHsOCT4bQmT,Community & Culture,3pXqcZQrOK0
PLnNotX5RheZhMWBb7R-uKWHHsOCT4bQmT,Community & Culture,Zcjdl2vGFxY
PLnNotX5RheZhMWBb7R-uKWHHsOCT4bQmT,Community & Culture,hD7FfvaqMDQ
PLnNotX5RheZhMWBb7R-uKWHHsOCT4bQmT,Community & Culture,SSbEJrYLnK4
PLnNotX5RheZhMWBb7R-uKWHHsOCT4bQmT,Community & Culture,W7uMqC8nQLM
PLnNotX5RheZhMWBb7R-uKWHHsOCT4bQmT,Community & Culture,vmj5NKKKJ98
PLnNotX5RheZhMWBb7R-uKWHHsOCT4bQmT,Community & Culture,wKAyfwcHHw0
PLnNotX5RheZhMWBb7R-uKWHHsOCT4bQmT,Community & Culture,oX3HDjSuXBs
PLnNotX5RheZhMWBb7R-uKWHHsOCT4bQmT,Community & Culture,IiKwJuKDgo4
PLnNotX5RheZhMWBb7R-uKWHHsOCT4bQmT,Community & Culture,bYAVyopezoM
PLnNotX5RheZhMWBb7R-uKWHHsOCT4bQmT,Community & Culture,NYEZv11zO1o
PLnNotX5RheZhMWBb7R-uKWHHsOCT4bQmT,Community & Culture,R2t631O8Zik
PLnNotX5RheZhMWBb7R-uKWHHsOCT4bQmT,Community & Culture,Zaq-S635c7c
PLnNotX5RheZhMWBb7R-uKWHHsOCT4bQmT,Community & Culture,3GxHDqSK68o
PLnNotX5RheZhMWBb7R-uKWHHsOCT4bQmT,Community & Culture,nVXtbXd8mvk
PLnNotX5RheZhMWBb7R-uKWHHsOCT4bQmT,Community & Culture,C0z4VJQkAW0
PLnNotX5RheZhMWBb7R-uKWHHsOCT4bQmT,Community & Culture,3LMi4HY60Io
PLnNotX5RheZhMWBb7R-uKWHHsOCT4bQmT,Community & Culture,jNkBgGLnz7s
PLnNotX5RheZhMWBb7R-uKWHHsOCT4bQmT,Community & Culture,sk0wR5DQqZ8
PLnNotX5RheZhMWBb7R-uKWHHsOCT4bQmT,Community & Culture,vqSU0HaQK2k
PLnNotX5RheZhMWBb7R-uKWHHsOCT4bQmT,Community & Culture,NfGvrmkFKtw
PLnNotX5RheZhMWBb7R-uKWHHsOCT4bQmT,Community & Culture,hBCQkf5144M
PLnNotX5RheZhMWBb7R-uKWHHsOCT4bQmT,Community & Culture,oR3uLY1fjG4
PLnNotX5RheZhMWBb7R-uKWHHsOCT4bQmT,Community & Culture,7BHvZp0JDbU
PLnNotX5RheZhMWBb7R-uKWHHsOCT4bQmT,Community & Culture,E-FyZoz2ajc
PLnNotX5RheZhMWBb7R-uKWHHsOCT4bQmT,Community & Culture,RFiKrJVds4Q
PLnNotX5RheZhMWBb7R-uKWHHsOCT4bQmT,Community & Culture,0UnY4MIBnCo
PLnNotX5RheZhMWBb7R-uKWHHsOCT4bQmT,Community & Culture,TI28RgJql2E
PLnNotX5RheZhMWBb7R-uKWHHsOCT4bQmT,Community & Culture,TI28RgJql2E
PLnNotX5RheZhMWBb7R-uKWHHsOCT4bQmT,Community & Culture,CGQLTVxkMc4
PLnNotX5RheZhMWBb7R-uKWHHsOCT4bQmT,Community & Culture,YWHE0uq0CNE
PLnNotX5RheZhMWBb7R-uKWHHsOCT4bQmT,Community & Culture,n_owvBqv4bs
PLnNotX5RheZhMWBb7R-uKWHHsOCT4bQmT,Community & Culture,OL5zlm-Thr8
PLnNotX5RheZhMWBb7R-uKWHHsOCT4bQmT,Community & Culture,6OFAsZZR-Ws
PLnNotX5RheZhMWBb7R-uKWHHsOCT4bQmT,Community & Culture,qArCpjsj01E
PLnNotX5RheZhMWBb7R-uKWHHsOCT4bQmT,Community & Culture,4cUGIHm6pPc
PLnNotX5RheZhMWBb7R-uKWHHsOCT4bQmT,Community & Culture,QMVqqAaruPk
PLnNotX5RheZhMWBb7R-uKWHHsOCT4bQmT,Community & Culture,BwjrU0F420I
PLnNotX5RheZhMWBb7R-uKWHHsOCT4bQmT,Community & Culture,lShY8K5tprs
PLnNotX5RheZhMWBb7R-uKWHHsOCT4bQmT,Community & Culture,Dc2SlqiLWVE
PLnNotX5RheZhMWBb7R-uKWHHsOCT4bQmT,Community & Culture,5V6wPgXTfkU
PLnNotX5RheZhMWBb7R-uKWHHsOCT4bQmT,Community & Culture,R1dxun6Pq8E
PLnNotX5RheZhMWBb7R-uKWHHsOCT4bQmT,Community & Culture,uq1N8_ZpqZU
PLnNotX5RheZhMWBb7R-uKWHHsOCT4bQmT,Community & Culture,Ju8qnkQVeoE
PLnNotX5RheZhMWBb7R-uKWHHsOCT4bQmT,Community & Culture,_xOM6-pKBbg
PLnNotX5RheZhMWBb7R-uKWHHsOCT4bQmT,Community & Culture,iIbkVomYw00
PLnNotX5RheZg3gAvUm0W7KKscrQ3OBbWg,LAFC 360,pNlvXv8Wm0U
PLnNotX5RheZg3gAvUm0W7KKscrQ3OBbWg,LAFC 360,UKvO2J1Es-k
PLnNotX5RheZg3gAvUm0W7KKscrQ3OBbWg,LAFC 360,4x0dKGElTK0
PLnNotX5RheZg3gAvUm0W7KKscrQ3OBbWg,LAFC 360,nt9bw9KkMHw
PLnNotX5RheZg3gAvUm0W7KKscrQ3OBbWg,LAFC 360,HTgfmzvnZxI
PLnNotX5RheZg3gAvUm0W7KKscrQ3OBbWg,LAFC 360,1TFzMx20_jI
PLnNotX5RheZg3gAvUm0W7KKscrQ3OBbWg,LAFC 360,1QfrmW7k0Ak
PLnNotX5RheZg3gAvUm0W7KKscrQ3OBbWg,LAFC 360,_B1N3gEBJ88
PLnNotX5RheZg3gAvUm0W7KKscrQ3OBbWg,LAFC 360,qNhZee6HDws
PLnNotX5RheZg3gAvUm0W7KKscrQ3OBbWg,LAFC 360,elgPEGKisfQ
PLnNotX5RheZg3gAvUm0W7KKscrQ3OBbWg,LAFC 360,c-gjTcIJMBM
PLnNotX5RheZiEFdylTp0V9TkRRmdl_dHe,Moments at BMO,Lroi6c8i8Xc
PLnNotX5RheZiEFdylTp0V9TkRRmdl_dHe,Moments at BMO,fYqznxjd3qA
PLnNotX5RheZiEFdylTp0V9TkRRmdl_dHe,Moments at BMO,T6Hz51ufklw
PLnNotX5RheZiEFdylTp0V9TkRRmdl_dHe,Moments at BMO,ZQ6WPHsLmB8
PLnNotX5RheZiEFdylTp0V9TkRRmdl_dHe,Moments at BMO,0jo-tMIWw1U
PLnNotX5RheZiEFdylTp0V9TkRRmdl_dHe,Moments at BMO,QEpol_Pv2Gg
PLnNotX5RheZiEFdylTp0V9TkRRmdl_dHe,Moments at BMO,hbDG6kSjI2M
PLnNotX5RheZiEFdylTp0V9TkRRmdl_dHe,Moments at BMO,cFvyt1xFOxQ
PLnNotX5RheZiEFdylTp0V9TkRRmdl_dHe,Moments at BMO,wT7PTM8lg7k
PLnNotX5RheZiEFdylTp0V9TkRRmdl_dHe,Moments at BMO,-VNiMlWSEhI
PLnNotX5RheZiEFdylTp0V9TkRRmdl_dHe,Moments at BMO,j0nvXpqsL7A
PLnNotX5RheZiEFdylTp0V9TkRRmdl_dHe,Moments at BMO,_-rcFXCuRuE
PLnNotX5RheZiEFdylTp0V9TkRRmdl_dHe,Moments at BMO,W_3POqhUb_A
PLnNotX5RheZiEFdylTp0V9TkRRmdl_dHe,Moments at BMO,IXqbABVG9Y4
PLnNotX5RheZiEFdylTp0V9TkRRmdl_dHe,Moments at BMO,wKAyfwcHHw0
PLnNotX5RheZiEFdylTp0V9TkRRmdl_dHe,Moments at BMO,F__XT1uNiK0
PLnNotX5RheZiEFdylTp0V9TkRRmdl_dHe,Moments at BMO,yu2PDGb76S4
PLnNotX5RheZiEFdylTp0V9TkRRmdl_dHe,Moments at BMO,l6P1_N-W8_I
PLnNotX5RheZiEFdylTp0V9TkRRmdl_dHe,Moments at BMO,5p6JNsjskJ0
PLnNotX5RheZiEFdylTp0V9TkRRmdl_dHe,Moments at BMO,6UMLrba3SDg
PLnNotX5RheZiEFdylTp0V9TkRRmdl_dHe,Moments at BMO,YXCrrOxRqdA
PLnNotX5RheZiEFdylTp0V9TkRRmdl_dHe,Moments at BMO,3LMi4HY60Io
PLnNotX5RheZiEFdylTp0V9TkRRmdl_dHe,Moments at BMO,jNkBgGLnz7s
PLnNotX5RheZiEFdylTp0V9TkRRmdl_dHe,Moments at BMO,sk0wR5DQqZ8
PLnNotX5RheZiEFdylTp0V9TkRRmdl_dHe,Moments at BMO,9psD3adFnk8
PLnNotX5RheZiEFdylTp0V9TkRRmdl_dHe,Moments at BMO,vqSU0HaQK2k
PLnNotX5RheZiEFdylTp0V9TkRRmdl_dHe,Moments at BMO,P-uW14ySZ4U
PLnNotX5RheZiEFdylTp0V9TkRRmdl_dHe,Moments at BMO,7BHvZp0JDbU
PLnNotX5RheZiEFdylTp0V9TkRRmdl_dHe,Moments at BMO,7BHvZp0JDbU
PLnNotX5RheZiEFdylTp0V9TkRRmdl_dHe,Moments at BMO,wZzC3dUfGJs
PLnNotX5RheZiEFdylTp0V9TkRRmdl_dHe,Moments at BMO,WI2bmMLCHPo
PLnNotX5RheZiEFdylTp0V9TkRRmdl_dHe,Moments at BMO,-6nUViQt51I
PLnNotX5RheZiEFdylTp0V9TkRRmdl_dHe,Moments at BMO,Kv_dOkgDrzc
PLnNotX5RheZiEFdylTp0V9TkRRmdl_dHe,Moments at BMO,IT5EmEeATLU
PLnNotX5RheZiEFdylTp0V9TkRRmdl_dHe,Moments at BMO,WWwIoy-NF3M
PLnNotX5RheZiEFdylTp0V9TkRRmdl_dHe,Moments at BMO,Jk4Z5Vr-vsc
PLnNotX5RheZiEFdylTp0V9TkRRmdl_dHe,Moments at BMO,eXO2W3lOsp8
PLnNotX5RheZiEFdylTp0V9TkRRmdl_dHe,Moments at BMO,9Jsvi2tOyCM
PLnNotX5RheZgEpuAhiSaDVkiyq02Wk6te,"Celebrities, Actors, Stars Experience LAFC Games",ynnkzTckmtk
PLnNotX5RheZgEpuAhiSaDVkiyq02Wk6te,"Celebrities, Actors, Stars Experience LAFC Games",8f2ZKmKT4v4
PLnNotX5RheZgEpuAhiSaDVkiyq02Wk6te,"Celebrities, Actors, Stars Experience LAFC Games",bUCSg-3I7uA
PLnNotX5RheZgEpuAhiSaDVkiyq02Wk6te,"Celebrities, Actors, Stars Experience LAFC Games",A-qNJQdkke4
PLnNotX5RheZgEpuAhiSaDVkiyq02Wk6te,"Celebrities, Actors, Stars Experience LAFC Games",0hfinL_N8pA
PLnNotX5RheZgEpuAhiSaDVkiyq02Wk6te,"Celebrities, Actors, Stars Experience LAFC Games",jpJ_DEhAYjg
PLnNotX5RheZgEpuAhiSaDVkiyq02Wk6te,"Celebrities, Actors, Stars Experience LAFC Games",fWL8Tktp2ww
PLnNotX5RheZgEpuAhiSaDVkiyq02Wk6te,"Celebrities, Actors, Stars Experience LAFC Games",l2Oftc2KCOw
PLnNotX5RheZgEpuAhiSaDVkiyq02Wk6te,"Celebrities, Actors, Stars Experience LAFC Games",wNPJlzSnqC0
PLnNotX5RheZgEpuAhiSaDVkiyq02Wk6te,"Celebrities, Actors, Stars Experience LAFC Games",4lgMNkxw034
PLnNotX5RheZgEpuAhiSaDVkiyq02Wk6te,"Celebrities, Actors, Stars Experience LAFC Games",tdtd1Guz-XM
PLnNotX5RheZgEpuAhiSaDVkiyq02Wk6te,"Celebrities, Actors, Stars Experience LAFC Games",Lqyurqybzfg
PLnNotX5RheZgEpuAhiSaDVkiyq02Wk6te,"Celebrities, Actors, Stars Experience LAFC Games",AZLPgKej3f8
PLnNotX5RheZgEpuAhiSaDVkiyq02Wk6te,"Celebrities, Actors, Stars Experience LAFC Games",kAYfQ-l01I4
PLnNotX5RheZgEpuAhiSaDVkiyq02Wk6te,"Celebrities, Actors, Stars Experience LAFC Games",jXV_GKtuGjo
PLnNotX5RheZgEpuAhiSaDVkiyq02Wk6te,"Celebrities, Actors, Stars Experience LAFC Games",3EGlRsLlOIE
PLnNotX5RheZgEpuAhiSaDVkiyq02Wk6te,"Celebrities, Actors, Stars Experience LAFC Games",GQpk9e4voaY
PLnNotX5RheZgEpuAhiSaDVkiyq02Wk6te,"Celebrities, Actors, Stars Experience LAFC Games",POJ34-wryGY
PLnNotX5RheZgEpuAhiSaDVkiyq02Wk6te,"Celebrities, Actors, Stars Experience LAFC Games",9NVbIN_bg0Q
PLnNotX5RheZgEpuAhiSaDVkiyq02Wk6te,"Celebrities, Actors, Stars Experience LAFC Games",_k4OzGgryO0
PLnNotX5RheZgEpuAhiSaDVkiyq02Wk6te,"Celebrities, Actors, Stars Experience LAFC Games",tqqBwQcXdUs
PLnNotX5RheZgEpuAhiSaDVkiyq02Wk6te,"Celebrities, Actors, Stars Experience LAFC Games",QDCSDhwVt0c
PLnNotX5RheZgEpuAhiSaDVkiyq02Wk6te,"Celebrities, Actors, Stars Experience LAFC Games",tvDp6ndFBtU
PLnNotX5RheZgEpuAhiSaDVkiyq02Wk6te,"Celebrities, Actors, Stars Experience LAFC Games",zENGaov3nks
PLnNotX5RheZgEpuAhiSaDVkiyq02Wk6te,"Celebrities, Actors, Stars Experience LAFC Games",u7l6z0lOSdU
PLnNotX5RheZgEpuAhiSaDVkiyq02Wk6te,"Celebrities, Actors, Stars Experience LAFC Games",mSViiFY1Zbo
PLnNotX5RheZgEpuAhiSaDVkiyq02Wk6te,"Celebrities, Actors, Stars Experience LAFC Games",AmrbPaFtWiY
PLnNotX5RheZgEpuAhiSaDVkiyq02Wk6te,"Celebrities, Actors, Stars Experience LAFC Games",ahmqzOEO6uc
PLnNotX5RheZgEpuAhiSaDVkiyq02Wk6te,"Celebrities, Actors, Stars Experience LAFC Games",8F8kMcm8Ap8
PLnNotX5RheZgEpuAhiSaDVkiyq02Wk6te,"Celebrities, Actors, Stars Experience LAFC Games",g_dL3VlCujE
PLnNotX5RheZgEpuAhiSaDVkiyq02Wk6te,"Celebrities, Actors, Stars Experience LAFC Games",RnOQsGLduAE
PLnNotX5RheZgEpuAhiSaDVkiyq02Wk6te,"Celebrities, Actors, Stars Experience LAFC Games",QBmWS6lm84M
PLnNotX5RheZgEpuAhiSaDVkiyq02Wk6te,"Celebrities, Actors, Stars Experience LAFC Games",GYEl3iiN0vQ
PLnNotX5RheZgEpuAhiSaDVkiyq02Wk6te,"Celebrities, Actors, Stars Experience LAFC Games",RVW-Eqv_JXk
PLnNotX5RheZgEpuAhiSaDVkiyq02Wk6te,"Celebrities, Actors, Stars Experience LAFC Games",hgFP0ZnUoew
PLnNotX5RheZgEpuAhiSaDVkiyq02Wk6te,"Celebrities, Actors, Stars Experience LAFC Games",h0rlZVsGWYA
PLnNotX5RheZgEpuAhiSaDVkiyq02Wk6te,"Celebrities, Actors, Stars Experience LAFC Games",7BHvZp0JDbU
PLnNotX5RheZgEpuAhiSaDVkiyq02Wk6te,"Celebrities, Actors, Stars Experience LAFC Games",11lO-OwK7_A
PLnNotX5RheZgEpuAhiSaDVkiyq02Wk6te,"Celebrities, Actors, Stars Experience LAFC Games",kBf0fipeSgc
PLnNotX5RheZjB3-OWq8-olbw5LGQFo5F0,LAFC Essentials,yu2PDGb76S4
PLnNotX5RheZjB3-OWq8-olbw5LGQFo5F0,LAFC Essentials,HzTQPYxKTWE
PLnNotX5RheZjB3-OWq8-olbw5LGQFo5F0,LAFC Essentials,doTlAxihSB8
PLnNotX5RheZjB3-OWq8-olbw5LGQFo5F0,LAFC Essentials,G55ZfKMGj70
PLnNotX5RheZjB3-OWq8-olbw5LGQFo5F0,LAFC Essentials,4CZbNrpPVOY
PLnNotX5RheZjB3-OWq8-olbw5LGQFo5F0,LAFC Essentials,X0CJTmQoI5M
PLnNotX5RheZjB3-OWq8-olbw5LGQFo5F0,LAFC Essentials,Lroi6c8i8Xc
PLnNotX5RheZjB3-OWq8-olbw5LGQFo5F0,LAFC Essentials,wZzC3dUfGJs
PLnNotX5RheZjB3-OWq8-olbw5LGQFo5F0,LAFC Essentials,Emczin-vSFQ
PLnNotX5RheZjQySOwMkcku5Du-8MUXsEj,Best of LAFC,sW4OmiGKi9U
PLnNotX5RheZjQySOwMkcku5Du-8MUXsEj,Best of LAFC,4aa-17S-we0
PLnNotX5RheZjQySOwMkcku5Du-8MUXsEj,Best of LAFC,iR977TdeW8Q
PLnNotX5RheZjQySOwMkcku5Du-8MUXsEj,Best of LAFC,KRveNAYoJRY
PLnNotX5RheZjQySOwMkcku5Du-8MUXsEj,Best of LAFC,55cahS3BF-A
PLnNotX5RheZjQySOwMkcku5Du-8MUXsEj,Best of LAFC,-3HYK3fFnlE
PLnNotX5RheZjQySOwMkcku5Du-8MUXsEj,Best of LAFC,fYqznxjd3qA
PLnNotX5RheZjQySOwMkcku5Du-8MUXsEj,Best of LAFC,hD7FfvaqMDQ
PLnNotX5RheZjQySOwMkcku5Du-8MUXsEj,Best of LAFC,CNT_8GFhDpU
PLnNotX5RheZjQySOwMkcku5Du-8MUXsEj,Best of LAFC,wTJd883hWkg
PLnNotX5RheZjQySOwMkcku5Du-8MUXsEj,Best of LAFC,DLqVqbtIwFA
PLnNotX5RheZjQySOwMkcku5Du-8MUXsEj,Best of LAFC,6UMLrba3SDg
PLnNotX5RheZjQySOwMkcku5Du-8MUXsEj,Best of LAFC,QvqMEYNZV3I
PLnNotX5RheZjQySOwMkcku5Du-8MUXsEj,Best of LAFC,vqSU0HaQK2k
PLnNotX5RheZjQySOwMkcku5Du-8MUXsEj,Best of LAFC,NfGvrmkFKtw
PLnNotX5RheZjQySOwMkcku5Du-8MUXsEj,Best of LAFC,hBCQkf5144M
PLnNotX5RheZjQySOwMkcku5Du-8MUXsEj,Best of LAFC,oR3uLY1fjG4
PLnNotX5RheZjQySOwMkcku5Du-8MUXsEj,Best of LAFC,7BHvZp0JDbU
PLnNotX5RheZjQySOwMkcku5Du-8MUXsEj,Best of LAFC,wZzC3dUfGJs
PLnNotX5RheZjQySOwMkcku5Du-8MUXsEj,Best of LAFC,E-FyZoz2ajc
PLnNotX5RheZjQySOwMkcku5Du-8MUXsEj,Best of LAFC,9orlmaRKH0s
PLnNotX5RheZjQySOwMkcku5Du-8MUXsEj,Best of LAFC,11lO-OwK7_A
PLnNotX5RheZjQySOwMkcku5Du-8MUXsEj,Best of LAFC,TI28RgJql2E
PLnNotX5RheZjQySOwMkcku5Du-8MUXsEj,Best of LAFC,wqdBSY1Qxlo
PLnNotX5RheZjQySOwMkcku5Du-8MUXsEj,Best of LAFC,nUtlnGXPh7I
PLnNotX5RheZjQySOwMkcku5Du-8MUXsEj,Best of LAFC,c-gjTcIJMBM
PLnNotX5RheZjQySOwMkcku5Du-8MUXsEj,Best of LAFC,rNzuZZlvdUY
PLnNotX5RheZjQySOwMkcku5Du-8MUXsEj,Best of LAFC,kNkuaqJ-ueo
PLnNotX5RheZjQySOwMkcku5Du-8MUXsEj,Best of LAFC,w6hu4qdM8-0
PLnNotX5RheZjQySOwMkcku5Du-8MUXsEj,Best of LAFC,7FQczI4jKkc
PLnNotX5RheZjQySOwMkcku5Du-8MUXsEj,Best of LAFC,6OFAsZZR-Ws
PLnNotX5RheZjQySOwMkcku5Du-8MUXsEj,Best of LAFC,aAeIq6bAdTI
PLnNotX5RheZjQySOwMkcku5Du-8MUXsEj,Best of LAFC,qArCpjsj01E
PLnNotX5RheZjQySOwMkcku5Du-8MUXsEj,Best of LAFC,QMVqqAaruPk
PLnNotX5RheZjQySOwMkcku5Du-8MUXsEj,Best of LAFC,uFICS1XAoD8
PLnNotX5RheZjQySOwMkcku5Du-8MUXsEj,Best of LAFC,TdeXeiuAWCc
PLnNotX5RheZjQySOwMkcku5Du-8MUXsEj,Best of LAFC,weqCCSDhTT4
PLnNotX5RheZjQySOwMkcku5Du-8MUXsEj,Best of LAFC,zJstqe6T9ro
PLnNotX5RheZjQySOwMkcku5Du-8MUXsEj,Best of LAFC,G55ZfKMGj70
PLnNotX5RheZjQySOwMkcku5Du-8MUXsEj,Best of LAFC,4CZbNrpPVOY
PLnNotX5RheZjQySOwMkcku5Du-8MUXsEj,Best of LAFC,GRocdjDYVZY
PLnNotX5RheZjQySOwMkcku5Du-8MUXsEj,Best of LAFC,Yoayr8G8EVU
PLnNotX5RheZjQySOwMkcku5Du-8MUXsEj,Best of LAFC,X0CJTmQoI5M
PLnNotX5RheZjQySOwMkcku5Du-8MUXsEj,Best of LAFC,Emczin-vSFQ
PLnNotX5RheZjQySOwMkcku5Du-8MUXsEj,Best of LAFC,lwZjj1l6dpU
PLnNotX5RheZgBvW2-bcjzSBZf5Ro0wD0p,Features,j1AUH5Oj_FQ
PLnNotX5RheZgBvW2-bcjzSBZf5Ro0wD0p,Features,izaAc3xRGa8
PLnNotX5RheZgBvW2-bcjzSBZf5Ro0wD0p,Features,LnBaATk3kPA
PLnNotX5RheZgBvW2-bcjzSBZf5Ro0wD0p,Features,3Hp4oLXb0wk
PLnNotX5RheZgBvW2-bcjzSBZf5Ro0wD0p,Features,3A8d9qDkX7M
PLnNotX5RheZgBvW2-bcjzSBZf5Ro0wD0p,Features,3VMfhvhbZKc
PLnNotX5RheZgBvW2-bcjzSBZf5Ro0wD0p,Features,JMJp_OiUTtw
PLnNotX5RheZgBvW2-bcjzSBZf5Ro0wD0p,Features,lmGYhJRWt3s
PLnNotX5RheZgBvW2-bcjzSBZf5Ro0wD0p,Features,usMDcI76dB4
PLnNotX5RheZgBvW2-bcjzSBZf5Ro0wD0p,Features,1y00WucJTfE
PLnNotX5RheZgBvW2-bcjzSBZf5Ro0wD0p,Features,C6D_gstifO8
PLnNotX5RheZgBvW2-bcjzSBZf5Ro0wD0p,Features,Q5kw5375pDc
PLnNotX5RheZgBvW2-bcjzSBZf5Ro0wD0p,Features,Ul1fZUSJcU0
PLnNotX5RheZgBvW2-bcjzSBZf5Ro0wD0p,Features,YOURfpi6fqQ
PLnNotX5RheZgBvW2-bcjzSBZf5Ro0wD0p,Features,ei6h2VD06ZY
PLnNotX5RheZgBvW2-bcjzSBZf5Ro0wD0p,Features,3mCS3UIMVWQ
PLnNotX5RheZgBvW2-bcjzSBZf5Ro0wD0p,Features,m6JXkq3FixE
PLnNotX5RheZgBvW2-bcjzSBZf5Ro0wD0p,Features,DMweQyNamd4
PLnNotX5RheZgBvW2-bcjzSBZf5Ro0wD0p,Features,GWgbem-mDMU
PLnNotX5RheZgBvW2-bcjzSBZf5Ro0wD0p,Features,5V6wPgXTfkU
PLnNotX5RheZgBvW2-bcjzSBZf5Ro0wD0p,Features,Z3wQReA8lm0
PLnNotX5RheZgBvW2-bcjzSBZf5Ro0wD0p,Features,eepBn2BbDDs
PLnNotX5RheZgBvW2-bcjzSBZf5Ro0wD0p,Features,RLhxyBqBsrY
PLnNotX5RheZgBvW2-bcjzSBZf5Ro0wD0p,Features,ovuNthYBoM8
PLnNotX5RheZgBvW2-bcjzSBZf5Ro0wD0p,Features,zpUmEBs2gFg
PLnNotX5RheZgBvW2-bcjzSBZf5Ro0wD0p,Features,HjbQK-Rcx0Y
PLnNotX5RheZgBvW2-bcjzSBZf5Ro0wD0p,Features,V6yuOwrhMZU
PLnNotX5RheZgBvW2-bcjzSBZf5Ro0wD0p,Features,AQgiFlOd1pU
PLnNotX5RheZgBvW2-bcjzSBZf5Ro0wD0p,Features,7nqC5N8SV54
PLnNotX5RheZgBvW2-bcjzSBZf5Ro0wD0p,Features,-Kms_ks-gt0
PLnNotX5RheZgBvW2-bcjzSBZf5Ro0wD0p,Features,T7Jbf-e6uDg
PLnNotX5RheZgBvW2-bcjzSBZf5Ro0wD0p,Features,y168LUxDIDQ
PLnNotX5RheZgBvW2-bcjzSBZf5Ro0wD0p,Features,F3FEIEebJYg
PLnNotX5RheZgBvW2-bcjzSBZf5Ro0wD0p,Features,ksldmm5ZIJ0
PLnNotX5RheZgBvW2-bcjzSBZf5Ro0wD0p,Features,OUTU2ozRyng
PLnNotX5RheZgBvW2-bcjzSBZf5Ro0wD0p,Features,SQsGvGIMfQA
PLnNotX5RheZgBvW2-bcjzSBZf5Ro0wD0p,Features,gAdWr1JtQgA
PLnNotX5RheZgBvW2-bcjzSBZf5Ro0wD0p,Features,ZDneEMxK820
PLnNotX5RheZgBvW2-bcjzSBZf5Ro0wD0p,Features,WhTKldj-veg
PLnNotX5RheZgBvW2-bcjzSBZf5Ro0wD0p,Features,X2xnRJcHcOg
PLnNotX5RheZgBvW2-bcjzSBZf5Ro0wD0p,Features,w6UoSWIBDlA
PLnNotX5RheZgBvW2-bcjzSBZf5Ro0wD0p,Features,J7_ARAdloK4
PLnNotX5RheZgBvW2-bcjzSBZf5Ro0wD0p,Features,cM05HaR31IE
PLnNotX5RheZgBvW2-bcjzSBZf5Ro0wD0p,Features,a_siu9t57tA
PLnNotX5RheZgBvW2-bcjzSBZf5Ro0wD0p,Features,f6xqI8GuzIw
PLnNotX5RheZgBvW2-bcjzSBZf5Ro0wD0p,Features,37AmTGs87B8
PLnNotX5RheZgBvW2-bcjzSBZf5Ro0wD0p,Features,Ey91HxXDb1M
PLnNotX5RheZgBvW2-bcjzSBZf5Ro0wD0p,Features,nmfDvOK4L8w
PLnNotX5RheZgBvW2-bcjzSBZf5Ro0wD0p,Features,VG8HXddyTPc
PLnNotX5RheZgBvW2-bcjzSBZf5Ro0wD0p,Features,V4jM__s38RM
PLnNotX5RheZgBvW2-bcjzSBZf5Ro0wD0p,Features,4up5RGUrJuw
PLnNotX5RheZgBvW2-bcjzSBZf5Ro0wD0p,Features,TIBUc9qch0A
PLnNotX5RheZgBvW2-bcjzSBZf5Ro0wD0p,Features,XFzlGIkLA7c
PLnNotX5RheZgBvW2-bcjzSBZf5Ro0wD0p,Features,S_kN-mCXhHc
PLnNotX5RheZgBvW2-bcjzSBZf5Ro0wD0p,Features,DJCUirD4a8k
PLnNotX5RheZgBvW2-bcjzSBZf5Ro0wD0p,Features,8e0eAY9PHxU
PLnNotX5RheZgBvW2-bcjzSBZf5Ro0wD0p,Features,J2DuwQNn1fY
PLnNotX5RheZgBvW2-bcjzSBZf5Ro0wD0p,Features,xklGRBFlGas
PLnNotX5RheZgBvW2-bcjzSBZf5Ro0wD0p,Features,7kdwwzxBXbs
PLnNotX5RheZgBvW2-bcjzSBZf5Ro0wD0p,Features,bLTd6I3QPbo
PLnNotX5RheZgBvW2-bcjzSBZf5Ro0wD0p,Features,wYPSxJaubAU
PLnNotX5RheZgBvW2-bcjzSBZf5Ro0wD0p,Features,xQ2ARhtNEY8
PLnNotX5RheZgBvW2-bcjzSBZf5Ro0wD0p,Features,PaxnCJDNlJI
PLnNotX5RheZgBvW2-bcjzSBZf5Ro0wD0p,Features,iIGnhOqKRFs
PLnNotX5RheZgBvW2-bcjzSBZf5Ro0wD0p,Features,1qeuHbJkxJw
PLnNotX5RheZgBvW2-bcjzSBZf5Ro0wD0p,Features,Qs9t2Y4AYHE
PLnNotX5RheZgBvW2-bcjzSBZf5Ro0wD0p,Features,8FR4Od990GI
PLnNotX5RheZgBvW2-bcjzSBZf5Ro0wD0p,Features,EmwE3CAYryw
PLnNotX5RheZgBvW2-bcjzSBZf5Ro0wD0p,Features,ROePaKHzXlI
PLnNotX5RheZgBvW2-bcjzSBZf5Ro0wD0p,Features,oyULEE0QqtE
PLnNotX5RheZgBvW2-bcjzSBZf5Ro0wD0p,Features,tsJtjwK6XhY
PLnNotX5RheZgBvW2-bcjzSBZf5Ro0wD0p,Features,lmcam99a6sk
PLnNotX5RheZgBvW2-bcjzSBZf5Ro0wD0p,Features,RQ5lTvUgxAk
PLnNotX5RheZgBvW2-bcjzSBZf5Ro0wD0p,Features,qVggJUJ5_IQ
PLnNotX5RheZgBvW2-bcjzSBZf5Ro0wD0p,Features,dQPtsgNykPw
PLnNotX5RheZgBvW2-bcjzSBZf5Ro0wD0p,Features,DYO8yI_yTFM
PLnNotX5RheZgBvW2-bcjzSBZf5Ro0wD0p,Features,-FsslX1rNFs
PLnNotX5RheZgBvW2-bcjzSBZf5Ro0wD0p,Features,vKv-LvCkJPc
PLnNotX5RheZgBvW2-bcjzSBZf5Ro0wD0p,Features,iASsQ3nWTnQ
PLnNotX5RheZgBvW2-bcjzSBZf5Ro0wD0p,Features,R8JbdZ2uLEo
PLnNotX5RheZgBvW2-bcjzSBZf5Ro0wD0p,Features,0baxDkIH60Q
PLnNotX5RheZgBvW2-bcjzSBZf5Ro0wD0p,Features,8gdyuttXBxE
PLnNotX5RheZgBvW2-bcjzSBZf5Ro0wD0p,Features,NWTzo6DTaJw
PLnNotX5RheZgBvW2-bcjzSBZf5Ro0wD0p,Features,TlsVrquTOGE
PLnNotX5RheZgBvW2-bcjzSBZf5Ro0wD0p,Features,49UhuUMuuIQ
PLnNotX5RheZgBvW2-bcjzSBZf5Ro0wD0p,Features,_YQNbcqpPCQ
PLnNotX5RheZgBvW2-bcjzSBZf5Ro0wD0p,Features,QIYlz4IcUR8
PLnNotX5RheZgBvW2-bcjzSBZf5Ro0wD0p,Features,7Ngd9vgfcm4
PLnNotX5RheZgBvW2-bcjzSBZf5Ro0wD0p,Features,-41YgVobYU8
PLnNotX5RheZgBvW2-bcjzSBZf5Ro0wD0p,Features,MUU7xEY2_VU
PLnNotX5RheZgBvW2-bcjzSBZf5Ro0wD0p,Features,18E9u1ZwpUI
PLnNotX5RheZgBvW2-bcjzSBZf5Ro0wD0p,Features,FHmB8GI9NLg
PLnNotX5RheZgBvW2-bcjzSBZf5Ro0wD0p,Features,42dKc4H3VQQ
PLnNotX5RheZgBvW2-bcjzSBZf5Ro0wD0p,Features,AC4kMqxQHJ8
PLnNotX5RheZgBvW2-bcjzSBZf5Ro0wD0p,Features,sIwivl2H4SI
PLnNotX5RheZgBvW2-bcjzSBZf5Ro0wD0p,Features,B146m3UFzbo
PLnNotX5RheZgBvW2-bcjzSBZf5Ro0wD0p,Features,bxZwiJ5tec0
PLnNotX5RheZgBvW2-bcjzSBZf5Ro0wD0p,Features,3Ow1folGjmc
PLnNotX5RheZgBvW2-bcjzSBZf5Ro0wD0p,Features,6rYewG9VeBU
PLnNotX5RheZgBvW2-bcjzSBZf5Ro0wD0p,Features,hYAYqLYAiF8
PLnNotX5RheZgBvW2-bcjzSBZf5Ro0wD0p,Features,damHYvrAqO8
PLnNotX5RheZgBvW2-bcjzSBZf5Ro0wD0p,Features,tLPi4mkQGBI
PLnNotX5RheZgBvW2-bcjzSBZf5Ro0wD0p,Features,kXSLxRp3eLQ
PLnNotX5RheZgBvW2-bcjzSBZf5Ro0wD0p,Features,3Ji6gbrL3ik
PLnNotX5RheZgBvW2-bcjzSBZf5Ro0wD0p,Features,p_DaltTfr0s
PLnNotX5RheZgBvW2-bcjzSBZf5Ro0wD0p,Features,XpyxI99zpoM
PLnNotX5RheZgBvW2-bcjzSBZf5Ro0wD0p,Features,DLYmSwKExbA
PLnNotX5RheZgBvW2-bcjzSBZf5Ro0wD0p,Features,IH_XS5XOuWg
PLnNotX5RheZgBvW2-bcjzSBZf5Ro0wD0p,Features,VC1i0QaYvDY
PLnNotX5RheZgBvW2-bcjzSBZf5Ro0wD0p,Features,RbLKKs5c1ew
PLnNotX5RheZgBvW2-bcjzSBZf5Ro0wD0p,Features,-GWABtFVdiw
PLnNotX5RheZgBvW2-bcjzSBZf5Ro0wD0p,Features,uOoW97D661c
PLnNotX5RheZgBvW2-bcjzSBZf5Ro0wD0p,Features,uKXe-XiTe-E
PLnNotX5RheZgBvW2-bcjzSBZf5Ro0wD0p,Features,VdCYhQJbeBI
PLnNotX5RheZgBvW2-bcjzSBZf5Ro0wD0p,Features,M2QUZuq7-js
PLnNotX5RheZgBvW2-bcjzSBZf5Ro0wD0p,Features,JFpllAL4DpQ
PLnNotX5RheZgBvW2-bcjzSBZf5Ro0wD0p,Features,hyn-5Zntko8
PLnNotX5RheZgBvW2-bcjzSBZf5Ro0wD0p,Features,_X92T5JV-JU
PLnNotX5RheZgBvW2-bcjzSBZf5Ro0wD0p,Features,B1Wtn7kVT5U
PLnNotX5RheZgBvW2-bcjzSBZf5Ro0wD0p,Features,8zv5S8R0Z8Q
PLnNotX5RheZgBvW2-bcjzSBZf5Ro0wD0p,Features,qGmIroVwvw8
PLnNotX5RheZgBvW2-bcjzSBZf5Ro0wD0p,Features,h8hmmlFsMFY
PLnNotX5RheZgBvW2-bcjzSBZf5Ro0wD0p,Features,gq4wjtRQDy4
PLnNotX5RheZgBvW2-bcjzSBZf5Ro0wD0p,Features,eUJ5wKT6Cxg
PLnNotX5RheZgBvW2-bcjzSBZf5Ro0wD0p,Features,yKb37Z60tc0
PLnNotX5RheZgBvW2-bcjzSBZf5Ro0wD0p,Features,N9kctukoJB4
PLnNotX5RheZgBvW2-bcjzSBZf5Ro0wD0p,Features,hJHXyO_tlmk
PLnNotX5RheZgBvW2-bcjzSBZf5Ro0wD0p,Features,yn8AoEuLDw4
PLnNotX5RheZgBvW2-bcjzSBZf5Ro0wD0p,Features,1HFQ3EaQaaU
PLnNotX5RheZgBvW2-bcjzSBZf5Ro0wD0p,Features,WqDj5ZSFwd4
PLnNotX5RheZgBvW2-bcjzSBZf5Ro0wD0p,Features,l-Q1GzE5Nao
PLnNotX5RheZgBvW2-bcjzSBZf5Ro0wD0p,Features,_37JrvvpKzw
PLnNotX5RheZgBvW2-bcjzSBZf5Ro0wD0p,Features,hVn2tT6feUM
PLnNotX5RheZgBvW2-bcjzSBZf5Ro0wD0p,Features,zH9q3C7NqwQ
PLnNotX5RheZgBvW2-bcjzSBZf5Ro0wD0p,Features,kh4nzzPotnY
PLnNotX5RheZgBvW2-bcjzSBZf5Ro0wD0p,Features,Xx4chuP8bVc
PLnNotX5RheZgBvW2-bcjzSBZf5Ro0wD0p,Features,zE_HMESPdaw
PLnNotX5RheZgBvW2-bcjzSBZf5Ro0wD0p,Features,qVCX8TnaZhE
PLnNotX5RheZgBvW2-bcjzSBZf5Ro0wD0p,Features,vIvODLvalS8
PLnNotX5RheZgBvW2-bcjzSBZf5Ro0wD0p,Features,XIi323uzO_4
PLnNotX5RheZgBvW2-bcjzSBZf5Ro0wD0p,Features,eKC4e4UWAE0
PLnNotX5RheZgBvW2-bcjzSBZf5Ro0wD0p,Features,4RPuJR3DiUo
PLnNotX5RheZgBvW2-bcjzSBZf5Ro0wD0p,Features,ZnLi07rcuSY
PLnNotX5RheZgBvW2-bcjzSBZf5Ro0wD0p,Features,pjGwH9fRpkQ
PLnNotX5RheZgBvW2-bcjzSBZf5Ro0wD0p,Features,KgsOGpAEYPQ
PLnNotX5RheZgBvW2-bcjzSBZf5Ro0wD0p,Features,11BGwpWAMeA
PLnNotX5RheZgBvW2-bcjzSBZf5Ro0wD0p,Features,RDES0rmkuYM
PLnNotX5RheZgBvW2-bcjzSBZf5Ro0wD0p,Features,P9zW81SK_E8
PLnNotX5RheZgBvW2-bcjzSBZf5Ro0wD0p,Features,Dkp87t_2GY0
PLnNotX5RheZgBvW2-bcjzSBZf5Ro0wD0p,Features,FDUGam4LVGs
PLnNotX5RheZgBvW2-bcjzSBZf5Ro0wD0p,Features,xTXNAd9BJAc
PLnNotX5RheZgBvW2-bcjzSBZf5Ro0wD0p,Features,Tyl_o2K_U1s
PLnNotX5RheZgBvW2-bcjzSBZf5Ro0wD0p,Features,428tznnfYp8
PLnNotX5RheZgBvW2-bcjzSBZf5Ro0wD0p,Features,QB3RSDeubPU
PLnNotX5RheZgBvW2-bcjzSBZf5Ro0wD0p,Features,7WI3jFvqo2I
PLnNotX5RheZgBvW2-bcjzSBZf5Ro0wD0p,Features,fBuoZeRyQM0
PLnNotX5RheZgBvW2-bcjzSBZf5Ro0wD0p,Features,eINXbrdwQMk
PLnNotX5RheZgBvW2-bcjzSBZf5Ro0wD0p,Features,LOc1Y3oazfs
PLnNotX5RheZgBvW2-bcjzSBZf5Ro0wD0p,Features,jdHNYvm9KyM
PLnNotX5RheZgBvW2-bcjzSBZf5Ro0wD0p,Features,5NO1B2KmW6A
PLnNotX5RheZgBvW2-bcjzSBZf5Ro0wD0p,Features,zxhCDcNDyK4
PLnNotX5RheZgBvW2-bcjzSBZf5Ro0wD0p,Features,IYxXtDuDovI
PLnNotX5RheZgBvW2-bcjzSBZf5Ro0wD0p,Features,IUKDiOY-efA
PLnNotX5RheZgBvW2-bcjzSBZf5Ro0wD0p,Features,DLdRQ4UE1_M
PLnNotX5RheZgBvW2-bcjzSBZf5Ro0wD0p,Features,8RQvdOtpeO0
PLnNotX5RheZgBvW2-bcjzSBZf5Ro0wD0p,Features,nW0QuEMlCyw
PLnNotX5RheZgBvW2-bcjzSBZf5Ro0wD0p,Features,G6YtdwaaQ28
PLnNotX5RheZgBvW2-bcjzSBZf5Ro0wD0p,Features,a_sKPNcNNlQ
PLnNotX5RheZgBvW2-bcjzSBZf5Ro0wD0p,Features,T98mW2KDA3I
PLnNotX5RheZgBvW2-bcjzSBZf5Ro0wD0p,Features,vIGrM9MdQHc
PLnNotX5RheZgBvW2-bcjzSBZf5Ro0wD0p,Features,39znbU4EvLU
PLnNotX5RheZgBvW2-bcjzSBZf5Ro0wD0p,Features,PB5N0i3p6U0
PLnNotX5RheZgBvW2-bcjzSBZf5Ro0wD0p,Features,rDdXD7NTnYE
PLnNotX5RheZgBvW2-bcjzSBZf5Ro0wD0p,Features,2zI0WR5Gq3I
PLnNotX5RheZgBvW2-bcjzSBZf5Ro0wD0p,Features,QqTs7Fu3yYM
PLnNotX5RheZgBvW2-bcjzSBZf5Ro0wD0p,Features,TujZeQrpu4k
PLnNotX5RheZgBvW2-bcjzSBZf5Ro0wD0p,Features,evh12fqUs_k
PLnNotX5RheZgBvW2-bcjzSBZf5Ro0wD0p,Features,-TtaFdhNIlE
PLnNotX5RheZgBvW2-bcjzSBZf5Ro0wD0p,Features,8gApm3Y4xrg
PLnNotX5RheZgBvW2-bcjzSBZf5Ro0wD0p,Features,LmkkXu2AEgc
PLnNotX5RheZgBvW2-bcjzSBZf5Ro0wD0p,Features,1uR0atpR07M
PLnNotX5RheZgBvW2-bcjzSBZf5Ro0wD0p,Features,-NtVTE68wGc
PLnNotX5RheZgBvW2-bcjzSBZf5Ro0wD0p,Features,QRPyob89XaA
PLnNotX5RheZgBvW2-bcjzSBZf5Ro0wD0p,Features,Smglh8PCChQ
PLnNotX5RheZgBvW2-bcjzSBZf5Ro0wD0p,Features,2u4JB2qSKhw
PLnNotX5RheZgBvW2-bcjzSBZf5Ro0wD0p,Features,FhQc-38rCfc
PLnNotX5RheZgBvW2-bcjzSBZf5Ro0wD0p,Features,52fzgzidAWI
PLnNotX5RheZgBvW2-bcjzSBZf5Ro0wD0p,Features,OcFxMXMERyo
PLnNotX5RheZgBvW2-bcjzSBZf5Ro0wD0p,Features,UrorzWfaW3U
PLnNotX5RheZgBvW2-bcjzSBZf5Ro0wD0p,Features,lTJaU-Vqc0M
PLnNotX5RheZgBvW2-bcjzSBZf5Ro0wD0p,Features,_MqdVghIVEo
PLnNotX5RheZgBvW2-bcjzSBZf5Ro0wD0p,Features,QAKej7i4noc
PLnNotX5RheZgBvW2-bcjzSBZf5Ro0wD0p,Features,pSj-tWWY2ik
PLnNotX5RheZgBvW2-bcjzSBZf5Ro0wD0p,Features,EY7XDGu4FgU
PLnNotX5RheZgBvW2-bcjzSBZf5Ro0wD0p,Features,Mcg0QLrIrJQ
PLnNotX5RheZgBvW2-bcjzSBZf5Ro0wD0p,Features,ZOgDEKvMfbg
PLnNotX5RheZgBvW2-bcjzSBZf5Ro0wD0p,Features,WyprK7-GCjY
PLnNotX5RheZgBvW2-bcjzSBZf5Ro0wD0p,Features,1vC4H8nplwQ
PLnNotX5RheZgBvW2-bcjzSBZf5Ro0wD0p,Features,7xlrWkdGb_g
PLnNotX5RheZgBvW2-bcjzSBZf5Ro0wD0p,Features,fWL8Tktp2ww
PLnNotX5RheZgBvW2-bcjzSBZf5Ro0wD0p,Features,E-cMwsvtNp4
PLnNotX5RheZgBvW2-bcjzSBZf5Ro0wD0p,Features,EFCN_0ILbw8
PLnNotX5RheZgBvW2-bcjzSBZf5Ro0wD0p,Features,1v9x4A-RNTM
PLnNotX5RheZgBvW2-bcjzSBZf5Ro0wD0p,Features,_9tEnXwckE4
PLnNotX5RheZgBvW2-bcjzSBZf5Ro0wD0p,Features,okD4Jn7IY9E
PLnNotX5RheZgBvW2-bcjzSBZf5Ro0wD0p,Features,X7F7TAc_q4Y
PLnNotX5RheZgBvW2-bcjzSBZf5Ro0wD0p,Features,PRxwXe1alL0
PLnNotX5RheZgBvW2-bcjzSBZf5Ro0wD0p,Features,_afdo77X_uo
PLnNotX5RheZgBvW2-bcjzSBZf5Ro0wD0p,Features,_afdo77X_uo
PLnNotX5RheZgBvW2-bcjzSBZf5Ro0wD0p,Features,i2_PWeJSoWo
PLnNotX5RheZgBvW2-bcjzSBZf5Ro0wD0p,Features,dGsFSv1aVC4
PLnNotX5RheZgBvW2-bcjzSBZf5Ro0wD0p,Features,wp_bTUBGjMM
PLnNotX5RheZgBvW2-bcjzSBZf5Ro0wD0p,Features,oYq8tGFUxeo
PLnNotX5RheZgBvW2-bcjzSBZf5Ro0wD0p,Features,0YaCpBI584E
PLnNotX5RheZgBvW2-bcjzSBZf5Ro0wD0p,Features,3L9yFxVMI9A
PLnNotX5RheZgBvW2-bcjzSBZf5Ro0wD0p,Features,8vNOApEsRIE
PLnNotX5RheZgBvW2-bcjzSBZf5Ro0wD0p,Features,WBNLcvFUpb0
PLnNotX5RheZgBvW2-bcjzSBZf5Ro0wD0p,Features,XLIDLDDZV6I
PLnNotX5RheZgBvW2-bcjzSBZf5Ro0wD0p,Features,Q_r5abLAEg8
PLnNotX5RheZgBvW2-bcjzSBZf5Ro0wD0p,Features,x3I9ZkMZ9xg
PLnNotX5RheZgBvW2-bcjzSBZf5Ro0wD0p,Features,f2HcidCF0IU
PLnNotX5RheZgBvW2-bcjzSBZf5Ro0wD0p,Features,J9Hm7jsRKRA
PLnNotX5RheZgBvW2-bcjzSBZf5Ro0wD0p,Features,zc3nfYBZcCo
PLnNotX5RheZgBvW2-bcjzSBZf5Ro0wD0p,Features,81Y9BC_4ftc
PLnNotX5RheZgBvW2-bcjzSBZf5Ro0wD0p,Features,PzPkrOA6kPE
PLnNotX5RheZgBvW2-bcjzSBZf5Ro0wD0p,Features,QC5BB7VEOog
PLnNotX5RheZgBvW2-bcjzSBZf5Ro0wD0p,Features,aXuJBe5LTlA
PLnNotX5RheZgBvW2-bcjzSBZf5Ro0wD0p,Features,huc05WG2Sh8
PLnNotX5RheZgBvW2-bcjzSBZf5Ro0wD0p,Features,G1dCINkFF2g
PLnNotX5RheZgBvW2-bcjzSBZf5Ro0wD0p,Features,u4x-fkjqcMk
PLnNotX5RheZgBvW2-bcjzSBZf5Ro0wD0p,Features,gj6wXHowsks
PLnNotX5RheZgBvW2-bcjzSBZf5Ro0wD0p,Features,pKGF-yP770w
PLnNotX5RheZgBvW2-bcjzSBZf5Ro0wD0p,Features,0lnQ88vf0Uk
PLnNotX5RheZgBvW2-bcjzSBZf5Ro0wD0p,Features,s7JXkZLmbaI
PLnNotX5RheZgBvW2-bcjzSBZf5Ro0wD0p,Features,SkXc6sT1yC4
PLnNotX5RheZgBvW2-bcjzSBZf5Ro0wD0p,Features,Lqyurqybzfg
PLnNotX5RheZgBvW2-bcjzSBZf5Ro0wD0p,Features,-QM2mktkSG8
PLnNotX5RheZgBvW2-bcjzSBZf5Ro0wD0p,Features,1YdyxVvyGlE
PLnNotX5RheZgBvW2-bcjzSBZf5Ro0wD0p,Features,QleftZ8pPWY
PLnNotX5RheZgBvW2-bcjzSBZf5Ro0wD0p,Features,O5fQvUaV5X0
PLnNotX5RheZgBvW2-bcjzSBZf5Ro0wD0p,Features,BtcZH2MKV3g
PLnNotX5RheZgBvW2-bcjzSBZf5Ro0wD0p,Features,xg9fXYow0RE
PLnNotX5RheZgBvW2-bcjzSBZf5Ro0wD0p,Features,O8B2oZ4mRtk
PLnNotX5RheZgBvW2-bcjzSBZf5Ro0wD0p,Features,efJCxmjcBeo
PLnNotX5RheZgBvW2-bcjzSBZf5Ro0wD0p,Features,2c2CdIxCtkI
PLnNotX5RheZgBvW2-bcjzSBZf5Ro0wD0p,Features,IUIycILiVaE
PLnNotX5RheZgBvW2-bcjzSBZf5Ro0wD0p,Features,0CgryQZi9hE
PLnNotX5RheZgBvW2-bcjzSBZf5Ro0wD0p,Features,I-2Ic1SWoIo
PLnNotX5RheZgBvW2-bcjzSBZf5Ro0wD0p,Features,xgcOIq6Cmis
PLnNotX5RheZgBvW2-bcjzSBZf5Ro0wD0p,Features,FX3BcvxpIMQ
PLnNotX5RheZgBvW2-bcjzSBZf5Ro0wD0p,Features,FSx6j45SaX8
PLnNotX5RheZgBvW2-bcjzSBZf5Ro0wD0p,Features,vddlIkLWq0E
PLnNotX5RheZgBvW2-bcjzSBZf5Ro0wD0p,Features,roOJ0cFPyqY
PLnNotX5RheZgBvW2-bcjzSBZf5Ro0wD0p,Features,q8ei8co_Jpk
PLnNotX5RheZgBvW2-bcjzSBZf5Ro0wD0p,Features,3tdapOONDIU
PLnNotX5RheZgBvW2-bcjzSBZf5Ro0wD0p,Features,LDOYtXwBHQc
PLnNotX5RheZgBvW2-bcjzSBZf5Ro0wD0p,Features,OUwoqHLhlc0
PLnNotX5RheZgBvW2-bcjzSBZf5Ro0wD0p,Features,yzPlN6o_r74
PLnNotX5RheZgBvW2-bcjzSBZf5Ro0wD0p,Features,6aLpEc1L8y4
PLnNotX5RheZgBvW2-bcjzSBZf5Ro0wD0p,Features,M_CxIUYcRAo
PLnNotX5RheZgBvW2-bcjzSBZf5Ro0wD0p,Features,i6xhS_FITLg
PLnNotX5RheZgBvW2-bcjzSBZf5Ro0wD0p,Features,U1JmtUjN9oA
PLnNotX5RheZgBvW2-bcjzSBZf5Ro0wD0p,Features,ofIb0HDFeug
PLnNotX5RheZgBvW2-bcjzSBZf5Ro0wD0p,Features,ChqCT2J6i1I
PLnNotX5RheZgBvW2-bcjzSBZf5Ro0wD0p,Features,2fSjjSIhIVA
PLnNotX5RheZgBvW2-bcjzSBZf5Ro0wD0p,Features,a1RM1dM_Nwo
PLnNotX5RheZgBvW2-bcjzSBZf5Ro0wD0p,Features,Dl8eKSXHvNU
PLnNotX5RheZgBvW2-bcjzSBZf5Ro0wD0p,Features,_yFsGu0omJg
PLnNotX5RheZgBvW2-bcjzSBZf5Ro0wD0p,Features,bAp06ATrXa4
PLnNotX5RheZgBvW2-bcjzSBZf5Ro0wD0p,Features,3sQLAenkFBs
PLnNotX5RheZgBvW2-bcjzSBZf5Ro0wD0p,Features,55cahS3BF-A
PLnNotX5RheZgBvW2-bcjzSBZf5Ro0wD0p,Features,6FeiWFBhK0s
PLnNotX5RheZgBvW2-bcjzSBZf5Ro0wD0p,Features,-3HYK3fFnlE
PLnNotX5RheZgBvW2-bcjzSBZf5Ro0wD0p,Features,Y2tVipN2PLY
PLnNotX5RheZgBvW2-bcjzSBZf5Ro0wD0p,Features,MKIFjwoT8b0
PLnNotX5RheZgBvW2-bcjzSBZf5Ro0wD0p,Features,I_iBs3PCo5I
PLnNotX5RheZgBvW2-bcjzSBZf5Ro0wD0p,Features,0RahUfQWsec
PLnNotX5RheZgBvW2-bcjzSBZf5Ro0wD0p,Features,O1VwUWDbrtQ
PLnNotX5RheZgBvW2-bcjzSBZf5Ro0wD0p,Features,Jy6bz8oAlVY
PLnNotX5RheZgBvW2-bcjzSBZf5Ro0wD0p,Features,DfJaQEO-rcQ
PLnNotX5RheZgBvW2-bcjzSBZf5Ro0wD0p,Features,8kWPbMaAdMY
PLnNotX5RheZgBvW2-bcjzSBZf5Ro0wD0p,Features,PM21WeQhnEg
PLnNotX5RheZgBvW2-bcjzSBZf5Ro0wD0p,Features,ah6lbc6Y8tA
PLnNotX5RheZgBvW2-bcjzSBZf5Ro0wD0p,Features,s94dOyjpBio
PLnNotX5RheZgBvW2-bcjzSBZf5Ro0wD0p,Features,UT2YKyCOslQ
PLnNotX5RheZgBvW2-bcjzSBZf5Ro0wD0p,Features,doVCVcHf7Rk
PLnNotX5RheZgBvW2-bcjzSBZf5Ro0wD0p,Features,9XkFQRA0ihs
PLnNotX5RheZgBvW2-bcjzSBZf5Ro0wD0p,Features,uQjWtdx-S8c
PLnNotX5RheZgBvW2-bcjzSBZf5Ro0wD0p,Features,1lpRepZpd_o
PLnNotX5RheZgBvW2-bcjzSBZf5Ro0wD0p,Features,oc9JroYK-lY
PLnNotX5RheZgBvW2-bcjzSBZf5Ro0wD0p,Features,q-bLK5OGZnE
PLnNotX5RheZgBvW2-bcjzSBZf5Ro0wD0p,Features,MzNzYmQA2Yg
PLnNotX5RheZgBvW2-bcjzSBZf5Ro0wD0p,Features,RnOQsGLduAE
PLnNotX5RheZgBvW2-bcjzSBZf5Ro0wD0p,Features,yPido7jJmW4
PLnNotX5RheZgBvW2-bcjzSBZf5Ro0wD0p,Features,QBmWS6lm84M
PLnNotX5RheZgBvW2-bcjzSBZf5Ro0wD0p,Features,49Hqjq0pa6w
PLnNotX5RheZgBvW2-bcjzSBZf5Ro0wD0p,Features,HYkzru5H4xo
PLnNotX5RheZgBvW2-bcjzSBZf5Ro0wD0p,Features,C0olL7UFslY
PLnNotX5RheZgBvW2-bcjzSBZf5Ro0wD0p,Features,9MCezk9od8A
PLnNotX5RheZgBvW2-bcjzSBZf5Ro0wD0p,Features,lPPAssushwU
PLnNotX5RheZgBvW2-bcjzSBZf5Ro0wD0p,Features,RCVjNGFWFc0
PLnNotX5RheZgBvW2-bcjzSBZf5Ro0wD0p,Features,g3IkzlzLVYc
PLnNotX5RheZgBvW2-bcjzSBZf5Ro0wD0p,Features,s5IN51b_-rw
PLnNotX5RheZgBvW2-bcjzSBZf5Ro0wD0p,Features,uUrrwLh1yLs
PLnNotX5RheZgBvW2-bcjzSBZf5Ro0wD0p,Features,QWnmvrtx1io
PLnNotX5RheZgBvW2-bcjzSBZf5Ro0wD0p,Features,pDQB8jy27lg
PLnNotX5RheZgBvW2-bcjzSBZf5Ro0wD0p,Features,g2u8jd0MFsI
PLnNotX5RheZgBvW2-bcjzSBZf5Ro0wD0p,Features,4AvaEoB5nhs
PLnNotX5RheZgBvW2-bcjzSBZf5Ro0wD0p,Features,0OaAIRV818o
PLnNotX5RheZgBvW2-bcjzSBZf5Ro0wD0p,Features,KG0H3q0kGr8
PLnNotX5RheZgBvW2-bcjzSBZf5Ro0wD0p,Features,0vXjdb3VyHU
PLnNotX5RheZgBvW2-bcjzSBZf5Ro0wD0p,Features,p9gTzej07Gw
PLnNotX5RheZgBvW2-bcjzSBZf5Ro0wD0p,Features,wT7PTM8lg7k
PLnNotX5RheZgBvW2-bcjzSBZf5Ro0wD0p,Features,Zcjdl2vGFxY
PLnNotX5RheZgBvW2-bcjzSBZf5Ro0wD0p,Features,HX6SnE8s1Og
PLnNotX5RheZgBvW2-bcjzSBZf5Ro0wD0p,Features,qw27bLIdVfA
PLnNotX5RheZgBvW2-bcjzSBZf5Ro0wD0p,Features,a2UOongP-4Y
PLnNotX5RheZgBvW2-bcjzSBZf5Ro0wD0p,Features,Zp2ehQjyGhQ
PLnNotX5RheZgBvW2-bcjzSBZf5Ro0wD0p,Features,-qBBrhpCuts
PLnNotX5RheZgBvW2-bcjzSBZf5Ro0wD0p,Features,SSbEJrYLnK4
PLnNotX5RheZgBvW2-bcjzSBZf5Ro0wD0p,Features,yZ-9jit4o2E
PLnNotX5RheZgBvW2-bcjzSBZf5Ro0wD0p,Features,W7uMqC8nQLM
PLnNotX5RheZgBvW2-bcjzSBZf5Ro0wD0p,Features,bKMVFo3ZKns
PLnNotX5RheZgBvW2-bcjzSBZf5Ro0wD0p,Features,-cz6tKUBDu8
PLnNotX5RheZgBvW2-bcjzSBZf5Ro0wD0p,Features,1JkquY1YkgQ
PLnNotX5RheZgBvW2-bcjzSBZf5Ro0wD0p,Features,vmj5NKKKJ98
PLnNotX5RheZgBvW2-bcjzSBZf5Ro0wD0p,Features,Gk76w9VbZE8
PLnNotX5RheZgBvW2-bcjzSBZf5Ro0wD0p,Features,ZtlrgkyiBUk
PLnNotX5RheZgBvW2-bcjzSBZf5Ro0wD0p,Features,_-rcFXCuRuE
PLnNotX5RheZgBvW2-bcjzSBZf5Ro0wD0p,Features,IXqbABVG9Y4
PLnNotX5RheZgBvW2-bcjzSBZf5Ro0wD0p,Features,SZyqDdrJs-U
PLnNotX5RheZgBvW2-bcjzSBZf5Ro0wD0p,Features,-Lj_gcPfR_Q
PLnNotX5RheZgBvW2-bcjzSBZf5Ro0wD0p,Features,oX3HDjSuXBs
PLnNotX5RheZgBvW2-bcjzSBZf5Ro0wD0p,Features,l6P1_N-W8_I
PLnNotX5RheZgBvW2-bcjzSBZf5Ro0wD0p,Features,-lEulzXCG5g
PLnNotX5RheZgBvW2-bcjzSBZf5Ro0wD0p,Features,5p6JNsjskJ0
PLnNotX5RheZgBvW2-bcjzSBZf5Ro0wD0p,Features,yT4IhMZvGtA
PLnNotX5RheZgBvW2-bcjzSBZf5Ro0wD0p,Features,evYgoLmXNrc
PLnNotX5RheZgBvW2-bcjzSBZf5Ro0wD0p,Features,IiKwJuKDgo4
PLnNotX5RheZgBvW2-bcjzSBZf5Ro0wD0p,Features,ewF_pG3IwLo
PLnNotX5RheZgBvW2-bcjzSBZf5Ro0wD0p,Features,6UMLrba3SDg
PLnNotX5RheZgBvW2-bcjzSBZf5Ro0wD0p,Features,FHFO1LVslS4
PLnNotX5RheZgBvW2-bcjzSBZf5Ro0wD0p,Features,6NUo7BHv184
PLnNotX5RheZgBvW2-bcjzSBZf5Ro0wD0p,Features,C0z4VJQkAW0
PLnNotX5RheZgBvW2-bcjzSBZf5Ro0wD0p,Features,q_dsYAm61gc
PLnNotX5RheZgBvW2-bcjzSBZf5Ro0wD0p,Features,CCqEu_bkxTk
PLnNotX5RheZgBvW2-bcjzSBZf5Ro0wD0p,Features,ZKtDTy47BYE
PLnNotX5RheZiTDFQ5T7x_1wjIwFNXhjbu,Interviews,9HJmceYPEEw
PLnNotX5RheZiTDFQ5T7x_1wjIwFNXhjbu,Interviews,YBaIh-Hs534
PLnNotX5RheZiTDFQ5T7x_1wjIwFNXhjbu,Interviews,ddrQqHeyZVg
PLnNotX5RheZiTDFQ5T7x_1wjIwFNXhjbu,Interviews,6PE2gPjaSbY
PLnNotX5RheZiTDFQ5T7x_1wjIwFNXhjbu,Interviews,tdYGCzteyMU
PLnNotX5RheZiTDFQ5T7x_1wjIwFNXhjbu,Interviews,ACtEv4-KcyU
PLnNotX5RheZiTDFQ5T7x_1wjIwFNXhjbu,Interviews,71sXOelqKDI
PLnNotX5RheZiTDFQ5T7x_1wjIwFNXhjbu,Interviews,7WWJFAqyC8U
PLnNotX5RheZiTDFQ5T7x_1wjIwFNXhjbu,Interviews,0xvG8YFF4bU
PLnNotX5RheZiTDFQ5T7x_1wjIwFNXhjbu,Interviews,d0-EJWHxgXk
PLnNotX5RheZiTDFQ5T7x_1wjIwFNXhjbu,Interviews,vRQj_hTSxVk
PLnNotX5RheZiTDFQ5T7x_1wjIwFNXhjbu,Interviews,47i7y7H315E
PLnNotX5RheZiTDFQ5T7x_1wjIwFNXhjbu,Interviews,039g700-Q4s
PLnNotX5RheZiTDFQ5T7x_1wjIwFNXhjbu,Interviews,bhafTgO6odY
PLnNotX5RheZiTDFQ5T7x_1wjIwFNXhjbu,Interviews,EvHLXlGpllY
PLnNotX5RheZiTDFQ5T7x_1wjIwFNXhjbu,Interviews,gc_deeZsDng
PLnNotX5RheZiTDFQ5T7x_1wjIwFNXhjbu,Interviews,OQ3yVsNinBQ
PLnNotX5RheZiTDFQ5T7x_1wjIwFNXhjbu,Interviews,slLNOhh31Fg
PLnNotX5RheZiTDFQ5T7x_1wjIwFNXhjbu,Interviews,W-3gL2UAlJo
PLnNotX5RheZiTDFQ5T7x_1wjIwFNXhjbu,Interviews,wuujXQBC6hs
PLnNotX5RheZiTDFQ5T7x_1wjIwFNXhjbu,Interviews,KSTZ1CBVEXE
PLnNotX5RheZiTDFQ5T7x_1wjIwFNXhjbu,Interviews,3wwuQE8WHNw
PLnNotX5RheZiTDFQ5T7x_1wjIwFNXhjbu,Interviews,2N_aWQoGbcE
PLnNotX5RheZiTDFQ5T7x_1wjIwFNXhjbu,Interviews,BDmU73ocrC0
PLnNotX5RheZiTDFQ5T7x_1wjIwFNXhjbu,Interviews,4QiG28X6sWg
PLnNotX5RheZiTDFQ5T7x_1wjIwFNXhjbu,Interviews,jAJC2kXPPuQ
PLnNotX5RheZiTDFQ5T7x_1wjIwFNXhjbu,Interviews,g_YVFKUGf3M
PLnNotX5RheZiTDFQ5T7x_1wjIwFNXhjbu,Interviews,NG1Epr6PIqs
PLnNotX5RheZiTDFQ5T7x_1wjIwFNXhjbu,Interviews,LtAHEqMaglc
PLnNotX5RheZiTDFQ5T7x_1wjIwFNXhjbu,Interviews,6pXsfyymqlA
PLnNotX5RheZiTDFQ5T7x_1wjIwFNXhjbu,Interviews,qMqyH1vMRyU
PLnNotX5RheZiTDFQ5T7x_1wjIwFNXhjbu,Interviews,kUCaUyhx29I
PLnNotX5RheZiTDFQ5T7x_1wjIwFNXhjbu,Interviews,dcK8b7MCXB8
PLnNotX5RheZiTDFQ5T7x_1wjIwFNXhjbu,Interviews,6MkZ2loFQJM
PLnNotX5RheZiTDFQ5T7x_1wjIwFNXhjbu,Interviews,u1EBzpNCxQg
PLnNotX5RheZiTDFQ5T7x_1wjIwFNXhjbu,Interviews,kb8SslPSLJ8
PLnNotX5RheZiTDFQ5T7x_1wjIwFNXhjbu,Interviews,-V7BisqaE0w
PLnNotX5RheZiTDFQ5T7x_1wjIwFNXhjbu,Interviews,eYkf8dPjmwg
PLnNotX5RheZiTDFQ5T7x_1wjIwFNXhjbu,Interviews,hij-qPjWo2Q
PLnNotX5RheZiTDFQ5T7x_1wjIwFNXhjbu,Interviews,t80euGnJI8o
PLnNotX5RheZiTDFQ5T7x_1wjIwFNXhjbu,Interviews,26tSm2CVeCI
PLnNotX5RheZiTDFQ5T7x_1wjIwFNXhjbu,Interviews,veL1Hr5TtyM
PLnNotX5RheZiTDFQ5T7x_1wjIwFNXhjbu,Interviews,U7SflhGNPTo
PLnNotX5RheZiTDFQ5T7x_1wjIwFNXhjbu,Interviews,e0SDcxyq464
PLnNotX5RheZiTDFQ5T7x_1wjIwFNXhjbu,Interviews,ZVf7S4NsZl4
PLnNotX5RheZiTDFQ5T7x_1wjIwFNXhjbu,Interviews,HW4aXeobBcE
PLnNotX5RheZiTDFQ5T7x_1wjIwFNXhjbu,Interviews,9ryPeIt1kYU
PLnNotX5RheZiTDFQ5T7x_1wjIwFNXhjbu,Interviews,drPbW3bs6bI
PLnNotX5RheZiTDFQ5T7x_1wjIwFNXhjbu,Interviews,tkEUebbbw8Q
PLnNotX5RheZiTDFQ5T7x_1wjIwFNXhjbu,Interviews,ErUJJCRvDxg
PLnNotX5RheZiTDFQ5T7x_1wjIwFNXhjbu,Interviews,CE8sdYsIgIw
PLnNotX5RheZiTDFQ5T7x_1wjIwFNXhjbu,Interviews,BOc2TTLpkrs
PLnNotX5RheZiTDFQ5T7x_1wjIwFNXhjbu,Interviews,5mayMih29pU
PLnNotX5RheZiTDFQ5T7x_1wjIwFNXhjbu,Interviews,09DvtwzSdrc
PLnNotX5RheZiTDFQ5T7x_1wjIwFNXhjbu,Interviews,4rW5Yl1VVlY
PLnNotX5RheZiTDFQ5T7x_1wjIwFNXhjbu,Interviews,e1vupK8Lmxk
PLnNotX5RheZiTDFQ5T7x_1wjIwFNXhjbu,Interviews,D2FB_g0cXl4
PLnNotX5RheZiTDFQ5T7x_1wjIwFNXhjbu,Interviews,oypPhXRsRdQ
PLnNotX5RheZiTDFQ5T7x_1wjIwFNXhjbu,Interviews,WxHjFpAIFnQ
PLnNotX5RheZiTDFQ5T7x_1wjIwFNXhjbu,Interviews,dghIetaPdKc
PLnNotX5RheZiTDFQ5T7x_1wjIwFNXhjbu,Interviews,aCIJeregcPU
PLnNotX5RheZiTDFQ5T7x_1wjIwFNXhjbu,Interviews,CvWsQpbkU6w
PLnNotX5RheZiTDFQ5T7x_1wjIwFNXhjbu,Interviews,qK6FUWyu02M
PLnNotX5RheZiTDFQ5T7x_1wjIwFNXhjbu,Interviews,KNLzLbLeHk8
PLnNotX5RheZiTDFQ5T7x_1wjIwFNXhjbu,Interviews,8jFSRlJc7rk
PLnNotX5RheZiTDFQ5T7x_1wjIwFNXhjbu,Interviews,Nix7zUVsFAI
PLnNotX5RheZiTDFQ5T7x_1wjIwFNXhjbu,Interviews,i2-FrUg1c2M
PLnNotX5RheZiTDFQ5T7x_1wjIwFNXhjbu,Interviews,Hr3P5FNYNpI
PLnNotX5RheZiTDFQ5T7x_1wjIwFNXhjbu,Interviews,_WuxblOC5Rs
PLnNotX5RheZiTDFQ5T7x_1wjIwFNXhjbu,Interviews,IclkuQQr6r8
PLnNotX5RheZiTDFQ5T7x_1wjIwFNXhjbu,Interviews,s9wLtzEvdUs
PLnNotX5RheZiTDFQ5T7x_1wjIwFNXhjbu,Interviews,BDFWFavm5bc
PLnNotX5RheZiTDFQ5T7x_1wjIwFNXhjbu,Interviews,xTnotcgBxkk
PLnNotX5RheZiTDFQ5T7x_1wjIwFNXhjbu,Interviews,qlMGjp88fnU
PLnNotX5RheZiTDFQ5T7x_1wjIwFNXhjbu,Interviews,KbMawicwDs8
PLnNotX5RheZiTDFQ5T7x_1wjIwFNXhjbu,Interviews,uVdUIuCFQw8
PLnNotX5RheZiTDFQ5T7x_1wjIwFNXhjbu,Interviews,zZdAXMIjA9g
PLnNotX5RheZiTDFQ5T7x_1wjIwFNXhjbu,Interviews,D7khyIRq-J4
PLnNotX5RheZiTDFQ5T7x_1wjIwFNXhjbu,Interviews,KN2O3TIp6H8
PLnNotX5RheZiTDFQ5T7x_1wjIwFNXhjbu,Interviews,hrZgc6KMM18
PLnNotX5RheZiTDFQ5T7x_1wjIwFNXhjbu,Interviews,UXup5Kqz3JE
PLnNotX5RheZiTDFQ5T7x_1wjIwFNXhjbu,Interviews,54uYp3aI-Ys
PLnNotX5RheZiTDFQ5T7x_1wjIwFNXhjbu,Interviews,DkGu0Fv35Ng
PLnNotX5RheZiTDFQ5T7x_1wjIwFNXhjbu,Interviews,6Aeih36AJoU
PLnNotX5RheZiTDFQ5T7x_1wjIwFNXhjbu,Interviews,j9IyWJVoB_o
PLnNotX5RheZiTDFQ5T7x_1wjIwFNXhjbu,Interviews,l4y_ZrHO9ls
PLnNotX5RheZiTDFQ5T7x_1wjIwFNXhjbu,Interviews,tprF8nLIY3k
PLnNotX5RheZiTDFQ5T7x_1wjIwFNXhjbu,Interviews,ypp3XaOvWtM
PLnNotX5RheZiTDFQ5T7x_1wjIwFNXhjbu,Interviews,FPrjA70p7fU
PLnNotX5RheZiTDFQ5T7x_1wjIwFNXhjbu,Interviews,Awy-6-aiXRY
PLnNotX5RheZiTDFQ5T7x_1wjIwFNXhjbu,Interviews,BI-98LiNW9M
PLnNotX5RheZiTDFQ5T7x_1wjIwFNXhjbu,Interviews,7oAQBPnyrQo
PLnNotX5RheZiTDFQ5T7x_1wjIwFNXhjbu,Interviews,jV8rUxRUM8g
PLnNotX5RheZiTDFQ5T7x_1wjIwFNXhjbu,Interviews,h_mk86m4l1s
PLnNotX5RheZiTDFQ5T7x_1wjIwFNXhjbu,Interviews,21fhDeZGv7g
PLnNotX5RheZiTDFQ5T7x_1wjIwFNXhjbu,Interviews,5loT_fuXLvA
PLnNotX5RheZiTDFQ5T7x_1wjIwFNXhjbu,Interviews,9ZxQSIK-2rE
PLnNotX5RheZiTDFQ5T7x_1wjIwFNXhjbu,Interviews,K7Uyjp-D2kY
PLnNotX5RheZiTDFQ5T7x_1wjIwFNXhjbu,Interviews,WuVRkprbmlY
PLnNotX5RheZiTDFQ5T7x_1wjIwFNXhjbu,Interviews,RmFESQ3eZUw
PLnNotX5RheZiTDFQ5T7x_1wjIwFNXhjbu,Interviews,yrfEgM3fzNg
PLnNotX5RheZiTDFQ5T7x_1wjIwFNXhjbu,Interviews,EM0a_ciZuSI
PLnNotX5RheZiTDFQ5T7x_1wjIwFNXhjbu,Interviews,OEGgWlT0aVY
PLnNotX5RheZiTDFQ5T7x_1wjIwFNXhjbu,Interviews,bjQN5iU1sRw
PLnNotX5RheZiTDFQ5T7x_1wjIwFNXhjbu,Interviews,XcesmMTQv6o
PLnNotX5RheZiTDFQ5T7x_1wjIwFNXhjbu,Interviews,XWoAeIVn1aY
PLnNotX5RheZiTDFQ5T7x_1wjIwFNXhjbu,Interviews,1-jRERCSIE4
PLnNotX5RheZiTDFQ5T7x_1wjIwFNXhjbu,Interviews,mGdXBM4Wm1M
PLnNotX5RheZiTDFQ5T7x_1wjIwFNXhjbu,Interviews,J7nOfYbwcHQ
PLnNotX5RheZiTDFQ5T7x_1wjIwFNXhjbu,Interviews,I_05xsbSLFE
PLnNotX5RheZiTDFQ5T7x_1wjIwFNXhjbu,Interviews,09harsowVy8
PLnNotX5RheZiTDFQ5T7x_1wjIwFNXhjbu,Interviews,5-f_RlVZSBU
PLnNotX5RheZiTDFQ5T7x_1wjIwFNXhjbu,Interviews,ghEbWo4WdlI
PLnNotX5RheZiTDFQ5T7x_1wjIwFNXhjbu,Interviews,79NiFasDNYg
PLnNotX5RheZiTDFQ5T7x_1wjIwFNXhjbu,Interviews,r1F_jO028cM
PLnNotX5RheZiTDFQ5T7x_1wjIwFNXhjbu,Interviews,LLYg5ej5LZM
PLnNotX5RheZiTDFQ5T7x_1wjIwFNXhjbu,Interviews,OCij1VepUw0
PLnNotX5RheZiTDFQ5T7x_1wjIwFNXhjbu,Interviews,GvFS93j2cYg
PLnNotX5RheZiTDFQ5T7x_1wjIwFNXhjbu,Interviews,JNfiSiVIOUE
PLnNotX5RheZiTDFQ5T7x_1wjIwFNXhjbu,Interviews,h3J9II55Ztc
PLnNotX5RheZiTDFQ5T7x_1wjIwFNXhjbu,Interviews,IxmEBAHJn0E
PLnNotX5RheZiTDFQ5T7x_1wjIwFNXhjbu,Interviews,x_l3nN1Irv0
PLnNotX5RheZiTDFQ5T7x_1wjIwFNXhjbu,Interviews,LzOY7qGWi10
PLnNotX5RheZiTDFQ5T7x_1wjIwFNXhjbu,Interviews,JcJM459H7e8
PLnNotX5RheZiTDFQ5T7x_1wjIwFNXhjbu,Interviews,9rT4OMiGo_I
PLnNotX5RheZiTDFQ5T7x_1wjIwFNXhjbu,Interviews,19zUkya2oWc
PLnNotX5RheZiTDFQ5T7x_1wjIwFNXhjbu,Interviews,odjMX_gWs1g
PLnNotX5RheZiTDFQ5T7x_1wjIwFNXhjbu,Interviews,Cy52Fem5EXU
PLnNotX5RheZiTDFQ5T7x_1wjIwFNXhjbu,Interviews,jjD5xv6370M
PLnNotX5RheZiTDFQ5T7x_1wjIwFNXhjbu,Interviews,BFZSdEXBlls
PLnNotX5RheZiTDFQ5T7x_1wjIwFNXhjbu,Interviews,ZPnZ4oMlkpQ
PLnNotX5RheZiTDFQ5T7x_1wjIwFNXhjbu,Interviews,yRzv2JqmL28
PLnNotX5RheZiTDFQ5T7x_1wjIwFNXhjbu,Interviews,ugnaBT4AprQ
PLnNotX5RheZiTDFQ5T7x_1wjIwFNXhjbu,Interviews,c31dxHx4tLk
PLnNotX5RheZiTDFQ5T7x_1wjIwFNXhjbu,Interviews,AzGmmo-Rk2E
PLnNotX5RheZiTDFQ5T7x_1wjIwFNXhjbu,Interviews,pomTmdea_5Y
PLnNotX5RheZiTDFQ5T7x_1wjIwFNXhjbu,Interviews,tCnMvpibBUw
PLnNotX5RheZiTDFQ5T7x_1wjIwFNXhjbu,Interviews,GenyWobLnBg
PLnNotX5RheZiTDFQ5T7x_1wjIwFNXhjbu,Interviews,J3QixzBlzL0
PLnNotX5RheZiTDFQ5T7x_1wjIwFNXhjbu,Interviews,MZms0GN_a18
PLnNotX5RheZiTDFQ5T7x_1wjIwFNXhjbu,Interviews,PMlomOSkFNY
PLnNotX5RheZiTDFQ5T7x_1wjIwFNXhjbu,Interviews,CS0gXGo3X68
PLnNotX5RheZiTDFQ5T7x_1wjIwFNXhjbu,Interviews,NybLk3Lyc_E
PLnNotX5RheZiTDFQ5T7x_1wjIwFNXhjbu,Interviews,9SVQJiBRYCs
PLnNotX5RheZiTDFQ5T7x_1wjIwFNXhjbu,Interviews,9S64J3BrNmg
PLnNotX5RheZiTDFQ5T7x_1wjIwFNXhjbu,Interviews,D4RC00rqLkE
PLnNotX5RheZiTDFQ5T7x_1wjIwFNXhjbu,Interviews,QaNqk5JLOtA
PLnNotX5RheZiTDFQ5T7x_1wjIwFNXhjbu,Interviews,xNlhZAXiCi0
PLnNotX5RheZiTDFQ5T7x_1wjIwFNXhjbu,Interviews,v-NHbp_rcO4
PLnNotX5RheZiTDFQ5T7x_1wjIwFNXhjbu,Interviews,XqmIR7htnTg
PLnNotX5RheZiTDFQ5T7x_1wjIwFNXhjbu,Interviews,BA3NH45hlBE
PLnNotX5RheZiTDFQ5T7x_1wjIwFNXhjbu,Interviews,rsJWkYB4f-g
PLnNotX5RheZiTDFQ5T7x_1wjIwFNXhjbu,Interviews,zGMjigc6tVk
PLnNotX5RheZiTDFQ5T7x_1wjIwFNXhjbu,Interviews,uPjfY2LU3gM
PLnNotX5RheZiTDFQ5T7x_1wjIwFNXhjbu,Interviews,-pyyWZqio8Q
PLnNotX5RheZiTDFQ5T7x_1wjIwFNXhjbu,Interviews,6IhGN4gPNvU
PLnNotX5RheZiTDFQ5T7x_1wjIwFNXhjbu,Interviews,r1IhW2DfiSk
PLnNotX5RheZiTDFQ5T7x_1wjIwFNXhjbu,Interviews,2crZ52suzJE
PLnNotX5RheZiTDFQ5T7x_1wjIwFNXhjbu,Interviews,L5IflAD6yLU
PLnNotX5RheZiTDFQ5T7x_1wjIwFNXhjbu,Interviews,HFHqtiP1uJ8
PLnNotX5RheZiTDFQ5T7x_1wjIwFNXhjbu,Interviews,lgcqEanWw1M
PLnNotX5RheZiTDFQ5T7x_1wjIwFNXhjbu,Interviews,92nTybHV5NQ
PLnNotX5RheZiTDFQ5T7x_1wjIwFNXhjbu,Interviews,QBKIk4i15UI
PLnNotX5RheZiTDFQ5T7x_1wjIwFNXhjbu,Interviews,vLgL7iDuhcw
PLnNotX5RheZiTDFQ5T7x_1wjIwFNXhjbu,Interviews,WzdBMAcZLMY
PLnNotX5RheZiTDFQ5T7x_1wjIwFNXhjbu,Interviews,GYGkbnBbV98
PLnNotX5RheZiTDFQ5T7x_1wjIwFNXhjbu,Interviews,y_2elT86OsM
PLnNotX5RheZiTDFQ5T7x_1wjIwFNXhjbu,Interviews,a4awV5onQfs
PLnNotX5RheZiTDFQ5T7x_1wjIwFNXhjbu,Interviews,UM_0IKQ5Wqg
PLnNotX5RheZiTDFQ5T7x_1wjIwFNXhjbu,Interviews,fA3z3MoPZcg
PLnNotX5RheZiTDFQ5T7x_1wjIwFNXhjbu,Interviews,3Hp4oLXb0wk
PLnNotX5RheZiTDFQ5T7x_1wjIwFNXhjbu,Interviews,3A8d9qDkX7M
PLnNotX5RheZiTDFQ5T7x_1wjIwFNXhjbu,Interviews,ClevgH6Rmf8
PLnNotX5RheZiTDFQ5T7x_1wjIwFNXhjbu,Interviews,hG4tnOn_is0
PLnNotX5RheZiTDFQ5T7x_1wjIwFNXhjbu,Interviews,UnMNN8Zs2kQ
PLnNotX5RheZiTDFQ5T7x_1wjIwFNXhjbu,Interviews,guobSeBlJoM
PLnNotX5RheZiTDFQ5T7x_1wjIwFNXhjbu,Interviews,BMCSk8XRAHA
PLnNotX5RheZiTDFQ5T7x_1wjIwFNXhjbu,Interviews,YN_0MvcNGBc
PLnNotX5RheZiTDFQ5T7x_1wjIwFNXhjbu,Interviews,m3A3vJDlkuo
PLnNotX5RheZiTDFQ5T7x_1wjIwFNXhjbu,Interviews,3VMfhvhbZKc
PLnNotX5RheZiTDFQ5T7x_1wjIwFNXhjbu,Interviews,g46lyvDxdzw
PLnNotX5RheZiTDFQ5T7x_1wjIwFNXhjbu,Interviews,IIMkUP_osP0
PLnNotX5RheZiTDFQ5T7x_1wjIwFNXhjbu,Interviews,tfMKGsa2IME
PLnNotX5RheZiTDFQ5T7x_1wjIwFNXhjbu,Interviews,XaaJxxuQ1uA
PLnNotX5RheZiTDFQ5T7x_1wjIwFNXhjbu,Interviews,5KZ5pYuXV4Y
PLnNotX5RheZiTDFQ5T7x_1wjIwFNXhjbu,Interviews,ZI5cnaw_qCM
PLnNotX5RheZiTDFQ5T7x_1wjIwFNXhjbu,Interviews,-Bkf1slqRnI
PLnNotX5RheZiTDFQ5T7x_1wjIwFNXhjbu,Interviews,CyyJYjl84vs
PLnNotX5RheZiTDFQ5T7x_1wjIwFNXhjbu,Interviews,uhax4BwS2RM
PLnNotX5RheZiTDFQ5T7x_1wjIwFNXhjbu,Interviews,Umi69PWjinA
PLnNotX5RheZiTDFQ5T7x_1wjIwFNXhjbu,Interviews,I-YzstbUGzs
PLnNotX5RheZiTDFQ5T7x_1wjIwFNXhjbu,Interviews,_LJwY-NtY78
PLnNotX5RheZiTDFQ5T7x_1wjIwFNXhjbu,Interviews,U9Wsl1RyANI
PLnNotX5RheZiTDFQ5T7x_1wjIwFNXhjbu,Interviews,EvjcUpi_GCw
PLnNotX5RheZiTDFQ5T7x_1wjIwFNXhjbu,Interviews,dnwsXXbXEi4
PLnNotX5RheZiTDFQ5T7x_1wjIwFNXhjbu,Interviews,3-PPTikLNY0
PLnNotX5RheZiTDFQ5T7x_1wjIwFNXhjbu,Interviews,TaWnhMbsJBc
PLnNotX5RheZiTDFQ5T7x_1wjIwFNXhjbu,Interviews,UUi8mSWVO9A
PLnNotX5RheZiTDFQ5T7x_1wjIwFNXhjbu,Interviews,_ck1j59cOq8
PLnNotX5RheZiTDFQ5T7x_1wjIwFNXhjbu,Interviews,pgCAP8pOdh8
PLnNotX5RheZiTDFQ5T7x_1wjIwFNXhjbu,Interviews,HO_0Ep4bs_s
PLnNotX5RheZiTDFQ5T7x_1wjIwFNXhjbu,Interviews,EfUjUwhRHlg
PLnNotX5RheZiTDFQ5T7x_1wjIwFNXhjbu,Interviews,bDwqHfA8QT8
PLnNotX5RheZiTDFQ5T7x_1wjIwFNXhjbu,Interviews,P0nG_lbqNA8
PLnNotX5RheZiTDFQ5T7x_1wjIwFNXhjbu,Interviews,2ZwaXQQhZko
PLnNotX5RheZiTDFQ5T7x_1wjIwFNXhjbu,Interviews,dvF0BmwM3oU
PLnNotX5RheZiTDFQ5T7x_1wjIwFNXhjbu,Interviews,m4rBDB7IYUA
PLnNotX5RheZiTDFQ5T7x_1wjIwFNXhjbu,Interviews,fBwBiLYZPwc
PLnNotX5RheZiTDFQ5T7x_1wjIwFNXhjbu,Interviews,Lq6fnHFHBM0
PLnNotX5RheZiTDFQ5T7x_1wjIwFNXhjbu,Interviews,CGsNgo70T6E
PLnNotX5RheZiTDFQ5T7x_1wjIwFNXhjbu,Interviews,KFD-6sudS3A
PLnNotX5RheZiTDFQ5T7x_1wjIwFNXhjbu,Interviews,1HrDOJ0d2ko
PLnNotX5RheZiTDFQ5T7x_1wjIwFNXhjbu,Interviews,UNViErLjc1A
PLnNotX5RheZiTDFQ5T7x_1wjIwFNXhjbu,Interviews,RtWH3SQ7eQ4
PLnNotX5RheZiTDFQ5T7x_1wjIwFNXhjbu,Interviews,y3dskJ3mpuE
PLnNotX5RheZiTDFQ5T7x_1wjIwFNXhjbu,Interviews,jNVTOpgclfw
PLnNotX5RheZiTDFQ5T7x_1wjIwFNXhjbu,Interviews,J6O-MDCxVZ8
PLnNotX5RheZiTDFQ5T7x_1wjIwFNXhjbu,Interviews,imNaGI8ZniQ
PLnNotX5RheZiTDFQ5T7x_1wjIwFNXhjbu,Interviews,hzPR7Ocb744
PLnNotX5RheZiTDFQ5T7x_1wjIwFNXhjbu,Interviews,1Z6NeZHwZYU
PLnNotX5RheZiTDFQ5T7x_1wjIwFNXhjbu,Interviews,rDl1pN_cYcM
PLnNotX5RheZiTDFQ5T7x_1wjIwFNXhjbu,Interviews,uiXA_-9Yl0E
PLnNotX5RheZiTDFQ5T7x_1wjIwFNXhjbu,Interviews,ab4xMV0JvfM
PLnNotX5RheZiTDFQ5T7x_1wjIwFNXhjbu,Interviews,AFbwt8j3GkE
PLnNotX5RheZiTDFQ5T7x_1wjIwFNXhjbu,Interviews,rEhtjqVJQFQ
PLnNotX5RheZiTDFQ5T7x_1wjIwFNXhjbu,Interviews,QBBe5Zmo8Ck
PLnNotX5RheZiTDFQ5T7x_1wjIwFNXhjbu,Interviews,xzwZVTPJIXQ
PLnNotX5RheZiTDFQ5T7x_1wjIwFNXhjbu,Interviews,b0POOtHlZ6Q
PLnNotX5RheZiTDFQ5T7x_1wjIwFNXhjbu,Interviews,CdoGYeXOv8k
PLnNotX5RheZiTDFQ5T7x_1wjIwFNXhjbu,Interviews,5WbRZzlv36Q
PLnNotX5RheZiTDFQ5T7x_1wjIwFNXhjbu,Interviews,J3RvejWfGnM
PLnNotX5RheZiTDFQ5T7x_1wjIwFNXhjbu,Interviews,AuID52wHoGE
PLnNotX5RheZiTDFQ5T7x_1wjIwFNXhjbu,Interviews,OZ0mNnNIi3I
PLnNotX5RheZiTDFQ5T7x_1wjIwFNXhjbu,Interviews,lXCkYFsN7bU
PLnNotX5RheZiTDFQ5T7x_1wjIwFNXhjbu,Interviews,P0DAR_QTr1M
PLnNotX5RheZiTDFQ5T7x_1wjIwFNXhjbu,Interviews,IW0DrbRATSQ
PLnNotX5RheZiTDFQ5T7x_1wjIwFNXhjbu,Interviews,EblxIKNLpWE
PLnNotX5RheZiTDFQ5T7x_1wjIwFNXhjbu,Interviews,HbFcx-4MwMY
PLnNotX5RheZiTDFQ5T7x_1wjIwFNXhjbu,Interviews,9oEcmGxKkcU
PLnNotX5RheZiTDFQ5T7x_1wjIwFNXhjbu,Interviews,oHiuNoafb0w
PLnNotX5RheZiTDFQ5T7x_1wjIwFNXhjbu,Interviews,-yeGxP33qiM
PLnNotX5RheZiTDFQ5T7x_1wjIwFNXhjbu,Interviews,etWeDGqWB14
PLnNotX5RheZiTDFQ5T7x_1wjIwFNXhjbu,Interviews,Of34zNzCsIw
PLnNotX5RheZiTDFQ5T7x_1wjIwFNXhjbu,Interviews,xaTWy0Nt-N4
PLnNotX5RheZiTDFQ5T7x_1wjIwFNXhjbu,Interviews,Na53oyXAWuw
PLnNotX5RheZiTDFQ5T7x_1wjIwFNXhjbu,Interviews,4l8VUXCRjCQ
PLnNotX5RheZiTDFQ5T7x_1wjIwFNXhjbu,Interviews,zuAl8gHGGW8
PLnNotX5RheZiTDFQ5T7x_1wjIwFNXhjbu,Interviews,f5DFsie-TQY
PLnNotX5RheZiTDFQ5T7x_1wjIwFNXhjbu,Interviews,HnAaAWCgAVU
PLnNotX5RheZiTDFQ5T7x_1wjIwFNXhjbu,Interviews,KW75gMC-dyk
PLnNotX5RheZiTDFQ5T7x_1wjIwFNXhjbu,Interviews,xhvvYnef2JM
PLnNotX5RheZiTDFQ5T7x_1wjIwFNXhjbu,Interviews,AG1AtlJWwVU
PLnNotX5RheZiTDFQ5T7x_1wjIwFNXhjbu,Interviews,oW9tnM-Bnh0
PLnNotX5RheZiTDFQ5T7x_1wjIwFNXhjbu,Interviews,EA-gplCP0mE
PLnNotX5RheZiTDFQ5T7x_1wjIwFNXhjbu,Interviews,cXx0oOMp5wA
PLnNotX5RheZiTDFQ5T7x_1wjIwFNXhjbu,Interviews,cbHSy26j4B4
PLnNotX5RheZiTDFQ5T7x_1wjIwFNXhjbu,Interviews,Le9q5sSw7AM
PLnNotX5RheZiTDFQ5T7x_1wjIwFNXhjbu,Interviews,vCckdZgXXS0
PLnNotX5RheZiTDFQ5T7x_1wjIwFNXhjbu,Interviews,Qn623Irpmho
PLnNotX5RheZiTDFQ5T7x_1wjIwFNXhjbu,Interviews,smZ236YXfvo
PLnNotX5RheZiTDFQ5T7x_1wjIwFNXhjbu,Interviews,Z3ji2TaA-J4
PLnNotX5RheZiTDFQ5T7x_1wjIwFNXhjbu,Interviews,b741gr36PzU
PLnNotX5RheZiTDFQ5T7x_1wjIwFNXhjbu,Interviews,oapdm6eWAd4
PLnNotX5RheZiTDFQ5T7x_1wjIwFNXhjbu,Interviews,-TIRkxS9Hg8
PLnNotX5RheZiTDFQ5T7x_1wjIwFNXhjbu,Interviews,YHuJPdhfTt8
PLnNotX5RheZiTDFQ5T7x_1wjIwFNXhjbu,Interviews,Z6SjiqbUcfk
PLnNotX5RheZiTDFQ5T7x_1wjIwFNXhjbu,Interviews,Uw8a9CZEByg
PLnNotX5RheZiTDFQ5T7x_1wjIwFNXhjbu,Interviews,9HJw3NwtCo8
PLnNotX5RheZiTDFQ5T7x_1wjIwFNXhjbu,Interviews,XZ5f8pwKXAM
PLnNotX5RheZiTDFQ5T7x_1wjIwFNXhjbu,Interviews,TkPy5p09wzs
PLnNotX5RheZiTDFQ5T7x_1wjIwFNXhjbu,Interviews,zGBwkX_S2TI
PLnNotX5RheZiTDFQ5T7x_1wjIwFNXhjbu,Interviews,Zqx5PIR7gv8
PLnNotX5RheZiTDFQ5T7x_1wjIwFNXhjbu,Interviews,0EJ_mL9aaYM
PLnNotX5RheZiTDFQ5T7x_1wjIwFNXhjbu,Interviews,7oSuhtS9fU0
PLnNotX5RheZiTDFQ5T7x_1wjIwFNXhjbu,Interviews,tsi824UZ0I0
PLnNotX5RheZiTDFQ5T7x_1wjIwFNXhjbu,Interviews,JAubWMVP1q4
PLnNotX5RheZiTDFQ5T7x_1wjIwFNXhjbu,Interviews,Ha5VpPB0BMw
PLnNotX5RheZiTDFQ5T7x_1wjIwFNXhjbu,Interviews,3gZ_DzY7wwM
PLnNotX5RheZiTDFQ5T7x_1wjIwFNXhjbu,Interviews,1Mdc7V2vlMk
PLnNotX5RheZiTDFQ5T7x_1wjIwFNXhjbu,Interviews,J9-buney1IM
PLnNotX5RheZiTDFQ5T7x_1wjIwFNXhjbu,Interviews,9KLBM_fl6DY
PLnNotX5RheZiTDFQ5T7x_1wjIwFNXhjbu,Interviews,wjOWt4PwsIM
PLnNotX5RheZiTDFQ5T7x_1wjIwFNXhjbu,Interviews,ezaJ4fMIeUA
PLnNotX5RheZiTDFQ5T7x_1wjIwFNXhjbu,Interviews,TWscfUQU5ic
PLnNotX5RheZiTDFQ5T7x_1wjIwFNXhjbu,Interviews,CJREs0t_Lxs
PLnNotX5RheZiTDFQ5T7x_1wjIwFNXhjbu,Interviews,kUlJpPJN8as
PLnNotX5RheZiTDFQ5T7x_1wjIwFNXhjbu,Interviews,HodTkkXUlWc
PLnNotX5RheZiTDFQ5T7x_1wjIwFNXhjbu,Interviews,WZif5TYq414
PLnNotX5RheZiTDFQ5T7x_1wjIwFNXhjbu,Interviews,M0W8-sx-gWU
PLnNotX5RheZiTDFQ5T7x_1wjIwFNXhjbu,Interviews,8HiKrRC3uIA
PLnNotX5RheZiTDFQ5T7x_1wjIwFNXhjbu,Interviews,dXuIVBtZzNw
PLnNotX5RheZiTDFQ5T7x_1wjIwFNXhjbu,Interviews,VXlneLPGrz0
PLnNotX5RheZiTDFQ5T7x_1wjIwFNXhjbu,Interviews,0hYGpBNX5B8
PLnNotX5RheZiTDFQ5T7x_1wjIwFNXhjbu,Interviews,gcMqW-iwJM8
PLnNotX5RheZiTDFQ5T7x_1wjIwFNXhjbu,Interviews,S9ZHZl5T7s8
PLnNotX5RheZiTDFQ5T7x_1wjIwFNXhjbu,Interviews,0DAIUDvss10
PLnNotX5RheZiTDFQ5T7x_1wjIwFNXhjbu,Interviews,rT83pNhWG5U
PLnNotX5RheZiTDFQ5T7x_1wjIwFNXhjbu,Interviews,-qzG02fCCqc
PLnNotX5RheZiTDFQ5T7x_1wjIwFNXhjbu,Interviews,Jx65jKl6zy8
PLnNotX5RheZiTDFQ5T7x_1wjIwFNXhjbu,Interviews,xIO8AI1-EWk
PLnNotX5RheZiTDFQ5T7x_1wjIwFNXhjbu,Interviews,4I1Kj8Lolek
PLnNotX5RheZiTDFQ5T7x_1wjIwFNXhjbu,Interviews,iMo1LrXZgqs
PLnNotX5RheZiTDFQ5T7x_1wjIwFNXhjbu,Interviews,86ktiyGJcPw
PLnNotX5RheZiTDFQ5T7x_1wjIwFNXhjbu,Interviews,TqroPMwgDho
PLnNotX5RheZiTDFQ5T7x_1wjIwFNXhjbu,Interviews,xvJOa0MZg_A
PLnNotX5RheZiTDFQ5T7x_1wjIwFNXhjbu,Interviews,1wpBBrlbjqs
PLnNotX5RheZiTDFQ5T7x_1wjIwFNXhjbu,Interviews,yscVo3WRoFE
PLnNotX5RheZiTDFQ5T7x_1wjIwFNXhjbu,Interviews,ObEFsbE9G1E
PLnNotX5RheZiTDFQ5T7x_1wjIwFNXhjbu,Interviews,W2ubBFRgbcU
PLnNotX5RheZiTDFQ5T7x_1wjIwFNXhjbu,Interviews,64Zj7Wn2CPw
PLnNotX5RheZiTDFQ5T7x_1wjIwFNXhjbu,Interviews,bGH11_zfjEE
PLnNotX5RheZiTDFQ5T7x_1wjIwFNXhjbu,Interviews,p3d-h_QokGE
PLnNotX5RheZiTDFQ5T7x_1wjIwFNXhjbu,Interviews,ZnAVDzQkoqU
PLnNotX5RheZiTDFQ5T7x_1wjIwFNXhjbu,Interviews,xN8l-66kRBE
PLnNotX5RheZiTDFQ5T7x_1wjIwFNXhjbu,Interviews,t2vrqNdQ2PU
PLnNotX5RheZiTDFQ5T7x_1wjIwFNXhjbu,Interviews,dp1Au3Yu2Ko
PLnNotX5RheZiTDFQ5T7x_1wjIwFNXhjbu,Interviews,4a62uPIznW0
PLnNotX5RheZiTDFQ5T7x_1wjIwFNXhjbu,Interviews,vLsFRnAO_nY
PLnNotX5RheZiTDFQ5T7x_1wjIwFNXhjbu,Interviews,IjWR4ZTwYYs
PLnNotX5RheZiTDFQ5T7x_1wjIwFNXhjbu,Interviews,qq2NJz7OwfM
PLnNotX5RheZiTDFQ5T7x_1wjIwFNXhjbu,Interviews,XxFJN17eIIM
PLnNotX5RheZiTDFQ5T7x_1wjIwFNXhjbu,Interviews,IlA-cMGTJfY
PLnNotX5RheZiTDFQ5T7x_1wjIwFNXhjbu,Interviews,YR-ePE8IBqA
PLnNotX5RheZiTDFQ5T7x_1wjIwFNXhjbu,Interviews,_FORh73u5mg
PLnNotX5RheZiTDFQ5T7x_1wjIwFNXhjbu,Interviews,06UIiM92PfI
PLnNotX5RheZiTDFQ5T7x_1wjIwFNXhjbu,Interviews,b1kenRVnIJA
PLnNotX5RheZiTDFQ5T7x_1wjIwFNXhjbu,Interviews,MErFjh8-VB8
PLnNotX5RheZiTDFQ5T7x_1wjIwFNXhjbu,Interviews,89vXIxk7jvI
PLnNotX5RheZiTDFQ5T7x_1wjIwFNXhjbu,Interviews,nFk1DpAWQxA
PLnNotX5RheZiTDFQ5T7x_1wjIwFNXhjbu,Interviews,4EmdIrD9ZfQ
PLnNotX5RheZiTDFQ5T7x_1wjIwFNXhjbu,Interviews,RYcGABlW2XQ
PLnNotX5RheZiTDFQ5T7x_1wjIwFNXhjbu,Interviews,UE9pWp_GLGU
PLnNotX5RheZiTDFQ5T7x_1wjIwFNXhjbu,Interviews,Wuyg7kKjSzI
PLnNotX5RheZiTDFQ5T7x_1wjIwFNXhjbu,Interviews,SaN3rKClKRk
PLnNotX5RheZiTDFQ5T7x_1wjIwFNXhjbu,Interviews,5_ROYgW7RW8
PLnNotX5RheZiTDFQ5T7x_1wjIwFNXhjbu,Interviews,Km3Fk1KWGS0
PLnNotX5RheZiTDFQ5T7x_1wjIwFNXhjbu,Interviews,ItFbGczkLIE
PLnNotX5RheZiTDFQ5T7x_1wjIwFNXhjbu,Interviews,1rqDuSFn6_s
PLnNotX5RheZiTDFQ5T7x_1wjIwFNXhjbu,Interviews,ri9K8SAqPYM
PLnNotX5RheZiTDFQ5T7x_1wjIwFNXhjbu,Interviews,K0wOACOvqCk
PLnNotX5RheZiTDFQ5T7x_1wjIwFNXhjbu,Interviews,heLZ0oYKQGQ
PLnNotX5RheZiTDFQ5T7x_1wjIwFNXhjbu,Interviews,hvJ7qhrPQz0
PLnNotX5RheZiTDFQ5T7x_1wjIwFNXhjbu,Interviews,dBC1xwCQ3Zc
PLnNotX5RheZiTDFQ5T7x_1wjIwFNXhjbu,Interviews,NQfNS6P8k6Q
PLnNotX5RheZiTDFQ5T7x_1wjIwFNXhjbu,Interviews,LmerZrsjiqU
PLnNotX5RheZiTDFQ5T7x_1wjIwFNXhjbu,Interviews,22feCobSHrc
PLnNotX5RheZiTDFQ5T7x_1wjIwFNXhjbu,Interviews,4aa-17S-we0
PLnNotX5RheZiTDFQ5T7x_1wjIwFNXhjbu,Interviews,PgHiAMuDpwE
PLnNotX5RheZiTDFQ5T7x_1wjIwFNXhjbu,Interviews,7HCWcAjuIwQ
PLnNotX5RheZiTDFQ5T7x_1wjIwFNXhjbu,Interviews,UP-IkgudGYk
PLnNotX5RheZiTDFQ5T7x_1wjIwFNXhjbu,Interviews,UvrvFRQVeZ0
PLnNotX5RheZiTDFQ5T7x_1wjIwFNXhjbu,Interviews,64mahHzUfgY
PLnNotX5RheZiTDFQ5T7x_1wjIwFNXhjbu,Interviews,s3fYrRuyIeU
PLnNotX5RheZiTDFQ5T7x_1wjIwFNXhjbu,Interviews,dVkjikkZ5fg
PLnNotX5RheZiTDFQ5T7x_1wjIwFNXhjbu,Interviews,tzhW760PYd4
PLnNotX5RheZiTDFQ5T7x_1wjIwFNXhjbu,Interviews,2pDK6hAlktI
PLnNotX5RheZiTDFQ5T7x_1wjIwFNXhjbu,Interviews,RcNh-4QAit4
PLnNotX5RheZiTDFQ5T7x_1wjIwFNXhjbu,Interviews,Ur7E9GMZqGI
PLnNotX5RheZiTDFQ5T7x_1wjIwFNXhjbu,Interviews,7zYSYGdF1r4
PLnNotX5RheZiTDFQ5T7x_1wjIwFNXhjbu,Interviews,RTGKumIbncw
PLnNotX5RheZiTDFQ5T7x_1wjIwFNXhjbu,Interviews,ghyRKVIt5kU
PLnNotX5RheZiTDFQ5T7x_1wjIwFNXhjbu,Interviews,6YF0uK0JQgw
PLnNotX5RheZiTDFQ5T7x_1wjIwFNXhjbu,Interviews,TFEuy11X23Y
PLnNotX5RheZiTDFQ5T7x_1wjIwFNXhjbu,Interviews,_UIc_9--09U
PLnNotX5RheZiTDFQ5T7x_1wjIwFNXhjbu,Interviews,-7XlMHMjsmw
PLnNotX5RheZiTDFQ5T7x_1wjIwFNXhjbu,Interviews,b270O02UWvA
PLnNotX5RheZiTDFQ5T7x_1wjIwFNXhjbu,Interviews,1x5Sxo0JoeE
PLnNotX5RheZiTDFQ5T7x_1wjIwFNXhjbu,Interviews,e3PEReowIE8
PLnNotX5RheZiTDFQ5T7x_1wjIwFNXhjbu,Interviews,aXS082cY37k
PLnNotX5RheZiTDFQ5T7x_1wjIwFNXhjbu,Interviews,GiQpExqBcMw
PLnNotX5RheZiTDFQ5T7x_1wjIwFNXhjbu,Interviews,zbX3gyCuz60
PLnNotX5RheZiTDFQ5T7x_1wjIwFNXhjbu,Interviews,ocbrqe2xwMs
PLnNotX5RheZiTDFQ5T7x_1wjIwFNXhjbu,Interviews,iuvCWN3q6-M
PLnNotX5RheZiTDFQ5T7x_1wjIwFNXhjbu,Interviews,-5l1Z6DHJso
PLnNotX5RheZiTDFQ5T7x_1wjIwFNXhjbu,Interviews,Hc4PM6YUNZM
PLnNotX5RheZiTDFQ5T7x_1wjIwFNXhjbu,Interviews,zuZXQ3406d0
PLnNotX5RheZiTDFQ5T7x_1wjIwFNXhjbu,Interviews,KjOKSV23_as
PLnNotX5RheZiTDFQ5T7x_1wjIwFNXhjbu,Interviews,dQPtsgNykPw
PLnNotX5RheZiTDFQ5T7x_1wjIwFNXhjbu,Interviews,DYO8yI_yTFM
PLnNotX5RheZiTDFQ5T7x_1wjIwFNXhjbu,Interviews,lm6_gOBHfVU
PLnNotX5RheZiTDFQ5T7x_1wjIwFNXhjbu,Interviews,iASsQ3nWTnQ
PLnNotX5RheZiTDFQ5T7x_1wjIwFNXhjbu,Interviews,nCdS2nLMyiU
PLnNotX5RheZiTDFQ5T7x_1wjIwFNXhjbu,Interviews,KRC272BqkhQ
PLnNotX5RheZiTDFQ5T7x_1wjIwFNXhjbu,Interviews,uKXe-XiTe-E
PLnNotX5RheZiTDFQ5T7x_1wjIwFNXhjbu,Interviews,VdCYhQJbeBI
PLnNotX5RheZiTDFQ5T7x_1wjIwFNXhjbu,Interviews,-BP8_aSvee0
PLnNotX5RheZiTDFQ5T7x_1wjIwFNXhjbu,Interviews,BOVc1Pz45Ws
PLnNotX5RheZiTDFQ5T7x_1wjIwFNXhjbu,Interviews,Dkp87t_2GY0
PLnNotX5RheZiTDFQ5T7x_1wjIwFNXhjbu,Interviews,FDUGam4LVGs
PLnNotX5RheZiTDFQ5T7x_1wjIwFNXhjbu,Interviews,Tyl_o2K_U1s
PLnNotX5RheZiTDFQ5T7x_1wjIwFNXhjbu,Interviews,428tznnfYp8
PLnNotX5RheZiTDFQ5T7x_1wjIwFNXhjbu,Interviews,kFC_eNGUkBQ
PLnNotX5RheZiTDFQ5T7x_1wjIwFNXhjbu,Interviews,TlWV9OmAMtc
PLnNotX5RheZiTDFQ5T7x_1wjIwFNXhjbu,Interviews,LfXZ4dSAJrM
PLnNotX5RheZiTDFQ5T7x_1wjIwFNXhjbu,Interviews,kazlXISVyFg
PLnNotX5RheZiTDFQ5T7x_1wjIwFNXhjbu,Interviews,-QM2mktkSG8
PLnNotX5RheZiTDFQ5T7x_1wjIwFNXhjbu,Interviews,2c2CdIxCtkI
PLnNotX5RheZiTDFQ5T7x_1wjIwFNXhjbu,Interviews,q8ei8co_Jpk
PLnNotX5RheZiTDFQ5T7x_1wjIwFNXhjbu,Interviews,yzPlN6o_r74
PLnNotX5RheZiTDFQ5T7x_1wjIwFNXhjbu,Interviews,6aLpEc1L8y4
PLnNotX5RheZiTDFQ5T7x_1wjIwFNXhjbu,Interviews,M_CxIUYcRAo
PLnNotX5RheZiTDFQ5T7x_1wjIwFNXhjbu,Interviews,ALj61yQFosc
PLnNotX5RheZiTDFQ5T7x_1wjIwFNXhjbu,Interviews,odND7_AEhnA
PLnNotX5RheZiTDFQ5T7x_1wjIwFNXhjbu,Interviews,nvXXqfYO7Js
PLnNotX5RheZiTDFQ5T7x_1wjIwFNXhjbu,Interviews,RB_MtJimiNc
PLnNotX5RheZiTDFQ5T7x_1wjIwFNXhjbu,Interviews,qpm_kTr2ciY
PLnNotX5RheZiTDFQ5T7x_1wjIwFNXhjbu,Interviews,0RahUfQWsec
PLnNotX5RheZiTDFQ5T7x_1wjIwFNXhjbu,Interviews,vD9qiNcIb2Y
PLnNotX5RheZiTDFQ5T7x_1wjIwFNXhjbu,Interviews,bEFB6Rzk6Zg
PLnNotX5RheZiTDFQ5T7x_1wjIwFNXhjbu,Interviews,36EQBol4hVY
PLnNotX5RheZiTDFQ5T7x_1wjIwFNXhjbu,Interviews,uQjWtdx-S8c
PLnNotX5RheZiTDFQ5T7x_1wjIwFNXhjbu,Interviews,0s2wRKoduXc
PLnNotX5RheZiTDFQ5T7x_1wjIwFNXhjbu,Interviews,gJJre8sAJNg
PLnNotX5RheZiTDFQ5T7x_1wjIwFNXhjbu,Interviews,2yFSO6CbQXQ
PLnNotX5RheZiTDFQ5T7x_1wjIwFNXhjbu,Interviews,exKyIOcZge0
PLnNotX5RheZiTDFQ5T7x_1wjIwFNXhjbu,Interviews,9Od3HSwLG_0
PLnNotX5RheZiTDFQ5T7x_1wjIwFNXhjbu,Interviews,9FXtDGuVfiM
PLnNotX5RheZiTDFQ5T7x_1wjIwFNXhjbu,Interviews,MVk-lmYXy7c
PLnNotX5RheZiTDFQ5T7x_1wjIwFNXhjbu,Interviews,zz9LpG-UU0g
PLnNotX5RheZiTDFQ5T7x_1wjIwFNXhjbu,Interviews,-Gd1nU6gOf0
PLnNotX5RheZiTDFQ5T7x_1wjIwFNXhjbu,Interviews,uUrrwLh1yLs
PLnNotX5RheZiTDFQ5T7x_1wjIwFNXhjbu,Interviews,pDQB8jy27lg
PLnNotX5RheZiTDFQ5T7x_1wjIwFNXhjbu,Interviews,PMMT4MU45A4
PLnNotX5RheZiTDFQ5T7x_1wjIwFNXhjbu,Interviews,6bx_3gWG6ec
PLnNotX5RheZiTDFQ5T7x_1wjIwFNXhjbu,Interviews,9IEPT_WU8FE
PLnNotX5RheZiTDFQ5T7x_1wjIwFNXhjbu,Interviews,PGF6y4-MFDk
PLnNotX5RheZiTDFQ5T7x_1wjIwFNXhjbu,Interviews,NYSavwroiG0
PLnNotX5RheZiTDFQ5T7x_1wjIwFNXhjbu,Interviews,yk7QT1TjGyI
PLnNotX5RheZiTDFQ5T7x_1wjIwFNXhjbu,Interviews,BJKkyGBjDcY
PLnNotX5RheZiTDFQ5T7x_1wjIwFNXhjbu,Interviews,TCi2SZNnZZc
PLnNotX5RheZiTDFQ5T7x_1wjIwFNXhjbu,Interviews,58QeeEy1WSo
PLnNotX5RheZiTDFQ5T7x_1wjIwFNXhjbu,Interviews,QUGsfSUCXXM
PLnNotX5RheZiTDFQ5T7x_1wjIwFNXhjbu,Interviews,VAZfpS6eJpo
PLnNotX5RheZiTDFQ5T7x_1wjIwFNXhjbu,Interviews,bedgC9qVfR0
PLnNotX5RheZiTDFQ5T7x_1wjIwFNXhjbu,Interviews,0jQgJIlH79c
PLnNotX5RheZiTDFQ5T7x_1wjIwFNXhjbu,Interviews,viDW-W4h104
PLnNotX5RheZiTDFQ5T7x_1wjIwFNXhjbu,Interviews,4AvaEoB5nhs
PLnNotX5RheZiTDFQ5T7x_1wjIwFNXhjbu,Interviews,G7mMh3y7JTE
PLnNotX5RheZiTDFQ5T7x_1wjIwFNXhjbu,Interviews,p9gTzej07Gw
PLnNotX5RheZiTDFQ5T7x_1wjIwFNXhjbu,Interviews,wT7PTM8lg7k
PLnNotX5RheZiTDFQ5T7x_1wjIwFNXhjbu,Interviews,_O3E-X2FoyY
PLnNotX5RheZiTDFQ5T7x_1wjIwFNXhjbu,Interviews,Ka-J8TJ8oyg
PLnNotX5RheZiTDFQ5T7x_1wjIwFNXhjbu,Interviews,QEIsSfwaRcw
PLnNotX5RheZiTDFQ5T7x_1wjIwFNXhjbu,Interviews,0tT67cF9imc
PLnNotX5RheZiTDFQ5T7x_1wjIwFNXhjbu,Interviews,HX6SnE8s1Og
PLnNotX5RheZiTDFQ5T7x_1wjIwFNXhjbu,Interviews,a2UOongP-4Y
PLnNotX5RheZiTDFQ5T7x_1wjIwFNXhjbu,Interviews,Zp2ehQjyGhQ
PLnNotX5RheZiTDFQ5T7x_1wjIwFNXhjbu,Interviews,RVW-Eqv_JXk
PLnNotX5RheZiTDFQ5T7x_1wjIwFNXhjbu,Interviews,uH_MyE_4F18
PLnNotX5RheZiTDFQ5T7x_1wjIwFNXhjbu,Interviews,I9um7tutnj0
PLnNotX5RheZiTDFQ5T7x_1wjIwFNXhjbu,Interviews,dyyT0OcLWPw
PLnNotX5RheZiTDFQ5T7x_1wjIwFNXhjbu,Interviews,j0nvXpqsL7A
PLnNotX5RheZiTDFQ5T7x_1wjIwFNXhjbu,Interviews,ZtlrgkyiBUk
PLnNotX5RheZiTDFQ5T7x_1wjIwFNXhjbu,Interviews,xHtZmvCC-SY
PLnNotX5RheZiTDFQ5T7x_1wjIwFNXhjbu,Interviews,whB0G35zzd8
PLnNotX5RheZiTDFQ5T7x_1wjIwFNXhjbu,Interviews,Oib2_M5EvB8
PLnNotX5RheZiTDFQ5T7x_1wjIwFNXhjbu,Interviews,MRn4cw3qChU
PLnNotX5RheZiTDFQ5T7x_1wjIwFNXhjbu,Interviews,IgzD1ZOQuYs
PLnNotX5RheZiTDFQ5T7x_1wjIwFNXhjbu,Interviews,P-uW14ySZ4U
PLnNotX5RheZiTDFQ5T7x_1wjIwFNXhjbu,Interviews,Hj409dnWQIk
PLnNotX5RheZiTDFQ5T7x_1wjIwFNXhjbu,Interviews,mHIHf2h19yo
PLnNotX5RheZiTDFQ5T7x_1wjIwFNXhjbu,Interviews,-QxKpZprJWA
PLnNotX5RheZiTDFQ5T7x_1wjIwFNXhjbu,Interviews,1NSBCURdIAY
PLnNotX5RheZiTDFQ5T7x_1wjIwFNXhjbu,Interviews,Ax7tf8-MJz4
PLnNotX5RheZiTDFQ5T7x_1wjIwFNXhjbu,Interviews,GpGYiZWw6PI
PLnNotX5RheZiTDFQ5T7x_1wjIwFNXhjbu,Interviews,4yIi40zKq_A
PLnNotX5RheZiTDFQ5T7x_1wjIwFNXhjbu,Interviews,ZSyvhwnqpJQ
PLnNotX5RheZiTDFQ5T7x_1wjIwFNXhjbu,Interviews,M7ErK1uyqw4
PLnNotX5RheZiTDFQ5T7x_1wjIwFNXhjbu,Interviews,HO-XqkYfCI0
PLnNotX5RheZiTDFQ5T7x_1wjIwFNXhjbu,Interviews,-uTWBXhbDvI
PLnNotX5RheZiTDFQ5T7x_1wjIwFNXhjbu,Interviews,IpCuUHk--hM
PLnNotX5RheZiTDFQ5T7x_1wjIwFNXhjbu,Interviews,yqOXoBP406s
PLnNotX5RheZiTDFQ5T7x_1wjIwFNXhjbu,Interviews,-52GVwfknVc
PLnNotX5RheZiTDFQ5T7x_1wjIwFNXhjbu,Interviews,thZVUxLNLeY
PLnNotX5RheZiTDFQ5T7x_1wjIwFNXhjbu,Interviews,MYaE5Zxonb8
PLnNotX5RheZiTDFQ5T7x_1wjIwFNXhjbu,Interviews,VhPsaC_d4M4
PLnNotX5RheZiTDFQ5T7x_1wjIwFNXhjbu,Interviews,fm6UfxW2ahk
PLnNotX5RheZiTDFQ5T7x_1wjIwFNXhjbu,Interviews,8h1c4GibEqw
PLnNotX5RheZiRf2xohUbifgThSBtJI8Sb,LAFC: Black & Gold,R66anvWsV2s
PLnNotX5RheZiRf2xohUbifgThSBtJI8Sb,LAFC: Black & Gold,md6ikDN40QU
PLnNotX5RheZiRf2xohUbifgThSBtJI8Sb,LAFC: Black & Gold,uUiA62aY0YE
PLnNotX5RheZiRf2xohUbifgThSBtJI8Sb,LAFC: Black & Gold,FtZ-l1Eghio
PLnNotX5RheZiRf2xohUbifgThSBtJI8Sb,LAFC: Black & Gold,rWHW2GEk2-0
PLnNotX5RheZiRf2xohUbifgThSBtJI8Sb,LAFC: Black & Gold,k0coiChhRUk
PLnNotX5RheZiRf2xohUbifgThSBtJI8Sb,LAFC: Black & Gold,-K9DBnFnfK4
PLnNotX5RheZiRf2xohUbifgThSBtJI8Sb,LAFC: Black & Gold,hmKti0Ch8Vs
PLnNotX5RheZiRf2xohUbifgThSBtJI8Sb,LAFC: Black & Gold,YHceuafPA5Q
PLnNotX5RheZiRf2xohUbifgThSBtJI8Sb,LAFC: Black & Gold,XkpX4tuTV7Y
PLnNotX5RheZiRf2xohUbifgThSBtJI8Sb,LAFC: Black & Gold,lukfqPOmvIQ
PLnNotX5RheZiRf2xohUbifgThSBtJI8Sb,LAFC: Black & Gold,Ubn_3iEoyZg
PLnNotX5RheZiRf2xohUbifgThSBtJI8Sb,LAFC: Black & Gold,bT9ZBdwWIEA
PLnNotX5RheZiRf2xohUbifgThSBtJI8Sb,LAFC: Black & Gold,nX6CksNiqCI
PLnNotX5RheZiRf2xohUbifgThSBtJI8Sb,LAFC: Black & Gold,l0P0-qBha0s
PLnNotX5RheZiRf2xohUbifgThSBtJI8Sb,LAFC: Black & Gold,AfrzXN1idRw
PLnNotX5RheZiRf2xohUbifgThSBtJI8Sb,LAFC: Black & Gold,WBdRbudqFQA
PLnNotX5RheZiRf2xohUbifgThSBtJI8Sb,LAFC: Black & Gold,Nj544gqjwgE
PLnNotX5RheZiRf2xohUbifgThSBtJI8Sb,LAFC: Black & Gold,ZptaGiaajOY
PLnNotX5RheZiRf2xohUbifgThSBtJI8Sb,LAFC: Black & Gold,8mpeTh9kZS4
PLnNotX5RheZiRf2xohUbifgThSBtJI8Sb,LAFC: Black & Gold,YAqtswxEq3I
PLnNotX5RheZiRf2xohUbifgThSBtJI8Sb,LAFC: Black & Gold,wqdBSY1Qxlo
PLnNotX5RheZh28uQp8x9MT7ujwzsluSoJ,LAFC All-Access,6UMLrba3SDg
PLnNotX5RheZh28uQp8x9MT7ujwzsluSoJ,LAFC All-Access,CCqEu_bkxTk
PLnNotX5RheZh28uQp8x9MT7ujwzsluSoJ,LAFC All-Access,1pa3V-kLFzw
PLnNotX5RheZh28uQp8x9MT7ujwzsluSoJ,LAFC All-Access,sk0wR5DQqZ8
PLnNotX5RheZh28uQp8x9MT7ujwzsluSoJ,LAFC All-Access,3dXzVH_fHWs
PLnNotX5RheZh28uQp8x9MT7ujwzsluSoJ,LAFC All-Access,bT9ZBdwWIEA
PLnNotX5RheZh28uQp8x9MT7ujwzsluSoJ,LAFC All-Access,7BHvZp0JDbU
PLnNotX5RheZh28uQp8x9MT7ujwzsluSoJ,LAFC All-Access,6no1uppROzo
PLnNotX5RheZh28uQp8x9MT7ujwzsluSoJ,LAFC All-Access,AausGeuwp2w
PLnNotX5RheZh28uQp8x9MT7ujwzsluSoJ,LAFC All-Access,I8F0INAkkpk
PLnNotX5RheZh28uQp8x9MT7ujwzsluSoJ,LAFC All-Access,9orlmaRKH0s
PLnNotX5RheZh28uQp8x9MT7ujwzsluSoJ,LAFC All-Access,1AgR3uibTeI
PLnNotX5RheZh28uQp8x9MT7ujwzsluSoJ,LAFC All-Access,j0guEqZXPWI
PLnNotX5RheZh28uQp8x9MT7ujwzsluSoJ,LAFC All-Access,JmxEnua2kZA
PLnNotX5RheZh28uQp8x9MT7ujwzsluSoJ,LAFC All-Access,GGmE0b3bj-k
PLnNotX5RheZh28uQp8x9MT7ujwzsluSoJ,LAFC All-Access,11lO-OwK7_A
PLnNotX5RheZh28uQp8x9MT7ujwzsluSoJ,LAFC All-Access,yhy45ikRBhI
PLnNotX5RheZh28uQp8x9MT7ujwzsluSoJ,LAFC All-Access,nUtlnGXPh7I
PLnNotX5RheZh28uQp8x9MT7ujwzsluSoJ,LAFC All-Access,n1kePD0-ymI
PLnNotX5RheZh28uQp8x9MT7ujwzsluSoJ,LAFC All-Access,ypQmxb_xZIs
PLnNotX5RheZh28uQp8x9MT7ujwzsluSoJ,LAFC All-Access,-OjM0LbO59o
PLnNotX5RheZh28uQp8x9MT7ujwzsluSoJ,LAFC All-Access,HzTQPYxKTWE
PLnNotX5RheZh28uQp8x9MT7ujwzsluSoJ,LAFC All-Access,WI2bmMLCHPo
PLnNotX5RheZh28uQp8x9MT7ujwzsluSoJ,LAFC All-Access,rNzuZZlvdUY
PLnNotX5RheZh28uQp8x9MT7ujwzsluSoJ,LAFC All-Access,kNkuaqJ-ueo
PLnNotX5RheZh28uQp8x9MT7ujwzsluSoJ,LAFC All-Access,eWz1ymxV0kY
PLnNotX5RheZh28uQp8x9MT7ujwzsluSoJ,LAFC All-Access,crXmpzejxbk
PLnNotX5RheZh28uQp8x9MT7ujwzsluSoJ,LAFC All-Access,JYMyvgzVEKE
PLnNotX5RheZh28uQp8x9MT7ujwzsluSoJ,LAFC All-Access,WWwIoy-NF3M
PLnNotX5RheZh28uQp8x9MT7ujwzsluSoJ,LAFC All-Access,gOkpmk3WkAI
PLnNotX5RheZh28uQp8x9MT7ujwzsluSoJ,LAFC All-Access,f8hJoSBQDsI
PLnNotX5RheZh28uQp8x9MT7ujwzsluSoJ,LAFC All-Access,aAeIq6bAdTI
PLnNotX5RheZhHCdJpuC7QXlVxZcB703Cq,Highlights,YTs2d9hkg-Y
PLnNotX5RheZhHCdJpuC7QXlVxZcB703Cq,Highlights,QecjAFizUC0
PLnNotX5RheZhHCdJpuC7QXlVxZcB703Cq,Highlights,vGuSwWHNC2Q
PLnNotX5RheZhHCdJpuC7QXlVxZcB703Cq,Highlights,gC7WFLz8neo
PLnNotX5RheZhHCdJpuC7QXlVxZcB703Cq,Highlights,kyyMB-zUXko
PLnNotX5RheZhHCdJpuC7QXlVxZcB703Cq,Highlights,tpP7WCP8bMg
PLnNotX5RheZhHCdJpuC7QXlVxZcB703Cq,Highlights,XvjeVCNeFOc
PLnNotX5RheZhHCdJpuC7QXlVxZcB703Cq,Highlights,tyuHwoWm9zw
PLnNotX5RheZhHCdJpuC7QXlVxZcB703Cq,Highlights,iMAskprkOEo
PLnNotX5RheZhHCdJpuC7QXlVxZcB703Cq,Highlights,8CTnH1zmnHY
PLnNotX5RheZhHCdJpuC7QXlVxZcB703Cq,Highlights,W9LbHn4Hfyc
PLnNotX5RheZhHCdJpuC7QXlVxZcB703Cq,Highlights,WVuez8fe1AI
PLnNotX5RheZhHCdJpuC7QXlVxZcB703Cq,Highlights,a7noOeXpooE
PLnNotX5RheZhHCdJpuC7QXlVxZcB703Cq,Highlights,dk5FTY2zHEI
PLnNotX5RheZhHCdJpuC7QXlVxZcB703Cq,Highlights,_iZOh6-fTRI
PLnNotX5RheZhHCdJpuC7QXlVxZcB703Cq,Highlights,cSMaTch1eBM
PLnNotX5RheZhHCdJpuC7QXlVxZcB703Cq,Highlights,d-xCLT-ioCk
PLnNotX5RheZhHCdJpuC7QXlVxZcB703Cq,Highlights,eoq-DsDwyUY
PLnNotX5RheZhHCdJpuC7QXlVxZcB703Cq,Highlights,M8P5-12Ap6I
PLnNotX5RheZhHCdJpuC7QXlVxZcB703Cq,Highlights,CNtEdUOLr8Q
PLnNotX5RheZhHCdJpuC7QXlVxZcB703Cq,Highlights,a7noOeXpooE
PLnNotX5RheZhHCdJpuC7QXlVxZcB703Cq,Highlights,60aQNevFfUQ
PLnNotX5RheZhHCdJpuC7QXlVxZcB703Cq,Highlights,G4_hMz-DNWM
PLnNotX5RheZhHCdJpuC7QXlVxZcB703Cq,Highlights,Yy47mGXxVPg
PLnNotX5RheZhHCdJpuC7QXlVxZcB703Cq,Highlights,4_9dd4qmz5U
PLnNotX5RheZhHCdJpuC7QXlVxZcB703Cq,Highlights,WVuez8fe1AI
PLnNotX5RheZhHCdJpuC7QXlVxZcB703Cq,Highlights,V0hvKig_xKw
PLnNotX5RheZhHCdJpuC7QXlVxZcB703Cq,Highlights,70sIe6auCl8
PLnNotX5RheZhHCdJpuC7QXlVxZcB703Cq,Highlights,dsrlHwjYPUY
PLnNotX5RheZhHCdJpuC7QXlVxZcB703Cq,Highlights,dk5FTY2zHEI
PLnNotX5RheZhHCdJpuC7QXlVxZcB703Cq,Highlights,rjdbdSE3TNo
PLnNotX5RheZhHCdJpuC7QXlVxZcB703Cq,Highlights,rPRp3w5igJM
PLnNotX5RheZhHCdJpuC7QXlVxZcB703Cq,Highlights,lSlDxOdR-zY
PLnNotX5RheZhHCdJpuC7QXlVxZcB703Cq,Highlights,cDLI5upew6Q
PLnNotX5RheZhHCdJpuC7QXlVxZcB703Cq,Highlights,zBD9dao8Fmw
PLnNotX5RheZhHCdJpuC7QXlVxZcB703Cq,Highlights,Zt-k8DCpef8
PLnNotX5RheZhHCdJpuC7QXlVxZcB703Cq,Highlights,1HzebDgCZdg
PLnNotX5RheZhHCdJpuC7QXlVxZcB703Cq,Highlights,R_mcDKiPUQA
PLnNotX5RheZhHCdJpuC7QXlVxZcB703Cq,Highlights,K4pKYko10so
PLnNotX5RheZhHCdJpuC7QXlVxZcB703Cq,Highlights,CupofShpfeU
PLnNotX5RheZhHCdJpuC7QXlVxZcB703Cq,Highlights,muFbV83eHRk
PLnNotX5RheZhHCdJpuC7QXlVxZcB703Cq,Highlights,ibydpw0SRi8
PLnNotX5RheZhHCdJpuC7QXlVxZcB703Cq,Highlights,ExRid4aJvaA
PLnNotX5RheZhHCdJpuC7QXlVxZcB703Cq,Highlights,6M1RDD33xGc
PLnNotX5RheZhHCdJpuC7QXlVxZcB703Cq,Highlights,lWnFIlmD54k
PLnNotX5RheZhHCdJpuC7QXlVxZcB703Cq,Highlights,pOTJL8IKRbw
PLnNotX5RheZhHCdJpuC7QXlVxZcB703Cq,Highlights,uGsZhkdbWIk
PLnNotX5RheZhHCdJpuC7QXlVxZcB703Cq,Highlights,FfM3iveKrto
PLnNotX5RheZhHCdJpuC7QXlVxZcB703Cq,Highlights,EoN-sQgh2mo
PLnNotX5RheZhHCdJpuC7QXlVxZcB703Cq,Highlights,IOwAj1abnJk
PLnNotX5RheZhHCdJpuC7QXlVxZcB703Cq,Highlights,iZuvtdiHjQM
PLnNotX5RheZhHCdJpuC7QXlVxZcB703Cq,Highlights,Az2Oy1Wj5Ig
PLnNotX5RheZhHCdJpuC7QXlVxZcB703Cq,Highlights,C9q_dlliACU
PLnNotX5RheZhHCdJpuC7QXlVxZcB703Cq,Highlights,Li9b4z_mrSY
PLnNotX5RheZhHCdJpuC7QXlVxZcB703Cq,Highlights,h8Hd37p2sYk
PLnNotX5RheZhHCdJpuC7QXlVxZcB703Cq,Highlights,acpG_bLso2o
PLnNotX5RheZhHCdJpuC7QXlVxZcB703Cq,Highlights,HWjFBPPX9hs
PLnNotX5RheZhHCdJpuC7QXlVxZcB703Cq,Highlights,geDVSxxJ0Vw
PLnNotX5RheZhHCdJpuC7QXlVxZcB703Cq,Highlights,UXP98H0u86A
PLnNotX5RheZhHCdJpuC7QXlVxZcB703Cq,Highlights,a1TsEciTS0Y
PLnNotX5RheZhHCdJpuC7QXlVxZcB703Cq,Highlights,dlHU-z80cI4
PLnNotX5RheZhHCdJpuC7QXlVxZcB703Cq,Highlights,qwmPMWOPo5I
PLnNotX5RheZhHCdJpuC7QXlVxZcB703Cq,Highlights,JiIdQyX-YPU
PLnNotX5RheZhHCdJpuC7QXlVxZcB703Cq,Highlights,XLASFAEHmXk
PLnNotX5RheZhHCdJpuC7QXlVxZcB703Cq,Highlights,K-TcwzgLPQk
PLnNotX5RheZhHCdJpuC7QXlVxZcB703Cq,Highlights,DBy5pFwt3sI
PLnNotX5RheZhHCdJpuC7QXlVxZcB703Cq,Highlights,DOOJOBGkMcw
PLnNotX5RheZhHCdJpuC7QXlVxZcB703Cq,Highlights,0gXHHGFuIdg
PLnNotX5RheZhHCdJpuC7QXlVxZcB703Cq,Highlights,RYe9qehNw44
PLnNotX5RheZhHCdJpuC7QXlVxZcB703Cq,Highlights,2zRt0uo9qEc
PLnNotX5RheZhHCdJpuC7QXlVxZcB703Cq,Highlights,FTLZInQrTeQ
PLnNotX5RheZhHCdJpuC7QXlVxZcB703Cq,Highlights,TfDs_zSLe5U
PLnNotX5RheZhHCdJpuC7QXlVxZcB703Cq,Highlights,uDe6-Gv_LNM
PLnNotX5RheZhHCdJpuC7QXlVxZcB703Cq,Highlights,x2vcYPocDr8
PLnNotX5RheZhHCdJpuC7QXlVxZcB703Cq,Highlights,v_15uJo0Lg8
PLnNotX5RheZhHCdJpuC7QXlVxZcB703Cq,Highlights,QKunrUCHVJc
PLnNotX5RheZhHCdJpuC7QXlVxZcB703Cq,Highlights,wMYkVPLqppo
PLnNotX5RheZhHCdJpuC7QXlVxZcB703Cq,Highlights,CUdp7HExzFU
PLnNotX5RheZhHCdJpuC7QXlVxZcB703Cq,Highlights,FWeO7S74WKg
PLnNotX5RheZhHCdJpuC7QXlVxZcB703Cq,Highlights,FI4FcPIbCEg
PLnNotX5RheZhHCdJpuC7QXlVxZcB703Cq,Highlights,9efS3-JHFpc
PLnNotX5RheZhHCdJpuC7QXlVxZcB703Cq,Highlights,WsK8EvcQSps
PLnNotX5RheZhHCdJpuC7QXlVxZcB703Cq,Highlights,-J9oSmL77Ho
PLnNotX5RheZhHCdJpuC7QXlVxZcB703Cq,Highlights,XnXDz6qvL1A
PLnNotX5RheZhHCdJpuC7QXlVxZcB703Cq,Highlights,azUa6mz0wIk
PLnNotX5RheZhHCdJpuC7QXlVxZcB703Cq,Highlights,mDnWxmpQCEc
PLnNotX5RheZhHCdJpuC7QXlVxZcB703Cq,Highlights,on-jVd3ouc4
PLnNotX5RheZhHCdJpuC7QXlVxZcB703Cq,Highlights,fBVg9dv0eVU
PLnNotX5RheZhHCdJpuC7QXlVxZcB703Cq,Highlights,QTq9tUGH22o
PLnNotX5RheZhHCdJpuC7QXlVxZcB703Cq,Highlights,n2v_pXLoyz8
PLnNotX5RheZhHCdJpuC7QXlVxZcB703Cq,Highlights,ssEuG_DpBFg
PLnNotX5RheZhHCdJpuC7QXlVxZcB703Cq,Highlights,ZMKewJGdR08
PLnNotX5RheZhHCdJpuC7QXlVxZcB703Cq,Highlights,Z-u4bYmsrAA
PLnNotX5RheZhHCdJpuC7QXlVxZcB703Cq,Highlights,A8ZVaY_DS_w
PLnNotX5RheZhHCdJpuC7QXlVxZcB703Cq,Highlights,Ae0mqg_bBn0
PLnNotX5RheZhHCdJpuC7QXlVxZcB703Cq,Highlights,tNAnq6k-rz4
PLnNotX5RheZhHCdJpuC7QXlVxZcB703Cq,Highlights,eLXrWHZvOaQ
PLnNotX5RheZhHCdJpuC7QXlVxZcB703Cq,Highlights,3SIYJ-jsPh8
PLnNotX5RheZhHCdJpuC7QXlVxZcB703Cq,Highlights,Mn1xgZP_yAg
PLnNotX5RheZhHCdJpuC7QXlVxZcB703Cq,Highlights,J8pvKXS9wpM
PLnNotX5RheZhHCdJpuC7QXlVxZcB703Cq,Highlights,6wrulLILC2Y
PLnNotX5RheZhHCdJpuC7QXlVxZcB703Cq,Highlights,59-OrqNRxWw
PLnNotX5RheZhHCdJpuC7QXlVxZcB703Cq,Highlights,nCP2MQEshD0
PLnNotX5RheZhHCdJpuC7QXlVxZcB703Cq,Highlights,cJ9sGsugKtM
PLnNotX5RheZhHCdJpuC7QXlVxZcB703Cq,Highlights,6Cerzu1hsyY
PLnNotX5RheZhHCdJpuC7QXlVxZcB703Cq,Highlights,O82wP_QdoRI
PLnNotX5RheZhHCdJpuC7QXlVxZcB703Cq,Highlights,palf-zmt5r0
PLnNotX5RheZhHCdJpuC7QXlVxZcB703Cq,Highlights,_M9besGUO_Y
PLnNotX5RheZhHCdJpuC7QXlVxZcB703Cq,Highlights,hJZK1TUdMyA
PLnNotX5RheZhHCdJpuC7QXlVxZcB703Cq,Highlights,njviX_6jCoY
PLnNotX5RheZhHCdJpuC7QXlVxZcB703Cq,Highlights,bhe-GGyjry0
PLnNotX5RheZhHCdJpuC7QXlVxZcB703Cq,Highlights,9egEgn9dwq8
PLnNotX5RheZhHCdJpuC7QXlVxZcB703Cq,Highlights,-L9N8pkrkSM
PLnNotX5RheZhHCdJpuC7QXlVxZcB703Cq,Highlights,ZgnuRIfKLkg
PLnNotX5RheZhHCdJpuC7QXlVxZcB703Cq,Highlights,ivsFULt0wYM
PLnNotX5RheZhHCdJpuC7QXlVxZcB703Cq,Highlights,Df0s8ihbqnY
PLnNotX5RheZhHCdJpuC7QXlVxZcB703Cq,Highlights,9jrWxFn9IoY
PLnNotX5RheZhHCdJpuC7QXlVxZcB703Cq,Highlights,z0SyjbpDHq0
PLnNotX5RheZhHCdJpuC7QXlVxZcB703Cq,Highlights,0hLUSpZS-ps
PLnNotX5RheZhHCdJpuC7QXlVxZcB703Cq,Highlights,z7qd5SW46L8
PLnNotX5RheZhHCdJpuC7QXlVxZcB703Cq,Highlights,3ofga9sYUhQ
PLnNotX5RheZhHCdJpuC7QXlVxZcB703Cq,Highlights,OP5mmfV6g4I
PLnNotX5RheZhHCdJpuC7QXlVxZcB703Cq,Highlights,ndD1tuJ3t8g
PLnNotX5RheZhHCdJpuC7QXlVxZcB703Cq,Highlights,LF3EwcRl6GI
PLnNotX5RheZhHCdJpuC7QXlVxZcB703Cq,Highlights,Y8LmtBCINR8
PLnNotX5RheZhHCdJpuC7QXlVxZcB703Cq,Highlights,FLasi9-CxhA
PLnNotX5RheZhHCdJpuC7QXlVxZcB703Cq,Highlights,0ZgOTFEDiZ0
PLnNotX5RheZhHCdJpuC7QXlVxZcB703Cq,Highlights,QETiJmEOw_Q
PLnNotX5RheZhHCdJpuC7QXlVxZcB703Cq,Highlights,LmOaTfosv0A
PLnNotX5RheZhHCdJpuC7QXlVxZcB703Cq,Highlights,T-C1clBAkhk
PLnNotX5RheZhHCdJpuC7QXlVxZcB703Cq,Highlights,LwnFoyeSVYg
PLnNotX5RheZhHCdJpuC7QXlVxZcB703Cq,Highlights,P8Zy_s4ExW8
PLnNotX5RheZhHCdJpuC7QXlVxZcB703Cq,Highlights,3Ki9zZigoYg
PLnNotX5RheZhHCdJpuC7QXlVxZcB703Cq,Highlights,UruPLTiCYfc
PLnNotX5RheZhHCdJpuC7QXlVxZcB703Cq,Highlights,eaiW1Wde3k4
PLnNotX5RheZhHCdJpuC7QXlVxZcB703Cq,Highlights,xPO2-eh0fVA
PLnNotX5RheZhHCdJpuC7QXlVxZcB703Cq,Highlights,slDMSQi2QWs
PLnNotX5RheZhHCdJpuC7QXlVxZcB703Cq,Highlights,o6j8bWwYz9g
PLnNotX5RheZhHCdJpuC7QXlVxZcB703Cq,Highlights,57MdtbQKkiA
PLnNotX5RheZhHCdJpuC7QXlVxZcB703Cq,Highlights,qdNEaCw62os
PLnNotX5RheZhHCdJpuC7QXlVxZcB703Cq,Highlights,wxMwocQ0lGI
PLnNotX5RheZhHCdJpuC7QXlVxZcB703Cq,Highlights,GsIJdfZn_yE
PLnNotX5RheZhHCdJpuC7QXlVxZcB703Cq,Highlights,uBRD5rFwMbY
PLnNotX5RheZhHCdJpuC7QXlVxZcB703Cq,Highlights,qgs-oCtNU8E
PLnNotX5RheZhHCdJpuC7QXlVxZcB703Cq,Highlights,QnKcXzy7koE
PLnNotX5RheZhHCdJpuC7QXlVxZcB703Cq,Highlights,ot5nQVbW8Kc
PLnNotX5RheZhHCdJpuC7QXlVxZcB703Cq,Highlights,RXIhgWizSQ0
PLnNotX5RheZhHCdJpuC7QXlVxZcB703Cq,Highlights,illyYjKDaT4
PLnNotX5RheZhHCdJpuC7QXlVxZcB703Cq,Highlights,UD1nw6uikSY
PLnNotX5RheZhHCdJpuC7QXlVxZcB703Cq,Highlights,E_hZRgomGyM
PLnNotX5RheZhHCdJpuC7QXlVxZcB703Cq,Highlights,Ou2XQzJhRes
PLnNotX5RheZhHCdJpuC7QXlVxZcB703Cq,Highlights,z2XdqYq-Gs0
PLnNotX5RheZhHCdJpuC7QXlVxZcB703Cq,Highlights,2iIo_iNxxTI
PLnNotX5RheZhHCdJpuC7QXlVxZcB703Cq,Highlights,iWj2tXkp8XE
PLnNotX5RheZhHCdJpuC7QXlVxZcB703Cq,Highlights,95ZsKNM2gDU
PLnNotX5RheZhHCdJpuC7QXlVxZcB703Cq,Highlights,7Vc67P9fxmA
PLnNotX5RheZhHCdJpuC7QXlVxZcB703Cq,Highlights,TxFVPKpYyHQ
PLnNotX5RheZhHCdJpuC7QXlVxZcB703Cq,Highlights,Eq_P3vk9REM
PLnNotX5RheZhHCdJpuC7QXlVxZcB703Cq,Highlights,3Yo-Rd0OOTA
PLnNotX5RheZhHCdJpuC7QXlVxZcB703Cq,Highlights,kyA7YQH35Ag
PLnNotX5RheZhHCdJpuC7QXlVxZcB703Cq,Highlights,pOzZ_nA1Vu4
PLnNotX5RheZhHCdJpuC7QXlVxZcB703Cq,Highlights,_gPuHdAGQ5c
PLnNotX5RheZhHCdJpuC7QXlVxZcB703Cq,Highlights,kvl2hSAo0N0
PLnNotX5RheZhHCdJpuC7QXlVxZcB703Cq,Highlights,pvm9uEeEkok
PLnNotX5RheZhHCdJpuC7QXlVxZcB703Cq,Highlights,7eZsNTp56LQ
PLnNotX5RheZhHCdJpuC7QXlVxZcB703Cq,Highlights,XfJquScLRj4
PLnNotX5RheZhHCdJpuC7QXlVxZcB703Cq,Highlights,oKnDPdQdecc
PLnNotX5RheZhHCdJpuC7QXlVxZcB703Cq,Highlights,Gm3qM7RIAQU
PLnNotX5RheZhHCdJpuC7QXlVxZcB703Cq,Highlights,Wpgmi62ut_k
PLnNotX5RheZhHCdJpuC7QXlVxZcB703Cq,Highlights,61FDZ0m31yk
PLnNotX5RheZhHCdJpuC7QXlVxZcB703Cq,Highlights,1tVDgSg8xqY
PLnNotX5RheZhHCdJpuC7QXlVxZcB703Cq,Highlights,Ahf5qdi4GI4
PLnNotX5RheZhHCdJpuC7QXlVxZcB703Cq,Highlights,Z3Ud35ps1JA
PLnNotX5RheZhHCdJpuC7QXlVxZcB703Cq,Highlights,gbTw14Lum-Q
PLnNotX5RheZhHCdJpuC7QXlVxZcB703Cq,Highlights,EkigUJvdZ3k
PLnNotX5RheZhHCdJpuC7QXlVxZcB703Cq,Highlights,C5WIgc8BfQg
PLnNotX5RheZhHCdJpuC7QXlVxZcB703Cq,Highlights,fttIZbFu9wk
PLnNotX5RheZhHCdJpuC7QXlVxZcB703Cq,Highlights,OpmtaOdUNf8
PLnNotX5RheZhHCdJpuC7QXlVxZcB703Cq,Highlights,fs84R1EXIpk
PLnNotX5RheZhHCdJpuC7QXlVxZcB703Cq,Highlights,YVHcqnhdk_E
PLnNotX5RheZhHCdJpuC7QXlVxZcB703Cq,Highlights,a9CciuOwnFk
PLnNotX5RheZhHCdJpuC7QXlVxZcB703Cq,Highlights,GxAckTH7sRQ
PLnNotX5RheZhHCdJpuC7QXlVxZcB703Cq,Highlights,PkplV8Vwyz8
PLnNotX5RheZhHCdJpuC7QXlVxZcB703Cq,Highlights,r-RYZA3KG7w
PLnNotX5RheZhHCdJpuC7QXlVxZcB703Cq,Highlights,fL2Wlkk_4bM
PLnNotX5RheZhHCdJpuC7QXlVxZcB703Cq,Highlights,k0HQuZMdPaU
PLnNotX5RheZhHCdJpuC7QXlVxZcB703Cq,Highlights,fDuvR5sItwk
PLnNotX5RheZhHCdJpuC7QXlVxZcB703Cq,Highlights,NqXmP07OEg8
PLnNotX5RheZhHCdJpuC7QXlVxZcB703Cq,Highlights,s26SD62U0uM
PLnNotX5RheZhHCdJpuC7QXlVxZcB703Cq,Highlights,lVhuhEKbvtk
PLnNotX5RheZhHCdJpuC7QXlVxZcB703Cq,Highlights,1sf8IBNjMQY
PLnNotX5RheZhHCdJpuC7QXlVxZcB703Cq,Highlights,dw7HhdQM5z8
PLnNotX5RheZhHCdJpuC7QXlVxZcB703Cq,Highlights,1K92IJUdzbI
PLnNotX5RheZhHCdJpuC7QXlVxZcB703Cq,Highlights,LTro5ohStBQ
PLnNotX5RheZhHCdJpuC7QXlVxZcB703Cq,Highlights,qtaRYF9LgDA
PLnNotX5RheZhHCdJpuC7QXlVxZcB703Cq,Highlights,lZzLlzjiaYI
PLnNotX5RheZhHCdJpuC7QXlVxZcB703Cq,Highlights,T_Xw0bvrKWI
PLnNotX5RheZhHCdJpuC7QXlVxZcB703Cq,Highlights,0WMekYF1q4M
PLnNotX5RheZhHCdJpuC7QXlVxZcB703Cq,Highlights,-bmD7ASu50A
PLnNotX5RheZhHCdJpuC7QXlVxZcB703Cq,Highlights,wfU8JPcY4UQ
PLnNotX5RheZhHCdJpuC7QXlVxZcB703Cq,Highlights,qxUzE4NTsKw
PLnNotX5RheZhHCdJpuC7QXlVxZcB703Cq,Highlights,7BUt0OQ9YiM
PLnNotX5RheZhHCdJpuC7QXlVxZcB703Cq,Highlights,aR4VVm9fIHY
PLnNotX5RheZhHCdJpuC7QXlVxZcB703Cq,Highlights,AazI3WHS7Ns
PLnNotX5RheZhHCdJpuC7QXlVxZcB703Cq,Highlights,X-n8AIbh_Yw
PLnNotX5RheZhHCdJpuC7QXlVxZcB703Cq,Highlights,RRDUbb_kKzo
PLnNotX5RheZhHCdJpuC7QXlVxZcB703Cq,Highlights,GqQsfAxD6cY
PLnNotX5RheZhHCdJpuC7QXlVxZcB703Cq,Highlights,gEUJcycLY9E
PLnNotX5RheZhHCdJpuC7QXlVxZcB703Cq,Highlights,CUr8-Up1nNU
PLnNotX5RheZhHCdJpuC7QXlVxZcB703Cq,Highlights,p4iirL44n2A
PLnNotX5RheZhHCdJpuC7QXlVxZcB703Cq,Highlights,z0Lr0dVnC2I
PLnNotX5RheZhHCdJpuC7QXlVxZcB703Cq,Highlights,EWK41n0LV2k
PLnNotX5RheZhHCdJpuC7QXlVxZcB703Cq,Highlights,jDzz3OcUG3w
PLnNotX5RheZhHCdJpuC7QXlVxZcB703Cq,Highlights,_SSqJaNo7GM
PLnNotX5RheZhHCdJpuC7QXlVxZcB703Cq,Highlights,MwT6T56jpIA
PLnNotX5RheZhHCdJpuC7QXlVxZcB703Cq,Highlights,XfZA7NEoEEU
PLnNotX5RheZhHCdJpuC7QXlVxZcB703Cq,Highlights,EqE82-u9vTg
PLnNotX5RheZhHCdJpuC7QXlVxZcB703Cq,Highlights,We7-wRp_LEs
PLnNotX5RheZhHCdJpuC7QXlVxZcB703Cq,Highlights,2p1NHlpNhVk
PLnNotX5RheZhHCdJpuC7QXlVxZcB703Cq,Highlights,nCjGe4lFXTU
PLnNotX5RheZhHCdJpuC7QXlVxZcB703Cq,Highlights,y3-sVSPGeuw
PLnNotX5RheZhHCdJpuC7QXlVxZcB703Cq,Highlights,E1W4FLmx8fU
PLnNotX5RheZhHCdJpuC7QXlVxZcB703Cq,Highlights,hqHJZW6SWXI
PLnNotX5RheZhHCdJpuC7QXlVxZcB703Cq,Highlights,kjlXXjw9ae8
PLnNotX5RheZhHCdJpuC7QXlVxZcB703Cq,Highlights,JW1U0Krg27k
PLnNotX5RheZhHCdJpuC7QXlVxZcB703Cq,Highlights,Cgm_oxunYiY
PLnNotX5RheZhHCdJpuC7QXlVxZcB703Cq,Highlights,JXTE0NK0jAc
PLnNotX5RheZhHCdJpuC7QXlVxZcB703Cq,Highlights,V7O2q53jIrM
PLnNotX5RheZhHCdJpuC7QXlVxZcB703Cq,Highlights,SVGR6D0BU1Q
PLnNotX5RheZhHCdJpuC7QXlVxZcB703Cq,Highlights,QFmbl7O2IH0
PLnNotX5RheZhHCdJpuC7QXlVxZcB703Cq,Highlights,rJRs0MeyZHs
PLnNotX5RheZhHCdJpuC7QXlVxZcB703Cq,Highlights,VI4eluGX70s
PLnNotX5RheZhHCdJpuC7QXlVxZcB703Cq,Highlights,tei87jG1uBg
PLnNotX5RheZhHCdJpuC7QXlVxZcB703Cq,Highlights,bVBGHvN2qRY
PLnNotX5RheZhHCdJpuC7QXlVxZcB703Cq,Highlights,sk-zRzh1JC8
PLnNotX5RheZhHCdJpuC7QXlVxZcB703Cq,Highlights,AQed1B927Ag
PLnNotX5RheZhHCdJpuC7QXlVxZcB703Cq,Highlights,Nh1D3anduiM
PLnNotX5RheZhHCdJpuC7QXlVxZcB703Cq,Highlights,kfSjZMzC_vk
PLnNotX5RheZhHCdJpuC7QXlVxZcB703Cq,Highlights,jnTCUrOTcDY
PLnNotX5RheZhHCdJpuC7QXlVxZcB703Cq,Highlights,KbWFKQQG3cY
PLnNotX5RheZhHCdJpuC7QXlVxZcB703Cq,Highlights,4bOLf19jqCE
PLnNotX5RheZhHCdJpuC7QXlVxZcB703Cq,Highlights,aDRom1BrFZ8
PLnNotX5RheZhHCdJpuC7QXlVxZcB703Cq,Highlights,5lCD_20hRVY
PLnNotX5RheZhHCdJpuC7QXlVxZcB703Cq,Highlights,K-Xx1qPozDs
PLnNotX5RheZhHCdJpuC7QXlVxZcB703Cq,Highlights,BgRxWXoKx9M
PLnNotX5RheZhHCdJpuC7QXlVxZcB703Cq,Highlights,RgZS4gIuyBQ
PLnNotX5RheZhHCdJpuC7QXlVxZcB703Cq,Highlights,sBd5HkD6iw0
PLnNotX5RheZhHCdJpuC7QXlVxZcB703Cq,Highlights,kXoQrc1NDWY
PLnNotX5RheZhHCdJpuC7QXlVxZcB703Cq,Highlights,hYecYKpwmvs
PLnNotX5RheZhHCdJpuC7QXlVxZcB703Cq,Highlights,efLybf_fEzs
PLnNotX5RheZhHCdJpuC7QXlVxZcB703Cq,Highlights,rUcOUMZHj-o
PLnNotX5RheZhHCdJpuC7QXlVxZcB703Cq,Highlights,-TSmarrHawY
PLnNotX5RheZhHCdJpuC7QXlVxZcB703Cq,Highlights,3NGO_4qc1X0
PLnNotX5RheZhHCdJpuC7QXlVxZcB703Cq,Highlights,3zMeOk4ddVw
PLnNotX5RheZhHCdJpuC7QXlVxZcB703Cq,Highlights,bXtpG7qKdzo
PLnNotX5RheZhHCdJpuC7QXlVxZcB703Cq,Highlights,HmXiLMSHEEI
PLnNotX5RheZhHCdJpuC7QXlVxZcB703Cq,Highlights,VhsgelXD8xU
PLnNotX5RheZhHCdJpuC7QXlVxZcB703Cq,Highlights,wo4_7wueu8k
PLnNotX5RheZhHCdJpuC7QXlVxZcB703Cq,Highlights,Wvuvdp4oaYQ
PLnNotX5RheZhHCdJpuC7QXlVxZcB703Cq,Highlights,DUcYwaloiJc
PLnNotX5RheZhHCdJpuC7QXlVxZcB703Cq,Highlights,qXqhYEcg4ik
PLnNotX5RheZhHCdJpuC7QXlVxZcB703Cq,Highlights,hKJu9rvE1fM
PLnNotX5RheZhHCdJpuC7QXlVxZcB703Cq,Highlights,v3vigoaL_Rg
PLnNotX5RheZhHCdJpuC7QXlVxZcB703Cq,Highlights,1xyuKxG7Jkw
PLnNotX5RheZhHCdJpuC7QXlVxZcB703Cq,Highlights,3Pzs-FoFx14
PLnNotX5RheZhHCdJpuC7QXlVxZcB703Cq,Highlights,aSmXmE1n5sY
PLnNotX5RheZhHCdJpuC7QXlVxZcB703Cq,Highlights,3Q-36Die-oY
PLnNotX5RheZhHCdJpuC7QXlVxZcB703Cq,Highlights,iMNv17TFQgI
PLnNotX5RheZhHCdJpuC7QXlVxZcB703Cq,Highlights,k7csFL6Jr0A
PLnNotX5RheZhHCdJpuC7QXlVxZcB703Cq,Highlights,zPYzE9H0Zyo
PLnNotX5RheZhHCdJpuC7QXlVxZcB703Cq,Highlights,bm7P0aOOhAo
PLnNotX5RheZhHCdJpuC7QXlVxZcB703Cq,Highlights,wrdmxEZuHrw
PLnNotX5RheZhHCdJpuC7QXlVxZcB703Cq,Highlights,ZvXFGox7NLU
PLnNotX5RheZhHCdJpuC7QXlVxZcB703Cq,Highlights,yw-jjk1Sw_8
PLnNotX5RheZhHCdJpuC7QXlVxZcB703Cq,Highlights,6vcbSl3XwEg
PLnNotX5RheZhHCdJpuC7QXlVxZcB703Cq,Highlights,3BRzdfy9QQU
PLnNotX5RheZhHCdJpuC7QXlVxZcB703Cq,Highlights,ngvf8uRkoNA
PLnNotX5RheZhHCdJpuC7QXlVxZcB703Cq,Highlights,9WYBLRjJSN0
PLnNotX5RheZhHCdJpuC7QXlVxZcB703Cq,Highlights,LnBaATk3kPA
PLnNotX5RheZhHCdJpuC7QXlVxZcB703Cq,Highlights,JMJp_OiUTtw
PLnNotX5RheZhHCdJpuC7QXlVxZcB703Cq,Highlights,cXgmwOnXnIU
PLnNotX5RheZhHCdJpuC7QXlVxZcB703Cq,Highlights,T4gYLRcLl-Y
PLnNotX5RheZhHCdJpuC7QXlVxZcB703Cq,Highlights,IDn4kmbdiXk
PLnNotX5RheZhHCdJpuC7QXlVxZcB703Cq,Highlights,o2ppPpbhN_I
PLnNotX5RheZhHCdJpuC7QXlVxZcB703Cq,Highlights,Ff4Kw_SRhV0
PLnNotX5RheZhHCdJpuC7QXlVxZcB703Cq,Highlights,hZB_Y2LmENg
PLnNotX5RheZhHCdJpuC7QXlVxZcB703Cq,Highlights,k5Wk4jciZhw
PLnNotX5RheZhHCdJpuC7QXlVxZcB703Cq,Highlights,UbjJB6qHyy8
PLnNotX5RheZhHCdJpuC7QXlVxZcB703Cq,Highlights,5jUY_pnR_W0
PLnNotX5RheZhHCdJpuC7QXlVxZcB703Cq,Highlights,Hkn06LWXi1A
PLnNotX5RheZhHCdJpuC7QXlVxZcB703Cq,Highlights,lPnn-QRdVqU
PLnNotX5RheZhHCdJpuC7QXlVxZcB703Cq,Highlights,tIMb9X3_00Y
PLnNotX5RheZhHCdJpuC7QXlVxZcB703Cq,Highlights,7_RbcPX4sA8
PLnNotX5RheZhHCdJpuC7QXlVxZcB703Cq,Highlights,UhuTr-Qiy98
PLnNotX5RheZhHCdJpuC7QXlVxZcB703Cq,Highlights,CNMrkDCvaBA
PLnNotX5RheZhHCdJpuC7QXlVxZcB703Cq,Highlights,S-6WVpaktYQ
PLnNotX5RheZhHCdJpuC7QXlVxZcB703Cq,Highlights,HYxbHWi_Rzc
PLnNotX5RheZhHCdJpuC7QXlVxZcB703Cq,Highlights,BHSxRtznVTY
PLnNotX5RheZhHCdJpuC7QXlVxZcB703Cq,Highlights,zl9Bc-AkltM
PLnNotX5RheZhHCdJpuC7QXlVxZcB703Cq,Highlights,LojHcsC11Ss
PLnNotX5RheZhHCdJpuC7QXlVxZcB703Cq,Highlights,6zC5IltaHEI
PLnNotX5RheZhHCdJpuC7QXlVxZcB703Cq,Highlights,9jxWEgqafz8
PLnNotX5RheZhHCdJpuC7QXlVxZcB703Cq,Highlights,iR98OKzaMVI
PLnNotX5RheZhHCdJpuC7QXlVxZcB703Cq,Highlights,vau1iVjnXVQ
PLnNotX5RheZhHCdJpuC7QXlVxZcB703Cq,Highlights,sy2clUf5GB0
PLnNotX5RheZhHCdJpuC7QXlVxZcB703Cq,Highlights,DMweQyNamd4
PLnNotX5RheZhHCdJpuC7QXlVxZcB703Cq,Highlights,GWgbem-mDMU
PLnNotX5RheZhHCdJpuC7QXlVxZcB703Cq,Highlights,JMKp8azKdOQ
PLnNotX5RheZhHCdJpuC7QXlVxZcB703Cq,Highlights,89OrBALBvNs
PLnNotX5RheZhHCdJpuC7QXlVxZcB703Cq,Highlights,7mTC3J2T3UA
PLnNotX5RheZhHCdJpuC7QXlVxZcB703Cq,Highlights,44qi6c9avnI
PLnNotX5RheZhHCdJpuC7QXlVxZcB703Cq,Highlights,yhib-Iv5ZjA
PLnNotX5RheZhHCdJpuC7QXlVxZcB703Cq,Highlights,SVP44pvJEBI
PLnNotX5RheZhHCdJpuC7QXlVxZcB703Cq,Highlights,cXy-BBf9geY
PLnNotX5RheZhHCdJpuC7QXlVxZcB703Cq,Highlights,csIIluMlQa4
PLnNotX5RheZhHCdJpuC7QXlVxZcB703Cq,Highlights,vNouTu-PR0U
PLnNotX5RheZhHCdJpuC7QXlVxZcB703Cq,Highlights,E0XV4PMDhqA
PLnNotX5RheZhHCdJpuC7QXlVxZcB703Cq,Highlights,YnGXHahy5wk
PLnNotX5RheZhHCdJpuC7QXlVxZcB703Cq,Highlights,aaEyv7ieles
PLnNotX5RheZhHCdJpuC7QXlVxZcB703Cq,Highlights,vPGmRXDcJaU
PLnNotX5RheZhHCdJpuC7QXlVxZcB703Cq,Highlights,Zwu8Cfpsdic
PLnNotX5RheZhHCdJpuC7QXlVxZcB703Cq,Highlights,71OHG96lrnQ
PLnNotX5RheZhHCdJpuC7QXlVxZcB703Cq,Highlights,RQVlpzkJTZA
PLnNotX5RheZhHCdJpuC7QXlVxZcB703Cq,Highlights,mo7xKKXvhek
PLnNotX5RheZhHCdJpuC7QXlVxZcB703Cq,Highlights,Tb6x8l9cP34
PLnNotX5RheZhHCdJpuC7QXlVxZcB703Cq,Highlights,cnsfSAA9cjk
PLnNotX5RheZhHCdJpuC7QXlVxZcB703Cq,Highlights,IekSV-j5VQk
PLnNotX5RheZhHCdJpuC7QXlVxZcB703Cq,Highlights,Lo76dT1Jo0I
PLnNotX5RheZhHCdJpuC7QXlVxZcB703Cq,Highlights,fAyZUg7bTEs
PLnNotX5RheZhHCdJpuC7QXlVxZcB703Cq,Highlights,fzNDN-ydnXY
PLnNotX5RheZhHCdJpuC7QXlVxZcB703Cq,Highlights,p4EdMoy4Ddc
PLnNotX5RheZhHCdJpuC7QXlVxZcB703Cq,Highlights,jIVzNAGnRTU
PLnNotX5RheZhHCdJpuC7QXlVxZcB703Cq,Highlights,EouiV3ioxDw
PLnNotX5RheZhHCdJpuC7QXlVxZcB703Cq,Highlights,ILyR983c3Bs
PLnNotX5RheZhHCdJpuC7QXlVxZcB703Cq,Highlights,Z8q0rHthd_A
PLnNotX5RheZhHCdJpuC7QXlVxZcB703Cq,Highlights,X88Aczq60fE
PLnNotX5RheZhHCdJpuC7QXlVxZcB703Cq,Highlights,FSuFcTZmm70
PLnNotX5RheZhHCdJpuC7QXlVxZcB703Cq,Highlights,r34hctr0f3g
PLnNotX5RheZhHCdJpuC7QXlVxZcB703Cq,Highlights,5lT3LS6kaiQ
PLnNotX5RheZhHCdJpuC7QXlVxZcB703Cq,Highlights,WQDVqFNGV7g
PLnNotX5RheZhHCdJpuC7QXlVxZcB703Cq,Highlights,_cPR_fZs9O4
PLnNotX5RheZhHCdJpuC7QXlVxZcB703Cq,Highlights,0f6FSk2N4io
PLnNotX5RheZhHCdJpuC7QXlVxZcB703Cq,Highlights,NDrZfElmoFY
PLnNotX5RheZhHCdJpuC7QXlVxZcB703Cq,Highlights,jlVS-uR3qvA
PLnNotX5RheZhHCdJpuC7QXlVxZcB703Cq,Highlights,Uc1nI_n2esg
PLnNotX5RheZhHCdJpuC7QXlVxZcB703Cq,Highlights,q4OCFFwM2Mc
PLnNotX5RheZhHCdJpuC7QXlVxZcB703Cq,Highlights,j3Db-FO6Bms
PLnNotX5RheZhHCdJpuC7QXlVxZcB703Cq,Highlights,eV_AZwxKKnQ
PLnNotX5RheZhHCdJpuC7QXlVxZcB703Cq,Highlights,2CsJfA9IRVQ
PLnNotX5RheZhHCdJpuC7QXlVxZcB703Cq,Highlights,eoGOy24bIOk
PLnNotX5RheZhHCdJpuC7QXlVxZcB703Cq,Highlights,NfEmvdMDwLs
PLnNotX5RheZhHCdJpuC7QXlVxZcB703Cq,Highlights,WRL-zdfR2_E
PLnNotX5RheZhHCdJpuC7QXlVxZcB703Cq,Highlights,K1PcIJq1RxM
PLnNotX5RheZhHCdJpuC7QXlVxZcB703Cq,Highlights,v4OIQ4YK9Y4
PLnNotX5RheZhHCdJpuC7QXlVxZcB703Cq,Highlights,isssSjePSQo
PLnNotX5RheZhHCdJpuC7QXlVxZcB703Cq,Highlights,3-MmBu7e3WE
PLnNotX5RheZhHCdJpuC7QXlVxZcB703Cq,Highlights,0ekMhkRH1o0
PLnNotX5RheZhHCdJpuC7QXlVxZcB703Cq,Highlights,nvVyz5mtr0s
PLnNotX5RheZhHCdJpuC7QXlVxZcB703Cq,Highlights,zkJWeY64qtg
PLnNotX5RheZhHCdJpuC7QXlVxZcB703Cq,Highlights,2H6wIJKpH28
PLnNotX5RheZhHCdJpuC7QXlVxZcB703Cq,Highlights,MUhKOqeMGqg
PLnNotX5RheZhHCdJpuC7QXlVxZcB703Cq,Highlights,YzbDVvyMGCQ
PLnNotX5RheZhHCdJpuC7QXlVxZcB703Cq,Highlights,r42NAGLevhQ
PLnNotX5RheZhHCdJpuC7QXlVxZcB703Cq,Highlights,NoKULe9NYJk
PLnNotX5RheZhHCdJpuC7QXlVxZcB703Cq,Highlights,4BFP4bkaEsM
PLnNotX5RheZhHCdJpuC7QXlVxZcB703Cq,Highlights,MqWTSf6DqKg
PLnNotX5RheZhHCdJpuC7QXlVxZcB703Cq,Highlights,H0JRaVxpsTI
PLnNotX5RheZhHCdJpuC7QXlVxZcB703Cq,Highlights,iPl2XrfHl40
PLnNotX5RheZhHCdJpuC7QXlVxZcB703Cq,Highlights,E4JROOEMlQk
PLnNotX5RheZhHCdJpuC7QXlVxZcB703Cq,Highlights,9TYJj-L0xRM
PLnNotX5RheZhHCdJpuC7QXlVxZcB703Cq,Highlights,YDfatZaZxXg
PLnNotX5RheZhHCdJpuC7QXlVxZcB703Cq,Highlights,4Vo0Un3q4Y4
PLnNotX5RheZhHCdJpuC7QXlVxZcB703Cq,Highlights,jj-o3JlzNIs
PLnNotX5RheZhHCdJpuC7QXlVxZcB703Cq,Highlights,3HDh36q5Tt0
PLnNotX5RheZhHCdJpuC7QXlVxZcB703Cq,Highlights,KQ1PFPr_UXs
PLnNotX5RheZhHCdJpuC7QXlVxZcB703Cq,Highlights,aqsc0lucc3Q
PLnNotX5RheZhHCdJpuC7QXlVxZcB703Cq,Highlights,Z22XLrIKiGc
PLnNotX5RheZhHCdJpuC7QXlVxZcB703Cq,Highlights,yY76CR5-2BM
PLnNotX5RheZhHCdJpuC7QXlVxZcB703Cq,Highlights,O32PgrpGx8Y
PLnNotX5RheZhHCdJpuC7QXlVxZcB703Cq,Highlights,hCkN0l25xS4
PLnNotX5RheZhHCdJpuC7QXlVxZcB703Cq,Highlights,L8r9xYI36F0
PLnNotX5RheZhHCdJpuC7QXlVxZcB703Cq,Highlights,c9x93v3C3Eg
PLnNotX5RheZhHCdJpuC7QXlVxZcB703Cq,Highlights,yLHVcmnWrx0
PLnNotX5RheZhHCdJpuC7QXlVxZcB703Cq,Highlights,ptG7PZZY8Io
PLnNotX5RheZhHCdJpuC7QXlVxZcB703Cq,Highlights,ETKgWaJBHUg
PLnNotX5RheZhHCdJpuC7QXlVxZcB703Cq,Highlights,IWtdE3Y6wo0
PLnNotX5RheZhHCdJpuC7QXlVxZcB703Cq,Highlights,4XI20YdTItc
PLnNotX5RheZhHCdJpuC7QXlVxZcB703Cq,Highlights,gWG9ZsDUzeQ
PLnNotX5RheZhHCdJpuC7QXlVxZcB703Cq,Highlights,1QkIRmb869c
PLnNotX5RheZhHCdJpuC7QXlVxZcB703Cq,Highlights,MGY7ftuYatM
PLnNotX5RheZhHCdJpuC7QXlVxZcB703Cq,Highlights,x07F7LngDok
PLnNotX5RheZhHCdJpuC7QXlVxZcB703Cq,Highlights,VOqxyFdLLA8
PLnNotX5RheZhHCdJpuC7QXlVxZcB703Cq,Highlights,12z-LF5Afvk
PLnNotX5RheZhHCdJpuC7QXlVxZcB703Cq,Highlights,v7d38X9K8v4
PLnNotX5RheZhHCdJpuC7QXlVxZcB703Cq,Highlights,3cqWEKT5GpU
PLnNotX5RheZhHCdJpuC7QXlVxZcB703Cq,Highlights,qRnYtwGD64o
PLnNotX5RheZhHCdJpuC7QXlVxZcB703Cq,Highlights,xok6qVTlaMI
PLnNotX5RheZhHCdJpuC7QXlVxZcB703Cq,Highlights,-qMq_k7AFyg
PLnNotX5RheZhHCdJpuC7QXlVxZcB703Cq,Highlights,H7WPnwJilwE
PLnNotX5RheZhHCdJpuC7QXlVxZcB703Cq,Highlights,DzsHuJx_m34
PLnNotX5RheZhHCdJpuC7QXlVxZcB703Cq,Highlights,2TyvniJQay8
PLnNotX5RheZhHCdJpuC7QXlVxZcB703Cq,Highlights,-VVbHT1iu0M
PLnNotX5RheZhHCdJpuC7QXlVxZcB703Cq,Highlights,PTBv5C76kQc
PLnNotX5RheZhHCdJpuC7QXlVxZcB703Cq,Highlights,AZPeZ8lKycw
PLnNotX5RheZhHCdJpuC7QXlVxZcB703Cq,Highlights,LL9T9t1fnQw
PLnNotX5RheZhHCdJpuC7QXlVxZcB703Cq,Highlights,VOQVPTtU9fc
PLnNotX5RheZhHCdJpuC7QXlVxZcB703Cq,Highlights,cOthZyfFKro
PLnNotX5RheZhHCdJpuC7QXlVxZcB703Cq,Highlights,vOdFAvtQkEc
PLnNotX5RheZhHCdJpuC7QXlVxZcB703Cq,Highlights,1AxczmgoNok
PLnNotX5RheZhHCdJpuC7QXlVxZcB703Cq,Highlights,9NLzlUBswRA
PLnNotX5RheZhHCdJpuC7QXlVxZcB703Cq,Highlights,QinyuykAKlk
PLnNotX5RheZhHCdJpuC7QXlVxZcB703Cq,Highlights,BDf92r8LWto
PLnNotX5RheZhHCdJpuC7QXlVxZcB703Cq,Highlights,giZRhQEJOMc
PLnNotX5RheZhHCdJpuC7QXlVxZcB703Cq,Highlights,GjXharSnGIA
PLnNotX5RheZhHCdJpuC7QXlVxZcB703Cq,Highlights,QvLwcLgSyaA
PLnNotX5RheZhHCdJpuC7QXlVxZcB703Cq,Highlights,1xjg_aKds7A
PLnNotX5RheZhHCdJpuC7QXlVxZcB703Cq,Highlights,4OMXNVvKKhI
PLnNotX5RheZhHCdJpuC7QXlVxZcB703Cq,Highlights,R5HwjGQnN2s
PLnNotX5RheZhHCdJpuC7QXlVxZcB703Cq,Highlights,0JxOeLD_RSw
PLnNotX5RheZhHCdJpuC7QXlVxZcB703Cq,Highlights,JGEH-Z4ZhRY
PLnNotX5RheZhHCdJpuC7QXlVxZcB703Cq,Highlights,N4IW8BEX1BQ
PLnNotX5RheZhHCdJpuC7QXlVxZcB703Cq,Highlights,-7oUkWJ8M6o
PLnNotX5RheZhHCdJpuC7QXlVxZcB703Cq,Highlights,-wH3eABVTT4
PLnNotX5RheZhHCdJpuC7QXlVxZcB703Cq,Highlights,8KsiSIluQU8
PLnNotX5RheZhHCdJpuC7QXlVxZcB703Cq,Highlights,lj8Be_y9NIA
PLnNotX5RheZhHCdJpuC7QXlVxZcB703Cq,Highlights,-5XGajg2jmU
PLnNotX5RheZhHCdJpuC7QXlVxZcB703Cq,Highlights,Sif7RZDD9HM
PLnNotX5RheZhHCdJpuC7QXlVxZcB703Cq,Highlights,JIHjOKrlT5M
PLnNotX5RheZhHCdJpuC7QXlVxZcB703Cq,Highlights,_GKoseAGZyo
PLnNotX5RheZhHCdJpuC7QXlVxZcB703Cq,Highlights,2ZY5xCBIbAI
PLnNotX5RheZhHCdJpuC7QXlVxZcB703Cq,Highlights,KLUJ14zXHek
PLnNotX5RheZhHCdJpuC7QXlVxZcB703Cq,Highlights,HdzW4EJtBng
PLnNotX5RheZhHCdJpuC7QXlVxZcB703Cq,Highlights,d8xtlrjYC1M
PLnNotX5RheZhHCdJpuC7QXlVxZcB703Cq,Highlights,GvlGLXslS80
PLnNotX5RheZhHCdJpuC7QXlVxZcB703Cq,Highlights,iVWboebd_mE
PLnNotX5RheZhHCdJpuC7QXlVxZcB703Cq,Highlights,XFeUE_zYip8
PLnNotX5RheZhHCdJpuC7QXlVxZcB703Cq,Highlights,wmeCzCYL5-4
PLnNotX5RheZhHCdJpuC7QXlVxZcB703Cq,Highlights,DitzqRFJ2bQ
PLnNotX5RheZhHCdJpuC7QXlVxZcB703Cq,Highlights,SmlBUBMj90k
PLnNotX5RheZhHCdJpuC7QXlVxZcB703Cq,Highlights,ir41TprZLew
PLnNotX5RheZhHCdJpuC7QXlVxZcB703Cq,Highlights,wjcusYUqUeQ
PLnNotX5RheZhHCdJpuC7QXlVxZcB703Cq,Highlights,Oi6wyppPnWM
PLnNotX5RheZhHCdJpuC7QXlVxZcB703Cq,Highlights,YqyfzdSPBxM
PLnNotX5RheZhHCdJpuC7QXlVxZcB703Cq,Highlights,tGBjYLN0VKE
PLnNotX5RheZhHCdJpuC7QXlVxZcB703Cq,Highlights,TbveQjjBWtU
PLnNotX5RheZhHCdJpuC7QXlVxZcB703Cq,Highlights,RhpVT9q0UO8
PLnNotX5RheZhHCdJpuC7QXlVxZcB703Cq,Highlights,BpzUBvYsEW4
PLnNotX5RheZhHCdJpuC7QXlVxZcB703Cq,Highlights,o9F3ithiVFg
PLnNotX5RheZhHCdJpuC7QXlVxZcB703Cq,Highlights,osqtnt98Z90
PLnNotX5RheZhHCdJpuC7QXlVxZcB703Cq,Highlights,cIgh86tTTFA
PLnNotX5RheZhHCdJpuC7QXlVxZcB703Cq,Highlights,_v1QROrlVOw
PLnNotX5RheZhHCdJpuC7QXlVxZcB703Cq,Highlights,wYwmVhhIzMg
PLnNotX5RheZhHCdJpuC7QXlVxZcB703Cq,Highlights,_oTIUtChilo
PLnNotX5RheZhHCdJpuC7QXlVxZcB703Cq,Highlights,hfKQm4UNe3g
PLnNotX5RheZhHCdJpuC7QXlVxZcB703Cq,Highlights,6kZeIQT2XBQ
PLnNotX5RheZhHCdJpuC7QXlVxZcB703Cq,Highlights,nRfmW8nGcXk
PLnNotX5RheZhHCdJpuC7QXlVxZcB703Cq,Highlights,EoiKvqEWyjc
PLnNotX5RheZhHCdJpuC7QXlVxZcB703Cq,Highlights,7412i1UvmNU
PLnNotX5RheZhHCdJpuC7QXlVxZcB703Cq,Highlights,Q1hPEIf5jG4
PLnNotX5RheZhHCdJpuC7QXlVxZcB703Cq,Highlights,Hpn_qYrUjYI
PLnNotX5RheZhHCdJpuC7QXlVxZcB703Cq,Highlights,tbB2iDrYBho
PLnNotX5RheZhHCdJpuC7QXlVxZcB703Cq,Highlights,p05khnUdxyc
PLnNotX5RheZhHCdJpuC7QXlVxZcB703Cq,Highlights,p8VCVipvqwk
PLnNotX5RheZhHCdJpuC7QXlVxZcB703Cq,Highlights,OjUO0Pis4QE
PLnNotX5RheZhHCdJpuC7QXlVxZcB703Cq,Highlights,HvvFxrllOqU
PLnNotX5RheZhHCdJpuC7QXlVxZcB703Cq,Highlights,-FsslX1rNFs
PLnNotX5RheZhHCdJpuC7QXlVxZcB703Cq,Highlights,8vXajXHKofY
PLnNotX5RheZhHCdJpuC7QXlVxZcB703Cq,Highlights,pLplS6dy6c0
PLnNotX5RheZhHCdJpuC7QXlVxZcB703Cq,Highlights,oli1XUftJXI
PLnNotX5RheZhHCdJpuC7QXlVxZcB703Cq,Highlights,dS3bIK5O2bw
PLnNotX5RheZhHCdJpuC7QXlVxZcB703Cq,Highlights,wBSKSctC8rE
PLnNotX5RheZhHCdJpuC7QXlVxZcB703Cq,Highlights,LAOk9F1eGyE
PLnNotX5RheZhHCdJpuC7QXlVxZcB703Cq,Highlights,lXVE9cnQBLU
PLnNotX5RheZhHCdJpuC7QXlVxZcB703Cq,Highlights,SstqrRMgK1o
PLnNotX5RheZhHCdJpuC7QXlVxZcB703Cq,Highlights,nwzbSxke9bs
PLnNotX5RheZhHCdJpuC7QXlVxZcB703Cq,Highlights,NWTzo6DTaJw
PLnNotX5RheZhHCdJpuC7QXlVxZcB703Cq,Highlights,28DTNRHJW3Q
PLnNotX5RheZhHCdJpuC7QXlVxZcB703Cq,Highlights,z2xpsSn_fpQ
PLnNotX5RheZhHCdJpuC7QXlVxZcB703Cq,Highlights,g8WvxZq4kBw
PLnNotX5RheZhHCdJpuC7QXlVxZcB703Cq,Highlights,FOVSdxnaf8E
PLnNotX5RheZhHCdJpuC7QXlVxZcB703Cq,Highlights,fKwTOGk9Bag
PLnNotX5RheZhHCdJpuC7QXlVxZcB703Cq,Highlights,kLgQPZRxmcA
PLnNotX5RheZhHCdJpuC7QXlVxZcB703Cq,Highlights,E1PT-Mq26Sk
PLnNotX5RheZhHCdJpuC7QXlVxZcB703Cq,Highlights,dvVvTJFelg8
PLnNotX5RheZhHCdJpuC7QXlVxZcB703Cq,Highlights,i-pn2gHEtl0
PLnNotX5RheZhHCdJpuC7QXlVxZcB703Cq,Highlights,zyNOdLs2-H0
PLnNotX5RheZhHCdJpuC7QXlVxZcB703Cq,Highlights,mSPvk0u_m9g
PLnNotX5RheZhHCdJpuC7QXlVxZcB703Cq,Highlights,auV0qlsnLbg
PLnNotX5RheZhHCdJpuC7QXlVxZcB703Cq,Highlights,xj12bh1oS5A
PLnNotX5RheZhHCdJpuC7QXlVxZcB703Cq,Highlights,_Ai8hzEYr-0
PLnNotX5RheZhHCdJpuC7QXlVxZcB703Cq,Highlights,c8tKSLZYC3w
PLnNotX5RheZhHCdJpuC7QXlVxZcB703Cq,Highlights,TwS-8ngZEHM
PLnNotX5RheZhHCdJpuC7QXlVxZcB703Cq,Highlights,IPi5PbovNQg
PLnNotX5RheZhHCdJpuC7QXlVxZcB703Cq,Highlights,ZSFeVZad3gQ
PLnNotX5RheZhHCdJpuC7QXlVxZcB703Cq,Highlights,j7mCAPUWXLc
PLnNotX5RheZhHCdJpuC7QXlVxZcB703Cq,Highlights,AC4kMqxQHJ8
PLnNotX5RheZhHCdJpuC7QXlVxZcB703Cq,Highlights,DdGwTM7SjQQ
PLnNotX5RheZhHCdJpuC7QXlVxZcB703Cq,Highlights,0NVOpAReeMU
PLnNotX5RheZhHCdJpuC7QXlVxZcB703Cq,Highlights,69Tmx9zGLME
PLnNotX5RheZhHCdJpuC7QXlVxZcB703Cq,Highlights,bxZwiJ5tec0
PLnNotX5RheZhHCdJpuC7QXlVxZcB703Cq,Highlights,qXxm26CSoNU
PLnNotX5RheZhHCdJpuC7QXlVxZcB703Cq,Highlights,kXSLxRp3eLQ
PLnNotX5RheZhHCdJpuC7QXlVxZcB703Cq,Highlights,XaD8Vuks-HY
PLnNotX5RheZhHCdJpuC7QXlVxZcB703Cq,Highlights,V0KSImbeXEE
PLnNotX5RheZhHCdJpuC7QXlVxZcB703Cq,Highlights,LBBFk7fkQd4
PLnNotX5RheZhHCdJpuC7QXlVxZcB703Cq,Highlights,vyhc5R7i2ys
PLnNotX5RheZhHCdJpuC7QXlVxZcB703Cq,Highlights,8G8a0f75e1o
PLnNotX5RheZhHCdJpuC7QXlVxZcB703Cq,Highlights,XpyxI99zpoM
PLnNotX5RheZhHCdJpuC7QXlVxZcB703Cq,Highlights,4ytpYnCBcik
PLnNotX5RheZhHCdJpuC7QXlVxZcB703Cq,Highlights,hyn-5Zntko8
PLnNotX5RheZhHCdJpuC7QXlVxZcB703Cq,Highlights,LO6hVNQZBmc
PLnNotX5RheZhHCdJpuC7QXlVxZcB703Cq,Highlights,2dCrX9U2wgQ
PLnNotX5RheZhHCdJpuC7QXlVxZcB703Cq,Highlights,9MHfvUuI6xk
PLnNotX5RheZhHCdJpuC7QXlVxZcB703Cq,Highlights,XNaMzG2oCcQ
PLnNotX5RheZhHCdJpuC7QXlVxZcB703Cq,Highlights,TjU9atY8E4Q
PLnNotX5RheZhHCdJpuC7QXlVxZcB703Cq,Highlights,hJHXyO_tlmk
PLnNotX5RheZhHCdJpuC7QXlVxZcB703Cq,Highlights,eOaxhE2i23s
PLnNotX5RheZhHCdJpuC7QXlVxZcB703Cq,Highlights,4d6NoO-UDsY
PLnNotX5RheZhHCdJpuC7QXlVxZcB703Cq,Highlights,yn8AoEuLDw4
PLnNotX5RheZhHCdJpuC7QXlVxZcB703Cq,Highlights,ONtG73RpMpo
PLnNotX5RheZhHCdJpuC7QXlVxZcB703Cq,Highlights,staMOYOfypo
PLnNotX5RheZhHCdJpuC7QXlVxZcB703Cq,Highlights,XXSCOBnHoVs
PLnNotX5RheZhHCdJpuC7QXlVxZcB703Cq,Highlights,_37JrvvpKzw
PLnNotX5RheZhHCdJpuC7QXlVxZcB703Cq,Highlights,DdKmfe9cM-o
PLnNotX5RheZhHCdJpuC7QXlVxZcB703Cq,Highlights,zE_HMESPdaw
PLnNotX5RheZhHCdJpuC7QXlVxZcB703Cq,Highlights,Q9B2HClxR1I
PLnNotX5RheZhHCdJpuC7QXlVxZcB703Cq,Highlights,hs-WLkpnTvI
PLnNotX5RheZhHCdJpuC7QXlVxZcB703Cq,Highlights,c2tbVdFqKac
PLnNotX5RheZhHCdJpuC7QXlVxZcB703Cq,Highlights,21_OLi8Mhnw
PLnNotX5RheZhHCdJpuC7QXlVxZcB703Cq,Highlights,GlvNiuFzbM4
PLnNotX5RheZhHCdJpuC7QXlVxZcB703Cq,Highlights,r6BLynFZHdY
PLnNotX5RheZhHCdJpuC7QXlVxZcB703Cq,Highlights,Uthqa9feeEY
PLnNotX5RheZhHCdJpuC7QXlVxZcB703Cq,Highlights,EWdWrma9Oyg
PLnNotX5RheZhHCdJpuC7QXlVxZcB703Cq,Highlights,gXbrcS6FpMY
PLnNotX5RheZhHCdJpuC7QXlVxZcB703Cq,Highlights,ywjsp-_iQww
PLnNotX5RheZhHCdJpuC7QXlVxZcB703Cq,Highlights,YZduH1Is0vE
PLnNotX5RheZhHCdJpuC7QXlVxZcB703Cq,Highlights,11vwiI0C4c0
PLnNotX5RheZhHCdJpuC7QXlVxZcB703Cq,Highlights,Qp6bWPDBbEU
PLnNotX5RheZhHCdJpuC7QXlVxZcB703Cq,Highlights,lLjuLKvCBKo
PLnNotX5RheZhHCdJpuC7QXlVxZcB703Cq,Highlights,m55rmSKeIvE
PLnNotX5RheZhHCdJpuC7QXlVxZcB703Cq,Highlights,o_41oXqh9eU
PLnNotX5RheZhHCdJpuC7QXlVxZcB703Cq,Highlights,1JzOm9lvzlc
PLnNotX5RheZhHCdJpuC7QXlVxZcB703Cq,Highlights,XIuZvfC6OHQ
PLnNotX5RheZhHCdJpuC7QXlVxZcB703Cq,Highlights,2FCXL2diF5k
PLnNotX5RheZhHCdJpuC7QXlVxZcB703Cq,Highlights,M6azQrjHzZo
PLnNotX5RheZhHCdJpuC7QXlVxZcB703Cq,Highlights,yGFBjfqideQ
PLnNotX5RheZhHCdJpuC7QXlVxZcB703Cq,Highlights,dPyo2zf14JE
PLnNotX5RheZhHCdJpuC7QXlVxZcB703Cq,Highlights,lzvV76zBfog
PLnNotX5RheZhHCdJpuC7QXlVxZcB703Cq,Highlights,yOfoQjTLKQk
PLnNotX5RheZhHCdJpuC7QXlVxZcB703Cq,Highlights,acHP6OzG7YU
PLnNotX5RheZhHCdJpuC7QXlVxZcB703Cq,Highlights,-TtaFdhNIlE
PLnNotX5RheZhHCdJpuC7QXlVxZcB703Cq,Highlights,J3TCx_oyxUE
PLnNotX5RheZhHCdJpuC7QXlVxZcB703Cq,Highlights,uMa-PpHfCbQ
PLnNotX5RheZhHCdJpuC7QXlVxZcB703Cq,Highlights,4jK_ZeovBQ0
PLnNotX5RheZhHCdJpuC7QXlVxZcB703Cq,Highlights,BhgqqX8DlS0
PLnNotX5RheZhHCdJpuC7QXlVxZcB703Cq,Highlights,681WXZYHBqM
PLnNotX5RheZhHCdJpuC7QXlVxZcB703Cq,Highlights,jimUXgOCIqI
PLnNotX5RheZhHCdJpuC7QXlVxZcB703Cq,Highlights,LHXq2BYHY8o
PLnNotX5RheZhHCdJpuC7QXlVxZcB703Cq,Highlights,zuEiGi9ucLk
PLnNotX5RheZhHCdJpuC7QXlVxZcB703Cq,Highlights,bpS_V2KZfm8
PLnNotX5RheZhHCdJpuC7QXlVxZcB703Cq,Highlights,uZLABTt2F9I
PLnNotX5RheZhHCdJpuC7QXlVxZcB703Cq,Highlights,1v9x4A-RNTM
PLnNotX5RheZhHCdJpuC7QXlVxZcB703Cq,Highlights,WSY54R5hncI
PLnNotX5RheZhHCdJpuC7QXlVxZcB703Cq,Highlights,okD4Jn7IY9E
PLnNotX5RheZhHCdJpuC7QXlVxZcB703Cq,Highlights,A4MvGZVnLwA
PLnNotX5RheZhHCdJpuC7QXlVxZcB703Cq,Highlights,xT5_0TJT_Js
PLnNotX5RheZhHCdJpuC7QXlVxZcB703Cq,Highlights,PySldEIvahE
PLnNotX5RheZhHCdJpuC7QXlVxZcB703Cq,Highlights,_afdo77X_uo
PLnNotX5RheZhHCdJpuC7QXlVxZcB703Cq,Highlights,_afdo77X_uo
PLnNotX5RheZhHCdJpuC7QXlVxZcB703Cq,Highlights,k69ZtPf2JHI
PLnNotX5RheZhHCdJpuC7QXlVxZcB703Cq,Highlights,Ia_bzX_muUQ
PLnNotX5RheZhHCdJpuC7QXlVxZcB703Cq,Highlights,261hjisohtQ
PLnNotX5RheZhHCdJpuC7QXlVxZcB703Cq,Highlights,dGsFSv1aVC4
PLnNotX5RheZhHCdJpuC7QXlVxZcB703Cq,Highlights,02vEub82bGk
PLnNotX5RheZhHCdJpuC7QXlVxZcB703Cq,Highlights,0YaCpBI584E
PLnNotX5RheZhHCdJpuC7QXlVxZcB703Cq,Highlights,VKegudhj4ZA
PLnNotX5RheZhHCdJpuC7QXlVxZcB703Cq,Highlights,FWQ5iAlm1Cs
PLnNotX5RheZhHCdJpuC7QXlVxZcB703Cq,Highlights,LvjPpXk80CE
PLnNotX5RheZhHCdJpuC7QXlVxZcB703Cq,Highlights,0ca_amvMLEU
PLnNotX5RheZhHCdJpuC7QXlVxZcB703Cq,Highlights,teb03zOLiII
PLnNotX5RheZhHCdJpuC7QXlVxZcB703Cq,Highlights,Z7f6IU4ly34
PLnNotX5RheZhHCdJpuC7QXlVxZcB703Cq,Highlights,6P8PFdFPP60
PLnNotX5RheZhHCdJpuC7QXlVxZcB703Cq,Highlights,xRvMPksW6A4
PLnNotX5RheZhHCdJpuC7QXlVxZcB703Cq,Highlights,qrmQoXxGvCw
PLnNotX5RheZhHCdJpuC7QXlVxZcB703Cq,Highlights,nduQY5COajE
PLnNotX5RheZhHCdJpuC7QXlVxZcB703Cq,Highlights,Y-IfkE1U81I
PLnNotX5RheZhHCdJpuC7QXlVxZcB703Cq,Highlights,XXWYer4TNtc
PLnNotX5RheZhHCdJpuC7QXlVxZcB703Cq,Highlights,k_UXr8rHRbE
PLnNotX5RheZhHCdJpuC7QXlVxZcB703Cq,Highlights,dMKsaVNIT78
PLnNotX5RheZhHCdJpuC7QXlVxZcB703Cq,Highlights,3-z9MPafDwc
PLnNotX5RheZhHCdJpuC7QXlVxZcB703Cq,Highlights,OdU88Qs6OPI
PLnNotX5RheZhHCdJpuC7QXlVxZcB703Cq,Highlights,ZH9chzeBO1w
PLnNotX5RheZhHCdJpuC7QXlVxZcB703Cq,Highlights,spUXkgw9pDI
PLnNotX5RheZhHCdJpuC7QXlVxZcB703Cq,Highlights,TyGEWhXbjjQ
PLnNotX5RheZhHCdJpuC7QXlVxZcB703Cq,Highlights,oxJsTWtEIN4
PLnNotX5RheZhHCdJpuC7QXlVxZcB703Cq,Highlights,lMFwASNcE3s
PLnNotX5RheZhHCdJpuC7QXlVxZcB703Cq,Highlights,NGh9RWnTVuQ
PLnNotX5RheZhHCdJpuC7QXlVxZcB703Cq,Highlights,QszN34XlrPE
PLnNotX5RheZhHCdJpuC7QXlVxZcB703Cq,Highlights,K4PaexBqlqQ
PLnNotX5RheZhHCdJpuC7QXlVxZcB703Cq,Highlights,v_32jSbFLl4
PLnNotX5RheZhHCdJpuC7QXlVxZcB703Cq,Highlights,ZGGFV3ExgS4
PLnNotX5RheZhHCdJpuC7QXlVxZcB703Cq,Highlights,ZAx5okzX6Fo
PLnNotX5RheZhHCdJpuC7QXlVxZcB703Cq,Highlights,EYTl0b5nM-I
PLnNotX5RheZhHCdJpuC7QXlVxZcB703Cq,Highlights,40iEP3IhAVw
PLnNotX5RheZhHCdJpuC7QXlVxZcB703Cq,Highlights,gPcM3FoFAgk
PLnNotX5RheZhHCdJpuC7QXlVxZcB703Cq,Highlights,nZNMd3rI-zI
PLnNotX5RheZhHCdJpuC7QXlVxZcB703Cq,Highlights,hXDov-JDUc4
PLnNotX5RheZhHCdJpuC7QXlVxZcB703Cq,Highlights,eM9FNfrvScY
PLnNotX5RheZhHCdJpuC7QXlVxZcB703Cq,Highlights,xFT71znlGrQ
PLnNotX5RheZhHCdJpuC7QXlVxZcB703Cq,Highlights,pmvev5cHeI8
PLnNotX5RheZhHCdJpuC7QXlVxZcB703Cq,Highlights,ILD8aILLwVU
PLnNotX5RheZhHCdJpuC7QXlVxZcB703Cq,Highlights,ShUyR83BUjg
PLnNotX5RheZhHCdJpuC7QXlVxZcB703Cq,Highlights,MtokUnGN9Y8
PLnNotX5RheZhHCdJpuC7QXlVxZcB703Cq,Highlights,6GHHguGyFdY
PLnNotX5RheZhHCdJpuC7QXlVxZcB703Cq,Highlights,HX740dV1Sfo
PLnNotX5RheZhHCdJpuC7QXlVxZcB703Cq,Highlights,VU3RXnXlMxU
PLnNotX5RheZhHCdJpuC7QXlVxZcB703Cq,Highlights,I-2Ic1SWoIo
PLnNotX5RheZhHCdJpuC7QXlVxZcB703Cq,Highlights,XJMAZpSV9KA
PLnNotX5RheZhHCdJpuC7QXlVxZcB703Cq,Highlights,smc45ybg1g8
PLnNotX5RheZhHCdJpuC7QXlVxZcB703Cq,Highlights,iSqyBJfNTTY
PLnNotX5RheZhHCdJpuC7QXlVxZcB703Cq,Highlights,l--udTK-9w0
PLnNotX5RheZhHCdJpuC7QXlVxZcB703Cq,Highlights,3pOA2L9aF0A
PLnNotX5RheZhHCdJpuC7QXlVxZcB703Cq,Highlights,hi_NZ4-iMuo
PLnNotX5RheZhHCdJpuC7QXlVxZcB703Cq,Highlights,RGmrRtu5X48
PLnNotX5RheZhHCdJpuC7QXlVxZcB703Cq,Highlights,CjXcs6cXLmk
PLnNotX5RheZhHCdJpuC7QXlVxZcB703Cq,Highlights,GRF_u2Zv9cU
PLnNotX5RheZhHCdJpuC7QXlVxZcB703Cq,Highlights,r0jG9puAZR8
PLnNotX5RheZhHCdJpuC7QXlVxZcB703Cq,Highlights,w6ocg_AMVQ0
PLnNotX5RheZhHCdJpuC7QXlVxZcB703Cq,Highlights,akVX56nR4l0
PLnNotX5RheZhHCdJpuC7QXlVxZcB703Cq,Highlights,6kvTy9bHfyw
PLnNotX5RheZhHCdJpuC7QXlVxZcB703Cq,Highlights,lTQagGzigDY
PLnNotX5RheZhHCdJpuC7QXlVxZcB703Cq,Highlights,jquoebp1-k0
PLnNotX5RheZhHCdJpuC7QXlVxZcB703Cq,Highlights,8FulVF6f2uc
PLnNotX5RheZhHCdJpuC7QXlVxZcB703Cq,Highlights,_Rc6g_ACThw
PLnNotX5RheZhHCdJpuC7QXlVxZcB703Cq,Highlights,XZJ5LA2Gu54
PLnNotX5RheZhHCdJpuC7QXlVxZcB703Cq,Highlights,jdKxHTWlLs8
PLnNotX5RheZhHCdJpuC7QXlVxZcB703Cq,Highlights,tpckFvmCo5U
PLnNotX5RheZhHCdJpuC7QXlVxZcB703Cq,Highlights,60_Vmwyoy3g
PLnNotX5RheZhHCdJpuC7QXlVxZcB703Cq,Highlights,8_hy4r6pC0I
PLnNotX5RheZhHCdJpuC7QXlVxZcB703Cq,Highlights,WKua9JZ3dQc
PLnNotX5RheZhHCdJpuC7QXlVxZcB703Cq,Highlights,i0MbxhBpSwo
PLnNotX5RheZhHCdJpuC7QXlVxZcB703Cq,Highlights,QmCZzCtsx7g
PLnNotX5RheZhHCdJpuC7QXlVxZcB703Cq,Highlights,zwR_IZs8-Dg
PLnNotX5RheZhHCdJpuC7QXlVxZcB703Cq,Highlights,f7Pc_WO6PaE
PLnNotX5RheZhHCdJpuC7QXlVxZcB703Cq,Highlights,mVteN5OXyxU
PLnNotX5RheZhHCdJpuC7QXlVxZcB703Cq,Highlights,WSPjR6iu7u0
PLnNotX5RheZhHCdJpuC7QXlVxZcB703Cq,Highlights,CJocPfmi4fk
PLnNotX5RheZhHCdJpuC7QXlVxZcB703Cq,Highlights,Hf-cbmoHjI0
PLnNotX5RheZhHCdJpuC7QXlVxZcB703Cq,Highlights,HDYQZ-wFj48
PLnNotX5RheZhHCdJpuC7QXlVxZcB703Cq,Highlights,dFJuqI_93PU
PLnNotX5RheZhHCdJpuC7QXlVxZcB703Cq,Highlights,-f572MGtVJY
PLnNotX5RheZhHCdJpuC7QXlVxZcB703Cq,Highlights,2z6MJLiHWiE
PLnNotX5RheZhHCdJpuC7QXlVxZcB703Cq,Highlights,-3OMKWQ2G-4
PLnNotX5RheZhHCdJpuC7QXlVxZcB703Cq,Highlights,NK5PP5Bkfdc
PLnNotX5RheZhHCdJpuC7QXlVxZcB703Cq,Highlights,ei3xnWZxrj8
PLnNotX5RheZhHCdJpuC7QXlVxZcB703Cq,Highlights,cnh2osupDaU
PLnNotX5RheZhHCdJpuC7QXlVxZcB703Cq,Highlights,2S1i-UTl1DM
PLnNotX5RheZhHCdJpuC7QXlVxZcB703Cq,Highlights,lLDQrLMzUGg
PLnNotX5RheZhHCdJpuC7QXlVxZcB703Cq,Highlights,VCN6Q_3JFlc
PLnNotX5RheZhHCdJpuC7QXlVxZcB703Cq,Highlights,jpSFioPdkyw
PLnNotX5RheZhHCdJpuC7QXlVxZcB703Cq,Highlights,ftY5uC41tK8
PLnNotX5RheZhHCdJpuC7QXlVxZcB703Cq,Highlights,5dsmge65NXY
PLnNotX5RheZhHCdJpuC7QXlVxZcB703Cq,Highlights,DN_JXHGvffQ
PLnNotX5RheZhHCdJpuC7QXlVxZcB703Cq,Highlights,JIJL0MRMGqg
PLnNotX5RheZhHCdJpuC7QXlVxZcB703Cq,Highlights,tJazSs9sKGU
PLnNotX5RheZhHCdJpuC7QXlVxZcB703Cq,Highlights,TqVQR5CjWrw
PLnNotX5RheZhHCdJpuC7QXlVxZcB703Cq,Highlights,3fBDljnGs5Q
PLnNotX5RheZhHCdJpuC7QXlVxZcB703Cq,Highlights,J2s079NKm54
PLnNotX5RheZhHCdJpuC7QXlVxZcB703Cq,Highlights,gbZuMRB37yw
PLnNotX5RheZhHCdJpuC7QXlVxZcB703Cq,Highlights,SQZhhQ43f2o
PLnNotX5RheZhHCdJpuC7QXlVxZcB703Cq,Highlights,THP9W4OZDzI
PLnNotX5RheZhHCdJpuC7QXlVxZcB703Cq,Highlights,wgKNHnw_ndg
PLnNotX5RheZhHCdJpuC7QXlVxZcB703Cq,Highlights,vob-DHASdhg
PLnNotX5RheZhHCdJpuC7QXlVxZcB703Cq,Highlights,veM4SLxQEy0
PLnNotX5RheZhHCdJpuC7QXlVxZcB703Cq,Highlights,wfW7Bz2ujrU
PLnNotX5RheZhHCdJpuC7QXlVxZcB703Cq,Highlights,ThgI20TE9f0
PLnNotX5RheZhHCdJpuC7QXlVxZcB703Cq,Highlights,kPkE_SJdNTM
PLnNotX5RheZhHCdJpuC7QXlVxZcB703Cq,Highlights,pNlvXv8Wm0U
PLnNotX5RheZhHCdJpuC7QXlVxZcB703Cq,Highlights,jeJiyH-wOAA
PLnNotX5RheZhHCdJpuC7QXlVxZcB703Cq,Highlights,zXxp2dDJgjE
PLnNotX5RheZhHCdJpuC7QXlVxZcB703Cq,Highlights,zAELRpDO4pw
PLnNotX5RheZhHCdJpuC7QXlVxZcB703Cq,Highlights,NzPKcFNC2WM
PLnNotX5RheZhHCdJpuC7QXlVxZcB703Cq,Highlights,mImkoUTqCag
PLnNotX5RheZhHCdJpuC7QXlVxZcB703Cq,Highlights,Ga98_i42e04
PLnNotX5RheZhHCdJpuC7QXlVxZcB703Cq,Highlights,keNP-vJOci0
PLnNotX5RheZhHCdJpuC7QXlVxZcB703Cq,Highlights,IdVsH4R56k4
PLnNotX5RheZhHCdJpuC7QXlVxZcB703Cq,Highlights,U7QdmFS9FbY
PLnNotX5RheZhHCdJpuC7QXlVxZcB703Cq,Highlights,iYoPadDzjsM
PLnNotX5RheZhHCdJpuC7QXlVxZcB703Cq,Highlights,06Syl9GRDH0
PLnNotX5RheZhHCdJpuC7QXlVxZcB703Cq,Highlights,gtSVTHBbXb0
PLnNotX5RheZhHCdJpuC7QXlVxZcB703Cq,Highlights,rb5zwLn02_Q
PLnNotX5RheZhHCdJpuC7QXlVxZcB703Cq,Highlights,-GcOniwFymo
PLnNotX5RheZhHCdJpuC7QXlVxZcB703Cq,Highlights,IV8GKIp86Wg
PLnNotX5RheZhHCdJpuC7QXlVxZcB703Cq,Highlights,ip0xMpLts8s
PLnNotX5RheZhHCdJpuC7QXlVxZcB703Cq,Highlights,Y3W2MQ1HSIE
PLnNotX5RheZhHCdJpuC7QXlVxZcB703Cq,Highlights,lGcgvtNSBN8
PLnNotX5RheZhHCdJpuC7QXlVxZcB703Cq,Highlights,pgx260-hYoc
PLnNotX5RheZhHCdJpuC7QXlVxZcB703Cq,Highlights,BeoPW8Y0U8A
PLnNotX5RheZhHCdJpuC7QXlVxZcB703Cq,Highlights,wSUYFAkqJzQ
PLnNotX5RheZhHCdJpuC7QXlVxZcB703Cq,Highlights,qT6zGnvA8EI
PLnNotX5RheZhHCdJpuC7QXlVxZcB703Cq,Highlights,PYwnHzaGopc
PLnNotX5RheZhHCdJpuC7QXlVxZcB703Cq,Highlights,YEQRWlGFXIU
PLnNotX5RheZhHCdJpuC7QXlVxZcB703Cq,Highlights,FOFhUbNyDOA
PLnNotX5RheZhHCdJpuC7QXlVxZcB703Cq,Highlights,MzkVucy_c1s
PLnNotX5RheZhHCdJpuC7QXlVxZcB703Cq,Highlights,85DO20kl_qc
PLnNotX5RheZhHCdJpuC7QXlVxZcB703Cq,Highlights,3X2lZON_U6g
PLnNotX5RheZhHCdJpuC7QXlVxZcB703Cq,Highlights,Pg27wY3hiRE
PLnNotX5RheZhHCdJpuC7QXlVxZcB703Cq,Highlights,XmcsKxSHzNo
PLnNotX5RheZhHCdJpuC7QXlVxZcB703Cq,Highlights,n3mvzC9vCHM
PLnNotX5RheZhHCdJpuC7QXlVxZcB703Cq,Highlights,nOi1gII5d-I
PLnNotX5RheZhHCdJpuC7QXlVxZcB703Cq,Highlights,ZHjJkq6MG1Q
PLnNotX5RheZhHCdJpuC7QXlVxZcB703Cq,Highlights,eMPscgF_-V4
PLnNotX5RheZhHCdJpuC7QXlVxZcB703Cq,Highlights,8BoZjpO_YjA
PLnNotX5RheZhHCdJpuC7QXlVxZcB703Cq,Highlights,QOe-EM4HuX0
PLnNotX5RheZhHCdJpuC7QXlVxZcB703Cq,Highlights,EVaFivE1O2M
PLnNotX5RheZhHCdJpuC7QXlVxZcB703Cq,Highlights,qLLUyKE7MpU
PLnNotX5RheZhHCdJpuC7QXlVxZcB703Cq,Highlights,_O3E-X2FoyY
PLnNotX5RheZhHCdJpuC7QXlVxZcB703Cq,Highlights,Ka-J8TJ8oyg
PLnNotX5RheZhHCdJpuC7QXlVxZcB703Cq,Highlights,Irj9-a3oquE
PLnNotX5RheZhHCdJpuC7QXlVxZcB703Cq,Highlights,hlfbqBV9OkQ
PLnNotX5RheZhHCdJpuC7QXlVxZcB703Cq,Highlights,sEIkYn7HTm8
PLnNotX5RheZhHCdJpuC7QXlVxZcB703Cq,Highlights,CNT_8GFhDpU
PLnNotX5RheZhHCdJpuC7QXlVxZcB703Cq,Highlights,uY8XiPSGClQ
PLnNotX5RheZhHCdJpuC7QXlVxZcB703Cq,Highlights,dUnn0PL8cNQ
PLnNotX5RheZhHCdJpuC7QXlVxZcB703Cq,Highlights,RnXfg-aPLCY
PLnNotX5RheZhHCdJpuC7QXlVxZcB703Cq,Highlights,wfoS9LKEEAg
PLnNotX5RheZhHCdJpuC7QXlVxZcB703Cq,Highlights,4mXRAuyU7XI
PLnNotX5RheZhHCdJpuC7QXlVxZcB703Cq,Highlights,DRqwLaZAnr4
PLnNotX5RheZhHCdJpuC7QXlVxZcB703Cq,Highlights,emAUEK7i6oI
PLnNotX5RheZhHCdJpuC7QXlVxZcB703Cq,Highlights,tvHvfAeoaTA
PLnNotX5RheZhHCdJpuC7QXlVxZcB703Cq,Highlights,7y9tUUuSVkU
PLnNotX5RheZhHCdJpuC7QXlVxZcB703Cq,Highlights,pNNU1227qWY
PLnNotX5RheZhHCdJpuC7QXlVxZcB703Cq,Highlights,Z8hBFv7XqsI
PLnNotX5RheZhHCdJpuC7QXlVxZcB703Cq,Highlights,ZybKkEyAKiA
PLnNotX5RheZhHCdJpuC7QXlVxZcB703Cq,Highlights,h_9pPVGtQNw
PLnNotX5RheZhHCdJpuC7QXlVxZcB703Cq,Highlights,qPF5tkLGzww
PLnNotX5RheZhHCdJpuC7QXlVxZcB703Cq,Highlights,bcO21m1EDT4
PLnNotX5RheZhHCdJpuC7QXlVxZcB703Cq,Highlights,6NUo7BHv184
PLnNotX5RheZhHCdJpuC7QXlVxZcB703Cq,Highlights,CuMLAf1JZdk
PLnNotX5RheZhHCdJpuC7QXlVxZcB703Cq,Highlights,HnnwzQL3Vxo
PLnNotX5RheZhHCdJpuC7QXlVxZcB703Cq,Highlights,anjlyVvUnxU
PLnNotX5RheZhHCdJpuC7QXlVxZcB703Cq,Highlights,UKvttACcEH0
PLnNotX5RheZhHCdJpuC7QXlVxZcB703Cq,Highlights,4T4wuapWzDE
PLnNotX5RheZhHCdJpuC7QXlVxZcB703Cq,Highlights,oIClBo55DrQ
PLnNotX5RheZhHCdJpuC7QXlVxZcB703Cq,Highlights,4kvDmqAfk3k
PLnNotX5RheZhHCdJpuC7QXlVxZcB703Cq,Highlights,v7tkuBbBr4s
PLnNotX5RheZhHCdJpuC7QXlVxZcB703Cq,Highlights,Gua4FCRrfUQ
PLnNotX5RheZhHCdJpuC7QXlVxZcB703Cq,Highlights,HRLzXLbHePU
PLnNotX5RheZhHCdJpuC7QXlVxZcB703Cq,Highlights,AaN7xYaZt40
PLnNotX5RheZhHCdJpuC7QXlVxZcB703Cq,Highlights,Sg8MWZDUf5I
PLnNotX5RheZhHCdJpuC7QXlVxZcB703Cq,Highlights,9JqADtQnD5A
PLnNotX5RheZhHCdJpuC7QXlVxZcB703Cq,Highlights,kvaqqvnTWHQ
PLnNotX5RheZhHCdJpuC7QXlVxZcB703Cq,Highlights,uwGmUo2bM60
PLnNotX5RheZhHCdJpuC7QXlVxZcB703Cq,Highlights,EJvOr8NTs2k
PLnNotX5RheZhHCdJpuC7QXlVxZcB703Cq,Highlights,u6MYpd5pyOU
PLnNotX5RheZhHCdJpuC7QXlVxZcB703Cq,Highlights,tSd-0qtj9JI
PLnNotX5RheZhHCdJpuC7QXlVxZcB703Cq,Highlights,rhTcqSiPKZk
PLnNotX5RheZhHCdJpuC7QXlVxZcB703Cq,Highlights,bzISF6yfWDA
PLnNotX5RheZhHCdJpuC7QXlVxZcB703Cq,Highlights,keGNoN4Ay5c
PLnNotX5RheZhHCdJpuC7QXlVxZcB703Cq,Highlights,YXvyJStKkCg
PLnNotX5RheZhHCdJpuC7QXlVxZcB703Cq,Highlights,YUtUkU20TbU
PLnNotX5RheZhHCdJpuC7QXlVxZcB703Cq,Highlights,_jDcHB1bQws
PLnNotX5RheZhHCdJpuC7QXlVxZcB703Cq,Highlights,KHMBrS7URq8
PLnNotX5RheZhHCdJpuC7QXlVxZcB703Cq,Highlights,NyR4NRZsWsQ
PLnNotX5RheZhHCdJpuC7QXlVxZcB703Cq,Highlights,En5k0AFtcQk
PLnNotX5RheZhHCdJpuC7QXlVxZcB703Cq,Highlights,bLVA6xmkW1k
PLnNotX5RheZhHCdJpuC7QXlVxZcB703Cq,Highlights,uLjeOlrDZuA
PLnNotX5RheZhHCdJpuC7QXlVxZcB703Cq,Highlights,lzweGKKpmyA
PLnNotX5RheZhHCdJpuC7QXlVxZcB703Cq,Highlights,Qoq3Ebj0rTU
PLnNotX5RheZhHCdJpuC7QXlVxZcB703Cq,Highlights,otzXWphy1L0
PLnNotX5RheZhHCdJpuC7QXlVxZcB703Cq,Highlights,Sg8MWZDUf5I
PLnNotX5RheZhHCdJpuC7QXlVxZcB703Cq,Highlights,9JqADtQnD5A
PLnNotX5RheZhHCdJpuC7QXlVxZcB703Cq,Highlights,uwGmUo2bM60
PLnNotX5RheZhHCdJpuC7QXlVxZcB703Cq,Highlights,EJvOr8NTs2k
PLnNotX5RheZhHCdJpuC7QXlVxZcB703Cq,Highlights,u6MYpd5pyOU
PLnNotX5RheZhHCdJpuC7QXlVxZcB703Cq,Highlights,rhTcqSiPKZk
PLnNotX5RheZhHCdJpuC7QXlVxZcB703Cq,Highlights,bzISF6yfWDA
PLnNotX5RheZhHCdJpuC7QXlVxZcB703Cq,Highlights,keGNoN4Ay5c
PLnNotX5RheZhHCdJpuC7QXlVxZcB703Cq,Highlights,YUtUkU20TbU
PLnNotX5RheZhHCdJpuC7QXlVxZcB703Cq,Highlights,_jDcHB1bQws
PLnNotX5RheZhHCdJpuC7QXlVxZcB703Cq,Highlights,KHMBrS7URq8
PLnNotX5RheZhHCdJpuC7QXlVxZcB703Cq,Highlights,NyR4NRZsWsQ
PLnNotX5RheZhHCdJpuC7QXlVxZcB703Cq,Highlights,En5k0AFtcQk
PLnNotX5RheZhHCdJpuC7QXlVxZcB703Cq,Highlights,bLVA6xmkW1k
PLnNotX5RheZhHCdJpuC7QXlVxZcB703Cq,Highlights,lzweGKKpmyA
PLnNotX5RheZhHCdJpuC7QXlVxZcB703Cq,Highlights,otzXWphy1L0
PLnNotX5RheZhHCdJpuC7QXlVxZcB703Cq,Highlights,jNVz-f9tbJM
PLnNotX5RheZhHCdJpuC7QXlVxZcB703Cq,Highlights,mJ3lAoWXAD0
PLnNotX5RheZhHCdJpuC7QXlVxZcB703Cq,Highlights,ZP6lsk5vjoo
PLnNotX5RheZhHCdJpuC7QXlVxZcB703Cq,Highlights,5-u-JMSzO2o
PLnNotX5RheZhHCdJpuC7QXlVxZcB703Cq,Highlights,jM3Qqd5_2Pc
PLnNotX5RheZhHCdJpuC7QXlVxZcB703Cq,Highlights,AdTXLqQWpYM
PLnNotX5RheZhHCdJpuC7QXlVxZcB703Cq,Highlights,9-po0DOhBQs
PLnNotX5RheZhHCdJpuC7QXlVxZcB703Cq,Highlights,juRKAufc3yE
PLnNotX5RheZhHCdJpuC7QXlVxZcB703Cq,Highlights,7IcQP318VUI
PLnNotX5RheZhHCdJpuC7QXlVxZcB703Cq,Highlights,P3H05sF0soo
PLnNotX5RheZhHCdJpuC7QXlVxZcB703Cq,Highlights,qPbe9tz0c6E
PLnNotX5RheZhHCdJpuC7QXlVxZcB703Cq,Highlights,5zDVy3FXFQ8
PLnNotX5RheZhHCdJpuC7QXlVxZcB703Cq,Highlights,IMo189vRWOQ
PLnNotX5RheZhHCdJpuC7QXlVxZcB703Cq,Highlights,CgXg92z2xB4
PLnNotX5RheZhHCdJpuC7QXlVxZcB703Cq,Highlights,g8kOJ9SYgI0
PLnNotX5RheZhHCdJpuC7QXlVxZcB703Cq,Highlights,_kqG_uM1g6M
PLnNotX5RheZhHCdJpuC7QXlVxZcB703Cq,Highlights,15muRd9VR2s
PLnNotX5RheZhHCdJpuC7QXlVxZcB703Cq,Highlights,YKiH4glafsY
PLnNotX5RheZhHCdJpuC7QXlVxZcB703Cq,Highlights,c-gjTcIJMBM
PLnNotX5RheZhHCdJpuC7QXlVxZcB703Cq,Highlights,mqMxfe2qZ0g
PLnNotX5RheZhHCdJpuC7QXlVxZcB703Cq,Highlights,WI2bmMLCHPo
PLnNotX5RheZhHCdJpuC7QXlVxZcB703Cq,Highlights,w6hu4qdM8-0
PLnNotX5RheZhHCdJpuC7QXlVxZcB703Cq,Highlights,mRH3JQ_Axm4
PLnNotX5RheZhHCdJpuC7QXlVxZcB703Cq,Highlights,0kkCzQp5p30
PLnNotX5RheZhHCdJpuC7QXlVxZcB703Cq,Highlights,by3W1F9f2kk
PLnNotX5RheZhHCdJpuC7QXlVxZcB703Cq,Highlights,BwNfpujGirk
PLnNotX5RheZhHCdJpuC7QXlVxZcB703Cq,Highlights,1lA8kukf_q4
PLnNotX5RheZhHCdJpuC7QXlVxZcB703Cq,Highlights,5fKLF-iz1xg
PLnNotX5RheZhHCdJpuC7QXlVxZcB703Cq,Highlights,SME_lvoBvuw
PLnNotX5RheZhHCdJpuC7QXlVxZcB703Cq,Highlights,7rGVq84Pez0
PLnNotX5RheZhHCdJpuC7QXlVxZcB703Cq,Highlights,x4PIrfspc80
PLnNotX5RheZhHCdJpuC7QXlVxZcB703Cq,Highlights,eQylP-oSNdg
PLnNotX5RheZhHCdJpuC7QXlVxZcB703Cq,Highlights,aAMHU0fe6oA
PLnNotX5RheZhHCdJpuC7QXlVxZcB703Cq,Highlights,KYL0qEFK47E
PLnNotX5RheZhHCdJpuC7QXlVxZcB703Cq,Highlights,ff8VZHNeD9k
PLnNotX5RheZhHCdJpuC7QXlVxZcB703Cq,Highlights,vPg5SQ5vNAQ
PLnNotX5RheZhbMUJLsfA4AAE_o8c8Z3vq,Major News,2lXp-1yFbJE
PLnNotX5RheZhbMUJLsfA4AAE_o8c8Z3vq,Major News,hJZK1TUdMyA
PLnNotX5RheZhbMUJLsfA4AAE_o8c8Z3vq,Major News,4rW5Yl1VVlY
PLnNotX5RheZhbMUJLsfA4AAE_o8c8Z3vq,Major News,e1vupK8Lmxk
PLnNotX5RheZhbMUJLsfA4AAE_o8c8Z3vq,Major News,pOzZ_nA1Vu4
PLnNotX5RheZhbMUJLsfA4AAE_o8c8Z3vq,Major News,ndwzzn6Y1hc
PLnNotX5RheZhbMUJLsfA4AAE_o8c8Z3vq,Major News,54uYp3aI-Ys
PLnNotX5RheZhbMUJLsfA4AAE_o8c8Z3vq,Major News,CrwSXY2_Xsk
PLnNotX5RheZhbMUJLsfA4AAE_o8c8Z3vq,Major News,hfLfy7RiB5w
PLnNotX5RheZhbMUJLsfA4AAE_o8c8Z3vq,Major News,OCeqJxdPloM
PLnNotX5RheZhbMUJLsfA4AAE_o8c8Z3vq,Major News,XhPFBRyOX44
PLnNotX5RheZhbMUJLsfA4AAE_o8c8Z3vq,Major News,-Cq5GQ7fAXY
PLnNotX5RheZhbMUJLsfA4AAE_o8c8Z3vq,Major News,O5pFPYxikdE
PLnNotX5RheZhbMUJLsfA4AAE_o8c8Z3vq,Major News,3BRzdfy9QQU
PLnNotX5RheZhbMUJLsfA4AAE_o8c8Z3vq,Major News,izaAc3xRGa8
PLnNotX5RheZhbMUJLsfA4AAE_o8c8Z3vq,Major News,BHSxRtznVTY
PLnNotX5RheZhbMUJLsfA4AAE_o8c8Z3vq,Major News,yk7QT1TjGyI
PLnNotX5RheZhbMUJLsfA4AAE_o8c8Z3vq,Major News,7MUxeZaIaVk
PLnNotX5RheZhbMUJLsfA4AAE_o8c8Z3vq,Major News,58QeeEy1WSo
PLnNotX5RheZhbMUJLsfA4AAE_o8c8Z3vq,Major News,bedgC9qVfR0
PLnNotX5RheZhbMUJLsfA4AAE_o8c8Z3vq,Major News,TkQOoieVbF0
PLnNotX5RheZhbMUJLsfA4AAE_o8c8Z3vq,Major News,KJc5lnTzGd0
PLnNotX5RheZhbMUJLsfA4AAE_o8c8Z3vq,Major News,viDW-W4h104
PLnNotX5RheZhbMUJLsfA4AAE_o8c8Z3vq,Major News,BdWpN3d37gE
PLnNotX5RheZhbMUJLsfA4AAE_o8c8Z3vq,Major News,-fWVRTYdV6c
PLnNotX5RheZhbMUJLsfA4AAE_o8c8Z3vq,Major News,dwfVUczlp70
PLnNotX5RheZhbMUJLsfA4AAE_o8c8Z3vq,Major News,ll98BoKkLX8
PLnNotX5RheZhbMUJLsfA4AAE_o8c8Z3vq,Major News,ZqH9UR_PkR4
PLnNotX5RheZhbMUJLsfA4AAE_o8c8Z3vq,Major News,cFvyt1xFOxQ
PLnNotX5RheZhbMUJLsfA4AAE_o8c8Z3vq,Major News,oClS8WSByrw
PLnNotX5RheZhbMUJLsfA4AAE_o8c8Z3vq,Major News,QOe-EM4HuX0
PLnNotX5RheZhbMUJLsfA4AAE_o8c8Z3vq,Major News,p9gTzej07Gw
PLnNotX5RheZhbMUJLsfA4AAE_o8c8Z3vq,Major News,QEIsSfwaRcw
PLnNotX5RheZhbMUJLsfA4AAE_o8c8Z3vq,Major News,wfoS9LKEEAg
PLnNotX5RheZhbMUJLsfA4AAE_o8c8Z3vq,Major News,wTJd883hWkg
PLnNotX5RheZhbMUJLsfA4AAE_o8c8Z3vq,Major News,F__XT1uNiK0
PLnNotX5RheZhbMUJLsfA4AAE_o8c8Z3vq,Major News,pjhjYP0Ty_s
PLnNotX5RheZhbMUJLsfA4AAE_o8c8Z3vq,Major News,sk0wR5DQqZ8
PLnNotX5RheZhbMUJLsfA4AAE_o8c8Z3vq,Major News,bzISF6yfWDA
PLnNotX5RheZhbMUJLsfA4AAE_o8c8Z3vq,Major News,NfGvrmkFKtw
PLnNotX5RheZhbMUJLsfA4AAE_o8c8Z3vq,Major News,u6-_JJV0U6o
PLnNotX5RheZhbMUJLsfA4AAE_o8c8Z3vq,Major News,lsQsN8MmYCw
PLnNotX5RheZhbMUJLsfA4AAE_o8c8Z3vq,Major News,E-FyZoz2ajc
PLnNotX5RheZhbMUJLsfA4AAE_o8c8Z3vq,Major News,ZP6lsk5vjoo
PLnNotX5RheZhbMUJLsfA4AAE_o8c8Z3vq,Major News,9orlmaRKH0s
PLnNotX5RheZhbMUJLsfA4AAE_o8c8Z3vq,Major News,jM3Qqd5_2Pc
PLnNotX5RheZhbMUJLsfA4AAE_o8c8Z3vq,Major News,E0Rxac6N_YI
PLnNotX5RheZhbMUJLsfA4AAE_o8c8Z3vq,Major News,1AgR3uibTeI
PLnNotX5RheZhbMUJLsfA4AAE_o8c8Z3vq,Major News,j0guEqZXPWI
PLnNotX5RheZhbMUJLsfA4AAE_o8c8Z3vq,Major News,JmxEnua2kZA
PLnNotX5RheZhbMUJLsfA4AAE_o8c8Z3vq,Major News,7IcQP318VUI
PLnNotX5RheZhbMUJLsfA4AAE_o8c8Z3vq,Major News,qPbe9tz0c6E
PLnNotX5RheZhbMUJLsfA4AAE_o8c8Z3vq,Major News,yhy45ikRBhI
PLnNotX5RheZhbMUJLsfA4AAE_o8c8Z3vq,Major News,TI28RgJql2E
PLnNotX5RheZhbMUJLsfA4AAE_o8c8Z3vq,Major News,apu2H_p-zTc
PLnNotX5RheZhbMUJLsfA4AAE_o8c8Z3vq,Major News,nUtlnGXPh7I
PLnNotX5RheZhbMUJLsfA4AAE_o8c8Z3vq,Major News,HhpZNA7Xg-w
PLnNotX5RheZhbMUJLsfA4AAE_o8c8Z3vq,Major News,CgXg92z2xB4
PLnNotX5RheZhbMUJLsfA4AAE_o8c8Z3vq,Major News,n1kePD0-ymI
PLnNotX5RheZhbMUJLsfA4AAE_o8c8Z3vq,Major News,ypQmxb_xZIs
PLnNotX5RheZhbMUJLsfA4AAE_o8c8Z3vq,Major News,-OjM0LbO59o
PLnNotX5RheZhbMUJLsfA4AAE_o8c8Z3vq,Major News,eWz1ymxV0kY
PLnNotX5RheZhbMUJLsfA4AAE_o8c8Z3vq,Major News,CGQLTVxkMc4
PLnNotX5RheZhbMUJLsfA4AAE_o8c8Z3vq,Major News,-6nUViQt51I
PLnNotX5RheZhbMUJLsfA4AAE_o8c8Z3vq,Major News,N3E5MLgHB7g
PLnNotX5RheZhbMUJLsfA4AAE_o8c8Z3vq,Major News,0kkCzQp5p30
PLnNotX5RheZhbMUJLsfA4AAE_o8c8Z3vq,Major News,IT5EmEeATLU
PLnNotX5RheZhbMUJLsfA4AAE_o8c8Z3vq,Major News,ChsyaxtKsDs
PLnNotX5RheZhbMUJLsfA4AAE_o8c8Z3vq,Major News,u4uh_OKH86Y
PLnNotX5RheZhbMUJLsfA4AAE_o8c8Z3vq,Major News,7FQczI4jKkc
PLnNotX5RheZhbMUJLsfA4AAE_o8c8Z3vq,Major News,f8hJoSBQDsI
PLnNotX5RheZhbMUJLsfA4AAE_o8c8Z3vq,Major News,_YqE5bOHHy8
PLnNotX5RheZhbMUJLsfA4AAE_o8c8Z3vq,Major News,qRFfNwxsjrE
PLnNotX5RheZhbMUJLsfA4AAE_o8c8Z3vq,Major News,uFICS1XAoD8
PLnNotX5RheZhbMUJLsfA4AAE_o8c8Z3vq,Major News,sqq-oi9d8HU
PLnNotX5RheZhbMUJLsfA4AAE_o8c8Z3vq,Major News,TdeXeiuAWCc
PLnNotX5RheZhbMUJLsfA4AAE_o8c8Z3vq,Major News,weqCCSDhTT4
PLnNotX5RheZhbMUJLsfA4AAE_o8c8Z3vq,Major News,yy1PucnJGGk
PLnNotX5RheZhbMUJLsfA4AAE_o8c8Z3vq,Major News,fRrfz5KoFmM
PLnNotX5RheZhbMUJLsfA4AAE_o8c8Z3vq,Major News,LaW4bgHuQAQ
PLnNotX5RheZhbMUJLsfA4AAE_o8c8Z3vq,Major News,2HkipzmDV1g
PLnNotX5RheZhbMUJLsfA4AAE_o8c8Z3vq,Major News,2k0IfqHRSG0
PLnNotX5RheZhbMUJLsfA4AAE_o8c8Z3vq,Major News,UoA_3PAy_8g
PLnNotX5RheZhbMUJLsfA4AAE_o8c8Z3vq,Major News,4JiG8E64JsE
PLnNotX5RheZhbMUJLsfA4AAE_o8c8Z3vq,Major News,L-EgF5jFeSg
PLnNotX5RheZhbMUJLsfA4AAE_o8c8Z3vq,Major News,zJstqe6T9ro
PLnNotX5RheZhbMUJLsfA4AAE_o8c8Z3vq,Major News,lhl6FVH7x9c
PLnNotX5RheZhbMUJLsfA4AAE_o8c8Z3vq,Major News,czwdnHFXuHg
PLnNotX5RheZhbMUJLsfA4AAE_o8c8Z3vq,Major News,G55ZfKMGj70
PLnNotX5RheZhmqL5RFHanQAZ2-S7PQC4o,BMO Stadium,IT5EmEeATLU
PLnNotX5RheZhmqL5RFHanQAZ2-S7PQC4o,BMO Stadium,f8hJoSBQDsI
PLnNotX5RheZhmqL5RFHanQAZ2-S7PQC4o,BMO Stadium,EZP7m0-qpGA
PLnNotX5RheZhmqL5RFHanQAZ2-S7PQC4o,BMO Stadium,uOiGs1cf7h0
PLnNotX5RheZhmqL5RFHanQAZ2-S7PQC4o,BMO Stadium,aZpzijsJVj4
PLnNotX5RheZhmqL5RFHanQAZ2-S7PQC4o,BMO Stadium,5pAcMzxh2F0
PLnNotX5RheZhmqL5RFHanQAZ2-S7PQC4o,BMO Stadium,lQRf_W6JNfM
PLnNotX5RheZhmqL5RFHanQAZ2-S7PQC4o,BMO Stadium,kAVpM_JYMp0
PLnNotX5RheZhmqL5RFHanQAZ2-S7PQC4o,BMO Stadium,X0CJTmQoI5M
PLnNotX5RheZhmqL5RFHanQAZ2-S7PQC4o,BMO Stadium,0EkVIsbZ_dY
PLnNotX5RheZhmqL5RFHanQAZ2-S7PQC4o,BMO Stadium,gdRDyQ2Khds
PLnNotX5RheZhmqL5RFHanQAZ2-S7PQC4o,BMO Stadium,Yoayr8G8EVU
PLnNotX5RheZhmqL5RFHanQAZ2-S7PQC4o,BMO Stadium,cKP520w-s6o
PLnNotX5RheZhmqL5RFHanQAZ2-S7PQC4o,BMO Stadium,GRocdjDYVZY
PLnNotX5RheZhmqL5RFHanQAZ2-S7PQC4o,BMO Stadium,U0wCKVMaEAY
PLnNotX5RheZhmqL5RFHanQAZ2-S7PQC4o,BMO Stadium,tBMSW8JG4aA
PLnNotX5RheZhmqL5RFHanQAZ2-S7PQC4o,BMO Stadium,-6nUViQt51I
PLnNotX5RheZhmqL5RFHanQAZ2-S7PQC4o,BMO Stadium,eWz1ymxV0kY
PLnNotX5RheZhmqL5RFHanQAZ2-S7PQC4o,BMO Stadium,kNkuaqJ-ueo
PLnNotX5RheZhmqL5RFHanQAZ2-S7PQC4o,BMO Stadium,wZzC3dUfGJs
PLnNotX5RheZhmqL5RFHanQAZ2-S7PQC4o,BMO Stadium,P-uW14ySZ4U
PLnNotX5RheZhmqL5RFHanQAZ2-S7PQC4o,BMO Stadium,9psD3adFnk8
PLnNotX5RheZhmqL5RFHanQAZ2-S7PQC4o,BMO Stadium,jNkBgGLnz7s
PLnNotX5RheZhmqL5RFHanQAZ2-S7PQC4o,BMO Stadium,3LMi4HY60Io
PLnNotX5RheZhmqL5RFHanQAZ2-S7PQC4o,BMO Stadium,YXCrrOxRqdA
PLnNotX5RheZhmqL5RFHanQAZ2-S7PQC4o,BMO Stadium,Zaq-S635c7c
PLnNotX5RheZhmqL5RFHanQAZ2-S7PQC4o,BMO Stadium,h0rlZVsGWYA
PLnNotX5RheZhmqL5RFHanQAZ2-S7PQC4o,BMO Stadium,wKAyfwcHHw0
PLnNotX5RheZhmqL5RFHanQAZ2-S7PQC4o,BMO Stadium,hgFP0ZnUoew
PLnNotX5RheZhmqL5RFHanQAZ2-S7PQC4o,BMO Stadium,udv6QFI1b5g
PLnNotX5RheZhmqL5RFHanQAZ2-S7PQC4o,BMO Stadium,_-rcFXCuRuE
PLnNotX5RheZhmqL5RFHanQAZ2-S7PQC4o,BMO Stadium,-VNiMlWSEhI
PLnNotX5RheZhmqL5RFHanQAZ2-S7PQC4o,BMO Stadium,RVW-Eqv_JXk
PLnNotX5RheZhmqL5RFHanQAZ2-S7PQC4o,BMO Stadium,Zcjdl2vGFxY
PLnNotX5RheZhmqL5RFHanQAZ2-S7PQC4o,BMO Stadium,7Uo4i0KvQ4o
PLnNotX5RheZhmqL5RFHanQAZ2-S7PQC4o,BMO Stadium,c9TOVjPyHsw
PLnNotX5RheZhmqL5RFHanQAZ2-S7PQC4o,BMO Stadium,Jk4Z5Vr-vsc
PLnNotX5RheZhmqL5RFHanQAZ2-S7PQC4o,BMO Stadium,ofEz99TzlmU
PLnNotX5RheZhmqL5RFHanQAZ2-S7PQC4o,BMO Stadium,kbCa5S83F18
PLnNotX5RheZhmqL5RFHanQAZ2-S7PQC4o,BMO Stadium,0OaAIRV818o
PLnNotX5RheZhmqL5RFHanQAZ2-S7PQC4o,BMO Stadium,5aMTLN1vIsE
PLnNotX5RheZhmqL5RFHanQAZ2-S7PQC4o,BMO Stadium,v5EGTBpQ5DQ
PLnNotX5RheZhmqL5RFHanQAZ2-S7PQC4o,BMO Stadium,cFvyt1xFOxQ
PLnNotX5RheZhmqL5RFHanQAZ2-S7PQC4o,BMO Stadium,QEpol_Pv2Gg
PLnNotX5RheZhmqL5RFHanQAZ2-S7PQC4o,BMO Stadium,-TnjnRX9eSs
PLnNotX5RheZhmqL5RFHanQAZ2-S7PQC4o,BMO Stadium,QWnmvrtx1io
PLnNotX5RheZhmqL5RFHanQAZ2-S7PQC4o,BMO Stadium,c-j_43spAr4
PLnNotX5RheZhmqL5RFHanQAZ2-S7PQC4o,BMO Stadium,HnaYIT8Meyo
PLnNotX5RheZhmqL5RFHanQAZ2-S7PQC4o,BMO Stadium,vqGmX38--BE
PLnNotX5RheZhmqL5RFHanQAZ2-S7PQC4o,BMO Stadium,FQB68zMAeWs
PLnNotX5RheZhmqL5RFHanQAZ2-S7PQC4o,BMO Stadium,GYEl3iiN0vQ
PLnNotX5RheZhmqL5RFHanQAZ2-S7PQC4o,BMO Stadium,B3XGHXCKAuQ
PLnNotX5RheZhmqL5RFHanQAZ2-S7PQC4o,BMO Stadium,aTewlj6Zfwo
PLnNotX5RheZhmqL5RFHanQAZ2-S7PQC4o,BMO Stadium,QBmWS6lm84M
PLnNotX5RheZhmqL5RFHanQAZ2-S7PQC4o,BMO Stadium,znrGvxw3WIg
PLnNotX5RheZhmqL5RFHanQAZ2-S7PQC4o,BMO Stadium,RnOQsGLduAE
PLnNotX5RheZhmqL5RFHanQAZ2-S7PQC4o,BMO Stadium,MzNzYmQA2Yg
PLnNotX5RheZhmqL5RFHanQAZ2-S7PQC4o,BMO Stadium,oc9JroYK-lY
PLnNotX5RheZhmqL5RFHanQAZ2-S7PQC4o,BMO Stadium,6NGAGb-vFgE
PLnNotX5RheZhmqL5RFHanQAZ2-S7PQC4o,BMO Stadium,sBuhZKv-EWY
PLnNotX5RheZhmqL5RFHanQAZ2-S7PQC4o,BMO Stadium,g_dL3VlCujE
PLnNotX5RheZhmqL5RFHanQAZ2-S7PQC4o,BMO Stadium,-4GYq6jm2tA
PLnNotX5RheZhmqL5RFHanQAZ2-S7PQC4o,BMO Stadium,8F8kMcm8Ap8
PLnNotX5RheZhmqL5RFHanQAZ2-S7PQC4o,BMO Stadium,ahmqzOEO6uc
PLnNotX5RheZhmqL5RFHanQAZ2-S7PQC4o,BMO Stadium,IPCRfixtYG8
PLnNotX5RheZhmqL5RFHanQAZ2-S7PQC4o,BMO Stadium,mSViiFY1Zbo
PLnNotX5RheZhmqL5RFHanQAZ2-S7PQC4o,BMO Stadium,S4uyZjL63js
PLnNotX5RheZhmqL5RFHanQAZ2-S7PQC4o,BMO Stadium,-3HYK3fFnlE
PLnNotX5RheZhmqL5RFHanQAZ2-S7PQC4o,BMO Stadium,u7l6z0lOSdU
PLnNotX5RheZhmqL5RFHanQAZ2-S7PQC4o,BMO Stadium,UGObvYClcpI
PLnNotX5RheZhmqL5RFHanQAZ2-S7PQC4o,BMO Stadium,zENGaov3nks
PLnNotX5RheZhmqL5RFHanQAZ2-S7PQC4o,BMO Stadium,T1yyyAH4Y0w
PLnNotX5RheZhmqL5RFHanQAZ2-S7PQC4o,BMO Stadium,6du-MZkK160
PLnNotX5RheZhmqL5RFHanQAZ2-S7PQC4o,BMO Stadium,tvDp6ndFBtU
PLnNotX5RheZhmqL5RFHanQAZ2-S7PQC4o,BMO Stadium,It68Xg2oNB8
PLnNotX5RheZhmqL5RFHanQAZ2-S7PQC4o,BMO Stadium,vEejya66qwo
PLnNotX5RheZhmqL5RFHanQAZ2-S7PQC4o,BMO Stadium,KRveNAYoJRY
PLnNotX5RheZhmqL5RFHanQAZ2-S7PQC4o,BMO Stadium,tqqBwQcXdUs
PLnNotX5RheZhmqL5RFHanQAZ2-S7PQC4o,BMO Stadium,_k4OzGgryO0
PLnNotX5RheZhmqL5RFHanQAZ2-S7PQC4o,BMO Stadium,ADy0wTzzRsA
PLnNotX5RheZhmqL5RFHanQAZ2-S7PQC4o,BMO Stadium,9NVbIN_bg0Q
PLnNotX5RheZhmqL5RFHanQAZ2-S7PQC4o,BMO Stadium,GQpk9e4voaY
PLnNotX5RheZhmqL5RFHanQAZ2-S7PQC4o,BMO Stadium,fYqznxjd3qA
PLnNotX5RheZhmqL5RFHanQAZ2-S7PQC4o,BMO Stadium,w1A44p8aTUI
PLnNotX5RheZhmqL5RFHanQAZ2-S7PQC4o,BMO Stadium,3EGlRsLlOIE
PLnNotX5RheZhmqL5RFHanQAZ2-S7PQC4o,BMO Stadium,b5udwcs_Iu0
PLnNotX5RheZhmqL5RFHanQAZ2-S7PQC4o,BMO Stadium,r0jG9puAZR8
PLnNotX5RheZhmqL5RFHanQAZ2-S7PQC4o,BMO Stadium,jXV_GKtuGjo
PLnNotX5RheZhmqL5RFHanQAZ2-S7PQC4o,BMO Stadium,kAYfQ-l01I4
PLnNotX5RheZhmqL5RFHanQAZ2-S7PQC4o,BMO Stadium,Q2fZ_25JUB8
PLnNotX5RheZhmqL5RFHanQAZ2-S7PQC4o,BMO Stadium,xgcOIq6Cmis
PLnNotX5RheZhmqL5RFHanQAZ2-S7PQC4o,BMO Stadium,0CgryQZi9hE
PLnNotX5RheZhmqL5RFHanQAZ2-S7PQC4o,BMO Stadium,FzIKvS4C_aw
PLnNotX5RheZhmqL5RFHanQAZ2-S7PQC4o,BMO Stadium,38uskIUCuak
PLnNotX5RheZhmqL5RFHanQAZ2-S7PQC4o,BMO Stadium,1YdyxVvyGlE
PLnNotX5RheZhmqL5RFHanQAZ2-S7PQC4o,BMO Stadium,SkXc6sT1yC4
PLnNotX5RheZhmqL5RFHanQAZ2-S7PQC4o,BMO Stadium,sJeTll9g7ro
PLnNotX5RheZhmqL5RFHanQAZ2-S7PQC4o,BMO Stadium,dMKsaVNIT78
PLnNotX5RheZhmqL5RFHanQAZ2-S7PQC4o,BMO Stadium,gj6wXHowsks
PLnNotX5RheZhmqL5RFHanQAZ2-S7PQC4o,BMO Stadium,tdtd1Guz-XM
PLnNotX5RheZhmqL5RFHanQAZ2-S7PQC4o,BMO Stadium,4lgMNkxw034
PLnNotX5RheZhmqL5RFHanQAZ2-S7PQC4o,BMO Stadium,wNPJlzSnqC0
PLnNotX5RheZhmqL5RFHanQAZ2-S7PQC4o,BMO Stadium,PzPkrOA6kPE
PLnNotX5RheZhmqL5RFHanQAZ2-S7PQC4o,BMO Stadium,dGsFSv1aVC4
PLnNotX5RheZhmqL5RFHanQAZ2-S7PQC4o,BMO Stadium,fWL8Tktp2ww
PLnNotX5RheZhmqL5RFHanQAZ2-S7PQC4o,BMO Stadium,ZOgDEKvMfbg
PLnNotX5RheZhmqL5RFHanQAZ2-S7PQC4o,BMO Stadium,A-qNJQdkke4
PLnNotX5RheZhmqL5RFHanQAZ2-S7PQC4o,BMO Stadium,FhQc-38rCfc
PLnNotX5RheZhmqL5RFHanQAZ2-S7PQC4o,BMO Stadium,SskHep0Krgw
PLnNotX5RheZhmqL5RFHanQAZ2-S7PQC4o,BMO Stadium,8f2ZKmKT4v4
PLnNotX5RheZhmqL5RFHanQAZ2-S7PQC4o,BMO Stadium,poVf4jbckAk
PLnNotX5RheZhmqL5RFHanQAZ2-S7PQC4o,BMO Stadium,Gc6UiqxAMmw
PLnNotX5RheZhmqL5RFHanQAZ2-S7PQC4o,BMO Stadium,tuQURs7YZ0c
PLnNotX5RheZhmqL5RFHanQAZ2-S7PQC4o,BMO Stadium,nW0QuEMlCyw
PLnNotX5RheZhmqL5RFHanQAZ2-S7PQC4o,BMO Stadium,IUKDiOY-efA
PLnNotX5RheZhmqL5RFHanQAZ2-S7PQC4o,BMO Stadium,cGGEs-UF6os
PLnNotX5RheZhmqL5RFHanQAZ2-S7PQC4o,BMO Stadium,Xf1v6_zdb6k
PLnNotX5RheZhmqL5RFHanQAZ2-S7PQC4o,BMO Stadium,947gNYunnHw
PLnNotX5RheZhmqL5RFHanQAZ2-S7PQC4o,BMO Stadium,yKb37Z60tc0
PLnNotX5RheZhmqL5RFHanQAZ2-S7PQC4o,BMO Stadium,8zv5S8R0Z8Q
PLnNotX5RheZhmqL5RFHanQAZ2-S7PQC4o,BMO Stadium,jomiv1k_gsg
PLnNotX5RheZhmqL5RFHanQAZ2-S7PQC4o,BMO Stadium,uSb3o8rDUvs
PLnNotX5RheZhmqL5RFHanQAZ2-S7PQC4o,BMO Stadium,YR7eG8DJCDs
PLnNotX5RheZhmqL5RFHanQAZ2-S7PQC4o,BMO Stadium,H1EJVk7HmUU
PLnNotX5RheZhmqL5RFHanQAZ2-S7PQC4o,BMO Stadium,duwx_-Zu_yA
PLnNotX5RheZhmqL5RFHanQAZ2-S7PQC4o,BMO Stadium,3Ow1folGjmc
PLnNotX5RheZhmqL5RFHanQAZ2-S7PQC4o,BMO Stadium,Qfw-0aanPFA
PLnNotX5RheZhmqL5RFHanQAZ2-S7PQC4o,BMO Stadium,bxZwiJ5tec0
PLnNotX5RheZhmqL5RFHanQAZ2-S7PQC4o,BMO Stadium,6-W2WvuEoBs
PLnNotX5RheZhmqL5RFHanQAZ2-S7PQC4o,BMO Stadium,q9xrYAusdq4
PLnNotX5RheZhmqL5RFHanQAZ2-S7PQC4o,BMO Stadium,J8likWlNICM
PLnNotX5RheZhmqL5RFHanQAZ2-S7PQC4o,BMO Stadium,akINKYSm4IE
PLnNotX5RheZhmqL5RFHanQAZ2-S7PQC4o,BMO Stadium,chuVHY53s88
PLnNotX5RheZhmqL5RFHanQAZ2-S7PQC4o,BMO Stadium,CRtSTodP09Q
PLnNotX5RheZhmqL5RFHanQAZ2-S7PQC4o,BMO Stadium,FTIaH-kpzCM
PLnNotX5RheZhmqL5RFHanQAZ2-S7PQC4o,BMO Stadium,HSFbcJU51lA
PLnNotX5RheZhmqL5RFHanQAZ2-S7PQC4o,BMO Stadium,fkNDpeZO3mE
PLnNotX5RheZhmqL5RFHanQAZ2-S7PQC4o,BMO Stadium,mV-dWaQXWDE
